weather year EST hour beginning,Solar Shape (Normalized),NYISO (NYC Zone) Historical Day Ahead Energy Price ($/MWh),NYISO (NYC Zone) Real Time Energy Price ($/MWh)
2023-01-01 00:00:00,0,33.29,29.45083333
2023-01-01 01:00:00,0,30.18,35.08583333
2023-01-01 02:00:00,0,29.68,30.22333333
2023-01-01 03:00:00,0,29.2,34.6025
2023-01-01 04:00:00,0,29.29,32.74
2023-01-01 05:00:00,0,29.55,29.94083333
2023-01-01 06:00:00,0,32.53,20.4475
2023-01-01 07:00:00,0.04650000000000001,32.65,23.58833333
2023-01-01 08:00:00,0.2325,33.52,23.7225
2023-01-01 09:00:00,0.39990000000000003,34.09,23.12166667
2023-01-01 10:00:00,0.5115000000000001,34.34,21.22333333
2023-01-01 11:00:00,0.558,34.34,19.36833333
2023-01-01 12:00:00,0.5115000000000001,34.04,20.4125
2023-01-01 13:00:00,0.465,32.63,26.12166667
2023-01-01 14:00:00,0.3627,32.7,26.99916667
2023-01-01 15:00:00,0.2232,32.04,29.13666667
2023-01-01 16:00:00,0.0651,42.01,26.9425
2023-01-01 17:00:00,0,48.98,28.46166667
2023-01-01 18:00:00,0,42.56,29.0825
2023-01-01 19:00:00,0,38.69,29.21833333
2023-01-01 20:00:00,0,34.34,30.12833333
2023-01-01 21:00:00,0,33.59,27.44166667
2023-01-01 22:00:00,0,32.94,29.50333333
2023-01-01 23:00:00,0,32.71,32.9875
2023-01-02 00:00:00,0,32.34,28.2725
2023-01-02 01:00:00,0,29.81,23.83583333
2023-01-02 02:00:00,0,28.55,21.27083333
2023-01-02 03:00:00,0,28.28,25.06083333
2023-01-02 04:00:00,0,28.88,24.905
2023-01-02 05:00:00,0,29.38,25.41166667
2023-01-02 06:00:00,0,34.01,18.475
2023-01-02 07:00:00,0.04650000000000001,35.55,23.06916667
2023-01-02 08:00:00,0.25110000000000005,35.4,28.3075
2023-01-02 09:00:00,0.4464,34.71,29.03833333
2023-01-02 10:00:00,0.5673,33.84,30.27333333
2023-01-02 11:00:00,0.6324000000000001,33.46,31.045
2023-01-02 12:00:00,0.6324000000000001,33.4,36.2625
2023-01-02 13:00:00,0.5766,33.08,33.8475
2023-01-02 14:00:00,0.4557,33.53,35.5975
2023-01-02 15:00:00,0.29760000000000003,35,33.4475
2023-01-02 16:00:00,0.09300000000000001,42.18,36.11083333
2023-01-02 17:00:00,0,50.48,111.3733333
2023-01-02 18:00:00,0,46.12,38.35416667
2023-01-02 19:00:00,0,42.49,31.17166667
2023-01-02 20:00:00,0,37.57,33.51583333
2023-01-02 21:00:00,0,33.98,30.1525
2023-01-02 22:00:00,0,33.98,30.92916667
2023-01-02 23:00:00,0,35.5,30.93666667
2023-01-03 00:00:00,0,31.27,30.65333333
2023-01-03 01:00:00,0,30.15,27.92916667
2023-01-03 02:00:00,0,28.33,24.685
2023-01-03 03:00:00,0,27.27,25.0425
2023-01-03 04:00:00,0,28.36,27.45416667
2023-01-03 05:00:00,0,30.67,27.48416667
2023-01-03 06:00:00,0,36.42,34.4075
2023-01-03 07:00:00,0.037200000000000004,41.31,43.60083333
2023-01-03 08:00:00,0.2325,42.05,44.855
2023-01-03 09:00:00,0.41850000000000004,41.31,45.48916667
2023-01-03 10:00:00,0.5115000000000001,40.1,46.69416667
2023-01-03 11:00:00,0.5766,40.13,86.5725
2023-01-03 12:00:00,0.5952000000000001,40.48,50.1675
2023-01-03 13:00:00,0.5394,41.12,38.825
2023-01-03 14:00:00,0.4371,38.74,42.57428571
2023-01-03 15:00:00,0.29760000000000003,41.37,43.55
2023-01-03 16:00:00,0.09300000000000001,48.39,43.39666667
2023-01-03 17:00:00,0,56.27,44.33333333
2023-01-03 18:00:00,0,51.45,41.9475
2023-01-03 19:00:00,0,46.1,39.92083333
2023-01-03 20:00:00,0,38.12,38.675
2023-01-03 21:00:00,0,34.56,34.46666667
2023-01-03 22:00:00,0,33.06,34.58166667
2023-01-03 23:00:00,0,32.82,31.53583333
2023-01-04 00:00:00,0,32.72,25.72916667
2023-01-04 01:00:00,0,29.69,20.875
2023-01-04 02:00:00,0,27.51,24.35333333
2023-01-04 03:00:00,0,26.84,24.81333333
2023-01-04 04:00:00,0,27.13,24.00833333
2023-01-04 05:00:00,0,28.73,31.27
2023-01-04 06:00:00,0,36.61,32.25583333
2023-01-04 07:00:00,0.0279,41.73,33.59583333
2023-01-04 08:00:00,0.18600000000000003,42.74,32.92833333
2023-01-04 09:00:00,0.3441,40.33,33.475
2023-01-04 10:00:00,0.48360000000000003,37.63,34.24583333
2023-01-04 11:00:00,0.5394,37.67,33.3675
2023-01-04 12:00:00,0.5394,37.82,32.12333333
2023-01-04 13:00:00,0.48360000000000003,38.16,31.458
2023-01-04 14:00:00,0.3906,37.88,29.63833333
2023-01-04 15:00:00,0.2697,40.01,27.12357143
2023-01-04 16:00:00,0.0837,45.86,33.07916667
2023-01-04 17:00:00,0,57.32,33.98166667
2023-01-04 18:00:00,0,49.47,32.66
2023-01-04 19:00:00,0,43.82,30.02833333
2023-01-04 20:00:00,0,39.2,29.13166667
2023-01-04 21:00:00,0,37.17,28.97
2023-01-04 22:00:00,0,34.95,27.525
2023-01-04 23:00:00,0,34.39,26.325
2023-01-05 00:00:00,0,29.1,23.21666667
2023-01-05 01:00:00,0,26.12,22.75166667
2023-01-05 02:00:00,0,25.01,23.3825
2023-01-05 03:00:00,0,25,23.28
2023-01-05 04:00:00,0,25.41,21.83083333
2023-01-05 05:00:00,0,26.98,21.255
2023-01-05 06:00:00,0,31.7,26.155
2023-01-05 07:00:00,0.04650000000000001,36.01,25.98416667
2023-01-05 08:00:00,0.24180000000000001,37.12,27.95583333
2023-01-05 09:00:00,0.4371,38.31,28.67083333
2023-01-05 10:00:00,0.5673,36.13,34.72416667
2023-01-05 11:00:00,0.6231000000000001,36.34,30.53266667
2023-01-05 12:00:00,0.6324000000000001,36,29.72230769
2023-01-05 13:00:00,0.5952000000000001,36.21,30.12833333
2023-01-05 14:00:00,0.48360000000000003,36.13,29.45
2023-01-05 15:00:00,0.31620000000000004,36.17,32.1525
2023-01-05 16:00:00,0.1023,42.89,39.41833333
2023-01-05 17:00:00,0,51.86,101.6241667
2023-01-05 18:00:00,0,45.47,39.87083333
2023-01-05 19:00:00,0,38.28,35.1525
2023-01-05 20:00:00,0,36.55,32.79166667
2023-01-05 21:00:00,0,34.61,47.0425
2023-01-05 22:00:00,0,32.09,33.45416667
2023-01-05 23:00:00,0,31.1,30.1475
2023-01-06 00:00:00,0,33.09,36.18071429
2023-01-06 01:00:00,0,31.51,34.345
2023-01-06 02:00:00,0,30.03,33.2175
2023-01-06 03:00:00,0,29.85,33.735
2023-01-06 04:00:00,0,29.87,35.79666667
2023-01-06 05:00:00,0,32.41,36.6475
2023-01-06 06:00:00,0,38.59,39.36833333
2023-01-06 07:00:00,0.04650000000000001,47.07,42.66833333
2023-01-06 08:00:00,0.24180000000000001,50.67,41.89357143
2023-01-06 09:00:00,0.41850000000000004,48.57,84.365
2023-01-06 10:00:00,0.5487,47.87,65.63583333
2023-01-06 11:00:00,0.6045,47.42,46.15833333
2023-01-06 12:00:00,0.6045,45.88,44.98692308
2023-01-06 13:00:00,0.5487,44.68,44.44583333
2023-01-06 14:00:00,0.4278,45.11,41.03333333
2023-01-06 15:00:00,0.2697,47.28,34.77416667
2023-01-06 16:00:00,0.09300000000000001,57.14,42.37583333
2023-01-06 17:00:00,0,67.64,47.5175
2023-01-06 18:00:00,0,57.52,43.8225
2023-01-06 19:00:00,0,52.4,36.53833333
2023-01-06 20:00:00,0,48.14,35.5
2023-01-06 21:00:00,0,43.66,39.5175
2023-01-06 22:00:00,0,40.32,38.78833333
2023-01-06 23:00:00,0,39.11,32.45583333
2023-01-07 00:00:00,0,39.88,35.52583333
2023-01-07 01:00:00,0,38.15,36.75083333
2023-01-07 02:00:00,0,35.7,35.22166667
2023-01-07 03:00:00,0,34.79,35.3575
2023-01-07 04:00:00,0,35.32,37.7325
2023-01-07 05:00:00,0,36.55,33.58333333
2023-01-07 06:00:00,0,42.27,34.53
2023-01-07 07:00:00,0.037200000000000004,43.39,43.8825
2023-01-07 08:00:00,0.24180000000000001,47.27,42.93333333
2023-01-07 09:00:00,0.41850000000000004,45.9,53.73416667
2023-01-07 10:00:00,0.5487,47.2,56.75928571
2023-01-07 11:00:00,0.6138,47.18,41.7825
2023-01-07 12:00:00,0.6231000000000001,46.88,38.36666667
2023-01-07 13:00:00,0.5859000000000001,46.04,36.23166667
2023-01-07 14:00:00,0.48360000000000003,46.8,36.42833333
2023-01-07 15:00:00,0.31620000000000004,47.32,33.44166667
2023-01-07 16:00:00,0.1116,55.78,38.79416667
2023-01-07 17:00:00,0,74.33,40.08916667
2023-01-07 18:00:00,0,70.02,36.78
2023-01-07 19:00:00,0,60.29,36.1875
2023-01-07 20:00:00,0,52.23,35.80333333
2023-01-07 21:00:00,0,50.18,36.98666667
2023-01-07 22:00:00,0,47.92,37.3575
2023-01-07 23:00:00,0,49,34.8175
2023-01-08 00:00:00,0,42.89,39.43583333
2023-01-08 01:00:00,0,41.26,33.51416667
2023-01-08 02:00:00,0,39.56,30.7225
2023-01-08 03:00:00,0,38.96,31.41916667
2023-01-08 04:00:00,0,39.05,29.75416667
2023-01-08 05:00:00,0,41.08,32.8375
2023-01-08 06:00:00,0,44.04,31.265
2023-01-08 07:00:00,0.0279,45.7,32.06333333
2023-01-08 08:00:00,0.2046,44.11,32.68
2023-01-08 09:00:00,0.37200000000000005,43.09,32.09166667
2023-01-08 10:00:00,0.48360000000000003,40.18,32.985
2023-01-08 11:00:00,0.5394,38.13,33.29333333
2023-01-08 12:00:00,0.5208,36.89,33.68583333
2023-01-08 13:00:00,0.4557,37.03,35.48083333
2023-01-08 14:00:00,0.35340000000000005,38.99,36.51333333
2023-01-08 15:00:00,0.2232,41.14,37.7475
2023-01-08 16:00:00,0.07440000000000001,48.1,93.01083333
2023-01-08 17:00:00,0,67.83,42.76083333
2023-01-08 18:00:00,0,62.32,41.28083333
2023-01-08 19:00:00,0,55.09,40.91333333
2023-01-08 20:00:00,0,48.18,40.51583333
2023-01-08 21:00:00,0,44.26,39.6325
2023-01-08 22:00:00,0,42.42,39.84083333
2023-01-08 23:00:00,0,42.76,34.77333333
2023-01-09 00:00:00,0,42.44,34.38083333
2023-01-09 01:00:00,0,39.56,33.52416667
2023-01-09 02:00:00,0,37.08,32.05833333
2023-01-09 03:00:00,0,36.45,34.54833333
2023-01-09 04:00:00,0,37.17,30.50666667
2023-01-09 05:00:00,0,40.23,31.69
2023-01-09 06:00:00,0,52.21,33.18333333
2023-01-09 07:00:00,0.037200000000000004,59.37,38.16166667
2023-01-09 08:00:00,0.2139,56.19,36.58833333
2023-01-09 09:00:00,0.3813,52.18,35.62230769
2023-01-09 10:00:00,0.49290000000000006,45.23,39.96666667
2023-01-09 11:00:00,0.5301,43.47,39.38583333
2023-01-09 12:00:00,0.49290000000000006,41.28,37.85166667
2023-01-09 13:00:00,0.4278,40.57,35.34416667
2023-01-09 14:00:00,0.35340000000000005,40.89,37.14416667
2023-01-09 15:00:00,0.2325,44.27,38.825
2023-01-09 16:00:00,0.0837,57.48,42.91916667
2023-01-09 17:00:00,0,75.39,51.4375
2023-01-09 18:00:00,0,66.99,45.79666667
2023-01-09 19:00:00,0,60.16,39.46416667
2023-01-09 20:00:00,0,51.27,41.01666667
2023-01-09 21:00:00,0,46.62,38.80083333
2023-01-09 22:00:00,0,43.28,36.57833333
2023-01-09 23:00:00,0,45.53,31.32083333
2023-01-10 00:00:00,0,38.98,32.77071429
2023-01-10 01:00:00,0,36.85,27.805
2023-01-10 02:00:00,0,35.78,23.52071429
2023-01-10 03:00:00,0,35,26.8475
2023-01-10 04:00:00,0,35.21,41.67083333
2023-01-10 05:00:00,0,37.37,46.55583333
2023-01-10 06:00:00,0,52.98,56.53333333
2023-01-10 07:00:00,0.04650000000000001,64.7,82.78333333
2023-01-10 08:00:00,0.24180000000000001,61.12,58.52
2023-01-10 09:00:00,0.4278,50.72,67.85642857
2023-01-10 10:00:00,0.558,43.08,67.62266667
2023-01-10 11:00:00,0.6231000000000001,40.99,72.68285714
2023-01-10 12:00:00,0.5952000000000001,39.67,61.67833333
2023-01-10 13:00:00,0.5301,38.95,53.34416667
2023-01-10 14:00:00,0.4557,39.33,52.93916667
2023-01-10 15:00:00,0.3069,41.36,53.34916667
2023-01-10 16:00:00,0.1116,47.88,54.725
2023-01-10 17:00:00,0,76.82,55.80357143
2023-01-10 18:00:00,0,67.21,52.35166667
2023-01-10 19:00:00,0,50.12,53.58166667
2023-01-10 20:00:00,0,43.76,55.46916667
2023-01-10 21:00:00,0,42.84,55.54916667
2023-01-10 22:00:00,0,40.49,51.27083333
2023-01-10 23:00:00,0,39.75,49.2025
2023-01-11 00:00:00,0,44.65,44.30714286
2023-01-11 01:00:00,0,41.41,39.2475
2023-01-11 02:00:00,0,40.16,37.6225
2023-01-11 03:00:00,0,40.83,38.53666667
2023-01-11 04:00:00,0,41.41,40.71416667
2023-01-11 05:00:00,0,44.57,51.1325
2023-01-11 06:00:00,0,56.48,61.95916667
2023-01-11 07:00:00,0.04650000000000001,67.47,200.8670588
2023-01-11 08:00:00,0.2325,62.43,1184.698235
2023-01-11 09:00:00,0.4278,55.26,218.21
2023-01-11 10:00:00,0.558,50,47.70166667
2023-01-11 11:00:00,0.6138,48.06,45.13083333
2023-01-11 12:00:00,0.5952000000000001,46.46,43.3775
2023-01-11 13:00:00,0.5301,46.46,43.26916667
2023-01-11 14:00:00,0.4278,46.46,46.38333333
2023-01-11 15:00:00,0.2883,49.62,47.04166667
2023-01-11 16:00:00,0.1023,59.23,58.95416667
2023-01-11 17:00:00,0,74.64,58.54583333
2023-01-11 18:00:00,0,64.51,97.07333333
2023-01-11 19:00:00,0,58.7,61.94583333
2023-01-11 20:00:00,0,52.84,53.095
2023-01-11 21:00:00,0,49.97,47.02333333
2023-01-11 22:00:00,0,46.46,56.74
2023-01-11 23:00:00,0,50.97,66.00785714
2023-01-12 00:00:00,0,43.85,48.78833333
2023-01-12 01:00:00,0,42.5,43.6275
2023-01-12 02:00:00,0,38.21,49.67333333
2023-01-12 03:00:00,0,38.04,42.89583333
2023-01-12 04:00:00,0,38.22,47.85583333
2023-01-12 05:00:00,0,42.38,60.62833333
2023-01-12 06:00:00,0,51.12,61.59
2023-01-12 07:00:00,0.0279,59.34,50.175
2023-01-12 08:00:00,0.1674,55.24,50.52285714
2023-01-12 09:00:00,0.31620000000000004,51.57,54.28333333
2023-01-12 10:00:00,0.4278,47.49,53.08166667
2023-01-12 11:00:00,0.5115000000000001,46.54,45.02
2023-01-12 12:00:00,0.5487,45.15,40.92916667
2023-01-12 13:00:00,0.5394,44.29,39.12333333
2023-01-12 14:00:00,0.4557,44.14,44.47583333
2023-01-12 15:00:00,0.3069,45.49,56.84166667
2023-01-12 16:00:00,0.12090000000000001,50.8,44.1825
2023-01-12 17:00:00,0,63.31,43.81583333
2023-01-12 18:00:00,0,56.88,39.20833333
2023-01-12 19:00:00,0,48.97,40.79166667
2023-01-12 20:00:00,0,45.71,47.52583333
2023-01-12 21:00:00,0,43.48,39.9225
2023-01-12 22:00:00,0,39.34,33.01583333
2023-01-12 23:00:00,0,40.5,33.11583333
2023-01-13 00:00:00,0,36.24,25.67416667
2023-01-13 01:00:00,0,31.38,30.16166667
2023-01-13 02:00:00,0,30.62,28.98666667
2023-01-13 03:00:00,0,29.93,27.84333333
2023-01-13 04:00:00,0,30.28,29.345
2023-01-13 05:00:00,0,31.31,28.25083333
2023-01-13 06:00:00,0,37.36,30.07916667
2023-01-13 07:00:00,0.0279,42.03,32.45
2023-01-13 08:00:00,0.1674,42.23,32.84333333
2023-01-13 09:00:00,0.29760000000000003,39.8,36.44833333
2023-01-13 10:00:00,0.4278,40.08,37.139375
2023-01-13 11:00:00,0.5115000000000001,39.71,37.55166667
2023-01-13 12:00:00,0.5487,38.37,37.90916667
2023-01-13 13:00:00,0.5301,37.39,37.4075
2023-01-13 14:00:00,0.4371,37.56,36.74833333
2023-01-13 15:00:00,0.29760000000000003,38.29,36.02166667
2023-01-13 16:00:00,0.12090000000000001,43.2,36.14583333
2023-01-13 17:00:00,0,57.55,40.32666667
2023-01-13 18:00:00,0,47.2,38.1925
2023-01-13 19:00:00,0,41.96,35.11083333
2023-01-13 20:00:00,0,40.05,33.92666667
2023-01-13 21:00:00,0,38.46,33.37666667
2023-01-13 22:00:00,0,36.34,33.5475
2023-01-13 23:00:00,0,36.15,32.15833333
2023-01-14 00:00:00,0,40.7,29.06083333
2023-01-14 01:00:00,0,37.21,32.555
2023-01-14 02:00:00,0,35.56,31.77083333
2023-01-14 03:00:00,0,35.12,34.14083333
2023-01-14 04:00:00,0,35.72,30.09583333
2023-01-14 05:00:00,0,38.26,31.71416667
2023-01-14 06:00:00,0,42.57,27.91
2023-01-14 07:00:00,0.04650000000000001,46.95,30.08
2023-01-14 08:00:00,0.279,49.23,41.72857143
2023-01-14 09:00:00,0.48360000000000003,51.42,43.69583333
2023-01-14 10:00:00,0.6324000000000001,52.25,92.46166667
2023-01-14 11:00:00,0.7068000000000001,50.24,149.5758333
2023-01-14 12:00:00,0.7161000000000001,49.23,84.43416667
2023-01-14 13:00:00,0.6603,49.18,82.23416667
2023-01-14 14:00:00,0.5394,49.05,76.07833333
2023-01-14 15:00:00,0.37200000000000005,54.5,67.6
2023-01-14 16:00:00,0.14880000000000002,66.44,51.275
2023-01-14 17:00:00,0,79.88,62.09714286
2023-01-14 18:00:00,0,74.22,73.59166667
2023-01-14 19:00:00,0,67.1,73.43916667
2023-01-14 20:00:00,0,62.08,71.91666667
2023-01-14 21:00:00,0,58.65,54.45083333
2023-01-14 22:00:00,0,56.08,54.445
2023-01-14 23:00:00,0,51.21,62.325
2023-01-15 00:00:00,0,57.03,54.77666667
2023-01-15 01:00:00,0,53.53,57.09333333
2023-01-15 02:00:00,0,53.41,54.2025
2023-01-15 03:00:00,0,51.31,42.57083333
2023-01-15 04:00:00,0,51.7,40.8075
2023-01-15 05:00:00,0,52.84,42.32666667
2023-01-15 06:00:00,0,58.09,55.355
2023-01-15 07:00:00,0.037200000000000004,59.77,52.8825
2023-01-15 08:00:00,0.2046,62.05,71.47666667
2023-01-15 09:00:00,0.35340000000000005,60.04,54.12666667
2023-01-15 10:00:00,0.47430000000000005,51.48,62.75692308
2023-01-15 11:00:00,0.5115000000000001,47.99,50.26066667
2023-01-15 12:00:00,0.5115000000000001,46.52,43.48833333
2023-01-15 13:00:00,0.48360000000000003,42.69,43.225
2023-01-15 14:00:00,0.3906,44,42.609375
2023-01-15 15:00:00,0.2604,47.86,46.515
2023-01-15 16:00:00,0.1023,67.9,59.32333333
2023-01-15 17:00:00,0,84.41,62.47533333
2023-01-15 18:00:00,0,80.36,69.175
2023-01-15 19:00:00,0,71.4,56.4475
2023-01-15 20:00:00,0,63.16,54.3125
2023-01-15 21:00:00,0,62,68.50333333
2023-01-15 22:00:00,0,57.73,57.92083333
2023-01-15 23:00:00,0,57.13,64.31666667
2023-01-16 00:00:00,0,55.42,54.92333333
2023-01-16 01:00:00,0,53.42,53.68666667
2023-01-16 02:00:00,0,51.79,39.02416667
2023-01-16 03:00:00,0,51.52,37.28416667
2023-01-16 04:00:00,0,53.5,35.70833333
2023-01-16 05:00:00,0,56.62,39.665
2023-01-16 06:00:00,0,64.67,54.37666667
2023-01-16 07:00:00,0.018600000000000002,77.45,54.43583333
2023-01-16 08:00:00,0.1302,73.34,51.45833333
2023-01-16 09:00:00,0.2883,64.12,49.17416667
2023-01-16 10:00:00,0.4557,54.8,45.40071429
2023-01-16 11:00:00,0.5394,48.84,49.71416667
2023-01-16 12:00:00,0.5487,47.78,41.68083333
2023-01-16 13:00:00,0.49290000000000006,46.86,39.48833333
2023-01-16 14:00:00,0.39990000000000003,47.14,39.95666667
2023-01-16 15:00:00,0.2604,48.81,50.02083333
2023-01-16 16:00:00,0.1023,62.29,49.22833333
2023-01-16 17:00:00,0,85.7,51.94333333
2023-01-16 18:00:00,0,77.58,52.90083333
2023-01-16 19:00:00,0,68.39,54.49083333
2023-01-16 20:00:00,0,61.46,52.725
2023-01-16 21:00:00,0,58.94,39.55583333
2023-01-16 22:00:00,0,54.87,38.25083333
2023-01-16 23:00:00,0,54.39,40.03083333
2023-01-17 00:00:00,0,51.64,41.14
2023-01-17 01:00:00,0,48.9,39.045
2023-01-17 02:00:00,0,45.53,39.4475
2023-01-17 03:00:00,0,45.53,39.685
2023-01-17 04:00:00,0,47.36,39.06083333
2023-01-17 05:00:00,0,50,49.555
2023-01-17 06:00:00,0,60.99,57.82666667
2023-01-17 07:00:00,0.037200000000000004,76.91,64.05714286
2023-01-17 08:00:00,0.2046,67.35,66.9525
2023-01-17 09:00:00,0.37200000000000005,55.78,48.37
2023-01-17 10:00:00,0.465,52.14,53.09333333
2023-01-17 11:00:00,0.48360000000000003,49.06,52.53285714
2023-01-17 12:00:00,0.4092,48.58,46.88
2023-01-17 13:00:00,0.3069,47.45,46.29
2023-01-17 14:00:00,0.2046,47.59,48.6575
2023-01-17 15:00:00,0.12090000000000001,52.35,49.655
2023-01-17 16:00:00,0.037200000000000004,58.26,57.73666667
2023-01-17 17:00:00,0,68.9,60.33
2023-01-17 18:00:00,0,63.14,56.96666667
2023-01-17 19:00:00,0,57.95,54.08166667
2023-01-17 20:00:00,0,53.32,51.65
2023-01-17 21:00:00,0,51.98,55.33166667
2023-01-17 22:00:00,0,50.07,53.805
2023-01-17 23:00:00,0,46.93,51.56714286
2023-01-18 00:00:00,0,45.5,43.4775
2023-01-18 01:00:00,0,43.59,41.53583333
2023-01-18 02:00:00,0,42.42,39.07083333
2023-01-18 03:00:00,0,41.94,38.28083333
2023-01-18 04:00:00,0,42.42,42.35416667
2023-01-18 05:00:00,0,44.1,46.6825
2023-01-18 06:00:00,0,51.59,45.11666667
2023-01-18 07:00:00,0.009300000000000001,60.16,60.19333333
2023-01-18 08:00:00,0.04650000000000001,53.94,59.76166667
2023-01-18 09:00:00,0.0837,50.18,53.61583333
2023-01-18 10:00:00,0.1116,46.02,48.64416667
2023-01-18 11:00:00,0.12090000000000001,44.06,36.58916667
2023-01-18 12:00:00,0.12090000000000001,42.4,34.6325
2023-01-18 13:00:00,0.12090000000000001,40.4,33.58833333
2023-01-18 14:00:00,0.1116,41.61,34.36916667
2023-01-18 15:00:00,0.12090000000000001,44.17,33.35833333
2023-01-18 16:00:00,0.0651,51.47,32.74833333
2023-01-18 17:00:00,0,60.32,37.48416667
2023-01-18 18:00:00,0,57.2,34.27166667
2023-01-18 19:00:00,0,49.18,32.35666667
2023-01-18 20:00:00,0,46.18,30.9825
2023-01-18 21:00:00,0,43.67,30.72916667
2023-01-18 22:00:00,0,41.42,29.70333333
2023-01-18 23:00:00,0,41.26,29.17571429
2023-01-19 00:00:00,0,36.88,27.06785714
2023-01-19 01:00:00,0,34.71,25.02583333
2023-01-19 02:00:00,0,33.93,26.3275
2023-01-19 03:00:00,0,33.8,26.03357143
2023-01-19 04:00:00,0,34.1,25.36571429
2023-01-19 05:00:00,0,35.35,24.995
2023-01-19 06:00:00,0,41.8,25.7225
2023-01-19 07:00:00,0.018600000000000002,52.95,27.6325
2023-01-19 08:00:00,0.0837,51.66,27.37833333
2023-01-19 09:00:00,0.12090000000000001,50.08,27.81916667
2023-01-19 10:00:00,0.1302,45.62,28.785
2023-01-19 11:00:00,0.1302,46.33,26.14571429
2023-01-19 12:00:00,0.12090000000000001,46.26,25.74
2023-01-19 13:00:00,0.1116,44.79,26.93166667
2023-01-19 14:00:00,0.1302,43.94,25.19583333
2023-01-19 15:00:00,0.12090000000000001,44.19,26.35083333
2023-01-19 16:00:00,0.0558,53.16,28.955
2023-01-19 17:00:00,0,65.36,30.73333333
2023-01-19 18:00:00,0,55.05,26.5775
2023-01-19 19:00:00,0,46.63,27.40333333
2023-01-19 20:00:00,0,41.23,24.19333333
2023-01-19 21:00:00,0,39.39,24.025
2023-01-19 22:00:00,0,37.73,24.15071429
2023-01-19 23:00:00,0,38.82,25.57916667
2023-01-20 00:00:00,0,29.94,23.62333333
2023-01-20 01:00:00,0,28.19,22.82083333
2023-01-20 02:00:00,0,27.47,23.60333333
2023-01-20 03:00:00,0,26.64,24.56916667
2023-01-20 04:00:00,0,27.24,25.43583333
2023-01-20 05:00:00,0,29.18,27.52083333
2023-01-20 06:00:00,0,34.19,27.31416667
2023-01-20 07:00:00,0.018600000000000002,41.17,29.9625
2023-01-20 08:00:00,0.1023,42.49,28.57583333
2023-01-20 09:00:00,0.17670000000000002,43.39,28.5175
2023-01-20 10:00:00,0.1953,42.03,38.64666667
2023-01-20 11:00:00,0.1953,42.13,39.54166667
2023-01-20 12:00:00,0.18600000000000003,40.53,48.67583333
2023-01-20 13:00:00,0.14880000000000002,40.22,40.59
2023-01-20 14:00:00,0.1023,40.85,36.53
2023-01-20 15:00:00,0.0651,44.09,37.31666667
2023-01-20 16:00:00,0.037200000000000004,49.15,34.08083333
2023-01-20 17:00:00,0,61.35,40.31166667
2023-01-20 18:00:00,0,52.34,45.6175
2023-01-20 19:00:00,0,44.23,32.465
2023-01-20 20:00:00,0,40.16,33.58833333
2023-01-20 21:00:00,0,37.38,31.05666667
2023-01-20 22:00:00,0,36.27,29.11833333
2023-01-20 23:00:00,0,35.48,29.24916667
2023-01-21 00:00:00,0,35.43,32.54666667
2023-01-21 01:00:00,0,33.15,29.84333333
2023-01-21 02:00:00,0,32.46,29.69333333
2023-01-21 03:00:00,0,32.29,28.38333333
2023-01-21 04:00:00,0,32.45,29.05
2023-01-21 05:00:00,0,32.65,29.67583333
2023-01-21 06:00:00,0,34.66,29.08333333
2023-01-21 07:00:00,0.009300000000000001,36.07,31.215
2023-01-21 08:00:00,0.0279,37.8,30.2925
2023-01-21 09:00:00,0.037200000000000004,39.11,32.87583333
2023-01-21 10:00:00,0.037200000000000004,37.9,39.73666667
2023-01-21 11:00:00,0.04650000000000001,37.65,36.10333333
2023-01-21 12:00:00,0.0558,35.35,38.66916667
2023-01-21 13:00:00,0.0651,34.26,44.48583333
2023-01-21 14:00:00,0.0837,33.93,39.51333333
2023-01-21 15:00:00,0.09300000000000001,35.35,35.84416667
2023-01-21 16:00:00,0.0558,40.76,39.71666667
2023-01-21 17:00:00,0,55.13,40.79
2023-01-21 18:00:00,0,52.34,41.38916667
2023-01-21 19:00:00,0,41.87,36.61833333
2023-01-21 20:00:00,0,39.82,36.03333333
2023-01-21 21:00:00,0,38.07,34.36083333
2023-01-21 22:00:00,0,35.52,32.14416667
2023-01-21 23:00:00,0,37.35,30.86583333
2023-01-22 00:00:00,0,35.07,30.04833333
2023-01-22 01:00:00,0,33.46,29.88333333
2023-01-22 02:00:00,0,32.45,28.04166667
2023-01-22 03:00:00,0,32,27.44916667
2023-01-22 04:00:00,0,32.2,27.68666667
2023-01-22 05:00:00,0,33.08,26.0025
2023-01-22 06:00:00,0,32.56,29.5425
2023-01-22 07:00:00,0.018600000000000002,33.72,29.45833333
2023-01-22 08:00:00,0.1302,33.92,30.38416667
2023-01-22 09:00:00,0.279,33.95,32.90083333
2023-01-22 10:00:00,0.3441,33.73,34.505
2023-01-22 11:00:00,0.3348,33.92,35.96416667
2023-01-22 12:00:00,0.31620000000000004,34.01,45.815
2023-01-22 13:00:00,0.279,34.21,40.74333333
2023-01-22 14:00:00,0.2139,35.34,35.61333333
2023-01-22 15:00:00,0.1674,35.46,37.65333333
2023-01-22 16:00:00,0.07440000000000001,41.4,39.54833333
2023-01-22 17:00:00,0,53.76,48.98833333
2023-01-22 18:00:00,0,47.41,57.2
2023-01-22 19:00:00,0,41.33,56.95083333
2023-01-22 20:00:00,0,37.06,44.29416667
2023-01-22 21:00:00,0,35.35,39.035
2023-01-22 22:00:00,0,34.67,32.8525
2023-01-22 23:00:00,0,33.93,30.23
2023-01-23 00:00:00,0,32.77,34.14166667
2023-01-23 01:00:00,0,32.11,29.85583333
2023-01-23 02:00:00,0,30.79,29.7
2023-01-23 03:00:00,0,30.74,28.885
2023-01-23 04:00:00,0,31.36,28.84166667
2023-01-23 05:00:00,0,33.63,30.77916667
2023-01-23 06:00:00,0,35.5,28.52833333
2023-01-23 07:00:00,0.0558,41.17,31.37666667
2023-01-23 08:00:00,0.279,42.74,32.68333333
2023-01-23 09:00:00,0.48360000000000003,42.25,35.115
2023-01-23 10:00:00,0.6138,42.68,39.56
2023-01-23 11:00:00,0.6603,42.54,36.69416667
2023-01-23 12:00:00,0.6696,41.32,37.07071429
2023-01-23 13:00:00,0.6416999999999999,41.28,36.30583333
2023-01-23 14:00:00,0.5208,41.17,38.87071429
2023-01-23 15:00:00,0.3627,43.43,38.34166667
2023-01-23 16:00:00,0.1674,48.66,38.9025
2023-01-23 17:00:00,0,64.8,41.40333333
2023-01-23 18:00:00,0,58.02,39.145
2023-01-23 19:00:00,0,47.59,75.605
2023-01-23 20:00:00,0,44.36,36.4125
2023-01-23 21:00:00,0,42.45,33.89833333
2023-01-23 22:00:00,0,36.71,31.44
2023-01-23 23:00:00,0,37.74,31.69583333
2023-01-24 00:00:00,0,35.25,36.19583333
2023-01-24 01:00:00,0,33.96,29.61416667
2023-01-24 02:00:00,0,31.65,30.18916667
2023-01-24 03:00:00,0,31.72,33.535
2023-01-24 04:00:00,0,33.25,34.59833333
2023-01-24 05:00:00,0,35.12,35.98916667
2023-01-24 06:00:00,0,43.18,34.12916667
2023-01-24 07:00:00,0.0558,55.03,35.53571429
2023-01-24 08:00:00,0.2604,50.96,36.54916667
2023-01-24 09:00:00,0.4557,47.77,40.44083333
2023-01-24 10:00:00,0.5766,41.99,40.03083333
2023-01-24 11:00:00,0.6324000000000001,40.55,37.44333333
2023-01-24 12:00:00,0.6324000000000001,37.71,34.80583333
2023-01-24 13:00:00,0.5952000000000001,37.16,34.59666667
2023-01-24 14:00:00,0.5022000000000001,37.75,31.89928571
2023-01-24 15:00:00,0.3348,39.27,34.58333333
2023-01-24 16:00:00,0.15810000000000002,45.3,36.16285714
2023-01-24 17:00:00,0,60.98,38.6725
2023-01-24 18:00:00,0,53.35,42.15
2023-01-24 19:00:00,0,46.28,37.10916667
2023-01-24 20:00:00,0,41.96,34.44583333
2023-01-24 21:00:00,0,39.62,35.51916667
2023-01-24 22:00:00,0,38.29,35.21083333
2023-01-24 23:00:00,0,36.53,33.95916667
2023-01-25 00:00:00,0,35.67,33.37
2023-01-25 01:00:00,0,34.63,30.61666667
2023-01-25 02:00:00,0,33.14,30.56916667
2023-01-25 03:00:00,0,33.27,30.14166667
2023-01-25 04:00:00,0,33.5,29.56285714
2023-01-25 05:00:00,0,35.56,28.5625
2023-01-25 06:00:00,0,41.27,31.31666667
2023-01-25 07:00:00,0.04650000000000001,53.58,31.17583333
2023-01-25 08:00:00,0.2325,55.86,76.72583333
2023-01-25 09:00:00,0.39990000000000003,50.21,48.47857143
2023-01-25 10:00:00,0.5208,45.92,30.25
2023-01-25 11:00:00,0.5766,46.04,32.35
2023-01-25 12:00:00,0.5673,44.58,32.79833333
2023-01-25 13:00:00,0.47430000000000005,45.98,33.16083333
2023-01-25 14:00:00,0.37200000000000005,45.72,33.22166667
2023-01-25 15:00:00,0.24180000000000001,46.15,33.17416667
2023-01-25 16:00:00,0.12090000000000001,51.47,31.98083333
2023-01-25 17:00:00,0,65.35,35.505
2023-01-25 18:00:00,0,58.56,34.78333333
2023-01-25 19:00:00,0,53.55,32.07
2023-01-25 20:00:00,0,44.19,34.385
2023-01-25 21:00:00,0,41.94,32.67083333
2023-01-25 22:00:00,0,38.98,31.61666667
2023-01-25 23:00:00,0,37.67,28.85642857
2023-01-26 00:00:00,0,31.77,22.6825
2023-01-26 01:00:00,0,31.33,17.32142857
2023-01-26 02:00:00,0,30.02,24.82083333
2023-01-26 03:00:00,0,29.52,19.5525
2023-01-26 04:00:00,0,30.8,14.70833333
2023-01-26 05:00:00,0,32.45,19.21916667
2023-01-26 06:00:00,0,35.74,33.76916667
2023-01-26 07:00:00,0.0279,40.67,35.66142857
2023-01-26 08:00:00,0.1302,41.33,34.87416667
2023-01-26 09:00:00,0.2232,38.76,32.60583333
2023-01-26 10:00:00,0.29760000000000003,36.58,43.27416667
2023-01-26 11:00:00,0.3348,36.36,43.98583333
2023-01-26 12:00:00,0.3348,36.36,41.45
2023-01-26 13:00:00,0.29760000000000003,36.36,36.82416667
2023-01-26 14:00:00,0.2139,36.36,37.42916667
2023-01-26 15:00:00,0.12090000000000001,36.82,39.20916667
2023-01-26 16:00:00,0.0651,40.78,49.32916667
2023-01-26 17:00:00,0,56.23,44.985
2023-01-26 18:00:00,0,50.02,95.05666667
2023-01-26 19:00:00,0,41.12,41.25916667
2023-01-26 20:00:00,0,39.04,44.665
2023-01-26 21:00:00,0,36.36,33.84916667
2023-01-26 22:00:00,0,35.91,32.54333333
2023-01-26 23:00:00,0,34.29,31.20083333
2023-01-27 00:00:00,0,32.18,30.87
2023-01-27 01:00:00,0,31.07,24.83166667
2023-01-27 02:00:00,0,28.85,26.20583333
2023-01-27 03:00:00,0,28.81,26.39583333
2023-01-27 04:00:00,0,29.77,28.09833333
2023-01-27 05:00:00,0,32.41,29.88916667
2023-01-27 06:00:00,0,35.77,34.12583333
2023-01-27 07:00:00,0.037200000000000004,47.6,33.76666667
2023-01-27 08:00:00,0.1953,44.34,31.68357143
2023-01-27 09:00:00,0.31620000000000004,39.44,27.70583333
2023-01-27 10:00:00,0.4092,37.12,28.17666667
2023-01-27 11:00:00,0.465,35.94,25.975
2023-01-27 12:00:00,0.5022000000000001,35.14,31.12416667
2023-01-27 13:00:00,0.4557,34.67,31.61071429
2023-01-27 14:00:00,0.3813,34.67,32.76666667
2023-01-27 15:00:00,0.279,36.14,31.0275
2023-01-27 16:00:00,0.1302,40.87,29.61083333
2023-01-27 17:00:00,0.009300000000000001,57.27,33.05615385
2023-01-27 18:00:00,0,53.14,39.07857143
2023-01-27 19:00:00,0,43,33.30083333
2023-01-27 20:00:00,0,41.15,64.7975
2023-01-27 21:00:00,0,36.73,39.585
2023-01-27 22:00:00,0,35.21,32.28416667
2023-01-27 23:00:00,0,34.64,26.78666667
2023-01-28 00:00:00,0,34.76,28.08166667
2023-01-28 01:00:00,0,32.42,29.98
2023-01-28 02:00:00,0,31.27,29.85428571
2023-01-28 03:00:00,0,30.21,30.66714286
2023-01-28 04:00:00,0,30.5,27.28083333
2023-01-28 05:00:00,0,31.73,28.13666667
2023-01-28 06:00:00,0,35.54,29.16916667
2023-01-28 07:00:00,0.0558,37.53,42.07916667
2023-01-28 08:00:00,0.2883,37.9,29.12142857
2023-01-28 09:00:00,0.49290000000000006,35.97,26.3725
2023-01-28 10:00:00,0.6324000000000001,32.09,27.016875
2023-01-28 11:00:00,0.7068000000000001,31.01,24.55083333
2023-01-28 12:00:00,0.7254,29.09,24.12083333
2023-01-28 13:00:00,0.6789000000000001,28.1,24.13416667
2023-01-28 14:00:00,0.5673,27.77,25.8825
2023-01-28 15:00:00,0.39990000000000003,30.5,24.7475
2023-01-28 16:00:00,0.17670000000000002,35.06,49.85416667
2023-01-28 17:00:00,0.009300000000000001,46.38,62.49416667
2023-01-28 18:00:00,0,42.89,31.2275
2023-01-28 19:00:00,0,39.06,25.99083333
2023-01-28 20:00:00,0,33.73,27
2023-01-28 21:00:00,0,32.35,35.86583333
2023-01-28 22:00:00,0,30.29,28.79583333
2023-01-28 23:00:00,0,30.71,26.11083333
2023-01-29 00:00:00,0,29.11,20.62583333
2023-01-29 01:00:00,0,26.78,20.69666667
2023-01-29 02:00:00,0,26.26,23.65416667
2023-01-29 03:00:00,0,25.18,25.58166667
2023-01-29 04:00:00,0,25.91,24.38833333
2023-01-29 05:00:00,0,26.26,23.52833333
2023-01-29 06:00:00,0,26.37,24.85833333
2023-01-29 07:00:00,0.037200000000000004,28.05,27.60166667
2023-01-29 08:00:00,0.1953,28.33,25.67583333
2023-01-29 09:00:00,0.3627,29,29.715
2023-01-29 10:00:00,0.465,28.55,30.10583333
2023-01-29 11:00:00,0.5301,28.27,31.06166667
2023-01-29 12:00:00,0.5487,27.75,30.59666667
2023-01-29 13:00:00,0.5208,27.83,29.825
2023-01-29 14:00:00,0.4371,28.2,31.59666667
2023-01-29 15:00:00,0.279,29.43,31.51166667
2023-01-29 16:00:00,0.12090000000000001,31.86,30.22333333
2023-01-29 17:00:00,0.009300000000000001,38.67,32.82666667
2023-01-29 18:00:00,0,35.62,41.39666667
2023-01-29 19:00:00,0,33.67,46.98583333
2023-01-29 20:00:00,0,30.08,43.0275
2023-01-29 21:00:00,0,29.04,32.93916667
2023-01-29 22:00:00,0,27.42,29.21083333
2023-01-29 23:00:00,0,27.16,26.23916667
2023-01-30 00:00:00,0,27.63,27.65333333
2023-01-30 01:00:00,0,25.25,27.7875
2023-01-30 02:00:00,0,25.13,25.32166667
2023-01-30 03:00:00,0,25.23,24.20583333
2023-01-30 04:00:00,0,25.25,24.455
2023-01-30 05:00:00,0,26.69,28.67333333
2023-01-30 06:00:00,0,33.88,36.1025
2023-01-30 07:00:00,0.0558,46.53,61.0125
2023-01-30 08:00:00,0.25110000000000005,47.37,64.13142857
2023-01-30 09:00:00,0.4371,41.4,33.32666667
2023-01-30 10:00:00,0.5673,37.04,32.34833333
2023-01-30 11:00:00,0.6231000000000001,35.49,30.90357143
2023-01-30 12:00:00,0.6138,35.17,30.94083333
2023-01-30 13:00:00,0.5673,34.44,30.9575
2023-01-30 14:00:00,0.48360000000000003,35.09,29.77214286
2023-01-30 15:00:00,0.3441,39.2,35.84916667
2023-01-30 16:00:00,0.1674,45.49,33.455
2023-01-30 17:00:00,0.009300000000000001,60.69,66.08083333
2023-01-30 18:00:00,0,55.04,84.99583333
2023-01-30 19:00:00,0,41.28,55.82166667
2023-01-30 20:00:00,0,36.86,71.53916667
2023-01-30 21:00:00,0,33.33,35.8225
2023-01-30 22:00:00,0,31.09,30.02916667
2023-01-30 23:00:00,0,29.85,26.9825
2023-01-31 00:00:00,0,32.81,26.79583333
2023-01-31 01:00:00,0,30.82,23.965
2023-01-31 02:00:00,0,29.86,23.60333333
2023-01-31 03:00:00,0,29.78,24.45416667
2023-01-31 04:00:00,0,29.99,25.15333333
2023-01-31 05:00:00,0,33.78,24.5025
2023-01-31 06:00:00,0,42.99,28.32833333
2023-01-31 07:00:00,0.0558,60.66,-7.344166667
2023-01-31 08:00:00,0.2604,64.27,-6.244285714
2023-01-31 09:00:00,0.4557,53.28,29.12333333
2023-01-31 10:00:00,0.5952000000000001,53.6,72.9175
2023-01-31 11:00:00,0.6696,50.75,54.31
2023-01-31 12:00:00,0.6789000000000001,48.87,65.23285714
2023-01-31 13:00:00,0.6138,48.71,53.03
2023-01-31 14:00:00,0.5208,51.46,37.44666667
2023-01-31 15:00:00,0.3627,58.08,39.91833333
2023-01-31 16:00:00,0.17670000000000002,69.02,47.35166667
2023-01-31 17:00:00,0.009300000000000001,87.47,58.44769231
2023-01-31 18:00:00,0,87.47,124.0233333
2023-01-31 19:00:00,0,74.49,54.25357143
2023-01-31 20:00:00,0,61.71,48.75833333
2023-01-31 21:00:00,0,59.34,53.43916667
2023-01-31 22:00:00,0,52.43,38.99166667
2023-01-31 23:00:00,0,49.23,37.0025
2023-02-01 00:00:00,0,70.6,40.72583333
2023-02-01 01:00:00,0,60.8,41.39083333
2023-02-01 02:00:00,0,59.41,40.20666667
2023-02-01 03:00:00,0,54.89,38.58666667
2023-02-01 04:00:00,0,56.13,40.32083333
2023-02-01 05:00:00,0,62.61,38.21916667
2023-02-01 06:00:00,0,102.8,47.48071429
2023-02-01 07:00:00,0.04650000000000001,126.02,160.5191667
2023-02-01 08:00:00,0.2046,107.9,86.28166667
2023-02-01 09:00:00,0.3813,92.62,62.78083333
2023-02-01 10:00:00,0.5208,85.07,64.77714286
2023-02-01 11:00:00,0.5952000000000001,79.39,60.65714286
2023-02-01 12:00:00,0.5766,78.72,60.54714286
2023-02-01 13:00:00,0.5208,68.21,53.66083333
2023-02-01 14:00:00,0.39990000000000003,72.1,48.43142857
2023-02-01 15:00:00,0.2697,75.73,55.84083333
2023-02-01 16:00:00,0.1395,78.65,76.0575
2023-02-01 17:00:00,0.009300000000000001,108,65.09666667
2023-02-01 18:00:00,0,92.74,66.96916667
2023-02-01 19:00:00,0,86.3,64.02375
2023-02-01 20:00:00,0,76.13,65.27083333
2023-02-01 21:00:00,0,71.81,62.59166667
2023-02-01 22:00:00,0,64.38,54.58583333
2023-02-01 23:00:00,0,72.38,44.08416667
2023-02-02 00:00:00,0,68.1,28.02583333
2023-02-02 01:00:00,0,64.19,34.66916667
2023-02-02 02:00:00,0,58.83,37.4925
2023-02-02 03:00:00,0,58.43,52.7125
2023-02-02 04:00:00,0,58.86,47.0575
2023-02-02 05:00:00,0,63.21,38.4275
2023-02-02 06:00:00,0,75.34,27.64571429
2023-02-02 07:00:00,0.04650000000000001,88.92,64.92583333
2023-02-02 08:00:00,0.2046,75.44,71.66142857
2023-02-02 09:00:00,0.3627,77.68,74.99333333
2023-02-02 10:00:00,0.48360000000000003,81.26,62.22916667
2023-02-02 11:00:00,0.5394,79.94,57.755
2023-02-02 12:00:00,0.5115000000000001,69.99,57.33142857
2023-02-02 13:00:00,0.465,69.69,42.89666667
2023-02-02 14:00:00,0.35340000000000005,69.87,33.915
2023-02-02 15:00:00,0.25110000000000005,80,45.15714286
2023-02-02 16:00:00,0.1395,87,56.925
2023-02-02 17:00:00,0.009300000000000001,107.85,74.53416667
2023-02-02 18:00:00,0,105.97,65.05357143
2023-02-02 19:00:00,0,92.13,65.3775
2023-02-02 20:00:00,0,81.69,64.00833333
2023-02-02 21:00:00,0,75.46,75.90785714
2023-02-02 22:00:00,0,70.61,66.72666667
2023-02-02 23:00:00,0,70.55,40.1075
2023-02-03 00:00:00,0,53.81,53.81058824
2023-02-03 01:00:00,0,51.95,11.22166667
2023-02-03 02:00:00,0,48.25,4.621666667
2023-02-03 03:00:00,0,50.31,8.216666667
2023-02-03 04:00:00,0,48.29,5.693333333
2023-02-03 05:00:00,0,62.38,12.91571429
2023-02-03 06:00:00,0,94.35,27.9175
2023-02-03 07:00:00,0.0651,122.55,37.00083333
2023-02-03 08:00:00,0.2697,134.27,29.92357143
2023-02-03 09:00:00,0.465,124.56,25.03866667
2023-02-03 10:00:00,0.6138,191.9,165.6708333
2023-02-03 11:00:00,0.6975,190.12,161.4188889
2023-02-03 12:00:00,0.7161000000000001,190.15,184.4033333
2023-02-03 13:00:00,0.6789000000000001,190.41,179.8683333
2023-02-03 14:00:00,0.5766,191.9,192.5621429
2023-02-03 15:00:00,0.4092,196.27,198.1388889
2023-02-03 16:00:00,0.2046,216.95,197.1814286
2023-02-03 17:00:00,0.018600000000000002,285.45,209.385
2023-02-03 18:00:00,0,291.9,199.8933333
2023-02-03 19:00:00,0,259.38,195.3666667
2023-02-03 20:00:00,0,238.8,209.6466667
2023-02-03 21:00:00,0,230.17,284.3625
2023-02-03 22:00:00,0,213.96,197.6633333
2023-02-03 23:00:00,0,202.27,482.1641667
2023-02-04 00:00:00,0,252.1,191.4441667
2023-02-04 01:00:00,0,222.44,189.0935714
2023-02-04 02:00:00,0,214.75,190.7375
2023-02-04 03:00:00,0,214.12,197.6925
2023-02-04 04:00:00,0,217.82,194.6816667
2023-02-04 05:00:00,0,247.89,194.23
2023-02-04 06:00:00,0,269.18,194.3716667
2023-02-04 07:00:00,0.04650000000000001,320.24,256.0141667
2023-02-04 08:00:00,0.1953,300,261.9192857
2023-02-04 09:00:00,0.3348,263.91,268.0733333
2023-02-04 10:00:00,0.4371,232.3,234.9275
2023-02-04 11:00:00,0.5022000000000001,231.91,168.2125
2023-02-04 12:00:00,0.48360000000000003,204.45,153.415
2023-02-04 13:00:00,0.4464,192.15,158.4016667
2023-02-04 14:00:00,0.37200000000000005,193.33,157.5133333
2023-02-04 15:00:00,0.2604,197.64,173.585
2023-02-04 16:00:00,0.1302,216.06,166.0325
2023-02-04 17:00:00,0.009300000000000001,280.9,196.9366667
2023-02-04 18:00:00,0,291.88,200.7966667
2023-02-04 19:00:00,0,236.07,173.49
2023-02-04 20:00:00,0,225,173.5141667
2023-02-04 21:00:00,0,200.79,166.585
2023-02-04 22:00:00,0,193.57,158.645
2023-02-04 23:00:00,0,189.45,112.3033333
2023-02-05 00:00:00,0,95.19,314.47625
2023-02-05 01:00:00,0,89.17,224.648
2023-02-05 02:00:00,0,87.58,178.1571429
2023-02-05 03:00:00,0,86.13,132.1178571
2023-02-05 04:00:00,0,90.14,244.7383333
2023-02-05 05:00:00,0,100.2,127.18
2023-02-05 06:00:00,0,87.9,172.17625
2023-02-05 07:00:00,0.018600000000000002,87.2,217.8433333
2023-02-05 08:00:00,0.1023,80.87,138.8825
2023-02-05 09:00:00,0.15810000000000002,73.91,122.3491667
2023-02-05 10:00:00,0.1953,55.91,53.64666667
2023-02-05 11:00:00,0.2325,52.27,49.43583333
2023-02-05 12:00:00,0.279,50.09,49.56416667
2023-02-05 13:00:00,0.24180000000000001,48,49.45714286
2023-02-05 14:00:00,0.2046,50.42,62.16083333
2023-02-05 15:00:00,0.15810000000000002,50.14,44.251875
2023-02-05 16:00:00,0.09300000000000001,58.4,49.76166667
2023-02-05 17:00:00,0.009300000000000001,81.96,49.90083333
2023-02-05 18:00:00,0,82.47,53.69333333
2023-02-05 19:00:00,0,66.12,47.16583333
2023-02-05 20:00:00,0,65.11,44.53583333
2023-02-05 21:00:00,0,56.14,53.26583333
2023-02-05 22:00:00,0,50.28,37.4475
2023-02-05 23:00:00,0,51.36,36.08166667
2023-02-06 00:00:00,0,45.18,84.28916667
2023-02-06 01:00:00,0,50.4,62.21416667
2023-02-06 02:00:00,0,48.87,26.54071429
2023-02-06 03:00:00,0,48.51,43.24416667
2023-02-06 04:00:00,0,51.97,49.0975
2023-02-06 05:00:00,0,52.92,48.7575
2023-02-06 06:00:00,0,57.84,46.82166667
2023-02-06 07:00:00,0.018600000000000002,80.49,44.19071429
2023-02-06 08:00:00,0.0651,72.25,62.07
2023-02-06 09:00:00,0.12090000000000001,63.59,67.52294118
2023-02-06 10:00:00,0.1674,50.09,101.3188235
2023-02-06 11:00:00,0.18600000000000003,47.91,89.43357143
2023-02-06 12:00:00,0.1953,46.11,51.34928571
2023-02-06 13:00:00,0.2232,44.7,44.37
2023-02-06 14:00:00,0.1953,45.61,42.70461538
2023-02-06 15:00:00,0.15810000000000002,47.89,43.29615385
2023-02-06 16:00:00,0.0837,55.74,45.6525
2023-02-06 17:00:00,0.009300000000000001,98.6,146.7966667
2023-02-06 18:00:00,0,98.58,70.53416667
2023-02-06 19:00:00,0,76.1,65.6425
2023-02-06 20:00:00,0,69.7,43.34916667
2023-02-06 21:00:00,0,53.87,41.605
2023-02-06 22:00:00,0,49.49,36.53083333
2023-02-06 23:00:00,0,51.34,25.09
2023-02-07 00:00:00,0,43.09,28.045
2023-02-07 01:00:00,0,42.36,30.3025
2023-02-07 02:00:00,0,42.04,35.17833333
2023-02-07 03:00:00,0,39.58,30.62916667
2023-02-07 04:00:00,0,40.02,31.655
2023-02-07 05:00:00,0,45,36.82166667
2023-02-07 06:00:00,0,58.61,72.85105263
2023-02-07 07:00:00,0.0651,70.36,57.94642857
2023-02-07 08:00:00,0.25110000000000005,69.53,29.63416667
2023-02-07 09:00:00,0.41850000000000004,52.69,24.61166667
2023-02-07 10:00:00,0.5487,41.18,23.4575
2023-02-07 11:00:00,0.5952000000000001,40.4,24.10428571
2023-02-07 12:00:00,0.6045,40.4,24.974375
2023-02-07 13:00:00,0.5487,40.4,25.26375
2023-02-07 14:00:00,0.4557,40.4,29.09
2023-02-07 15:00:00,0.3348,40.4,30.85416667
2023-02-07 16:00:00,0.1674,44.21,31.62714286
2023-02-07 17:00:00,0.018600000000000002,64.39,35.78941176
2023-02-07 18:00:00,0,60.62,35.7675
2023-02-07 19:00:00,0,44.36,37.9575
2023-02-07 20:00:00,0,43.23,32.04083333
2023-02-07 21:00:00,0,38.4,25.98
2023-02-07 22:00:00,0,34.26,25.64666667
2023-02-07 23:00:00,0,36.02,40.39833333
2023-02-08 00:00:00,0,27.02,29.97583333
2023-02-08 01:00:00,0,25.58,26.4925
2023-02-08 02:00:00,0,25.37,28.19416667
2023-02-08 03:00:00,0,25.42,25.37916667
2023-02-08 04:00:00,0,25.9,28.79083333
2023-02-08 05:00:00,0,28.77,29.17428571
2023-02-08 06:00:00,0,35.18,52.455
2023-02-08 07:00:00,0.07440000000000001,45.16,45.54833333
2023-02-08 08:00:00,0.2883,39.39,40.97
2023-02-08 09:00:00,0.47430000000000005,33.04,32.26214286
2023-02-08 10:00:00,0.5859000000000001,30.05,28.27416667
2023-02-08 11:00:00,0.6416999999999999,28.29,23.44571429
2023-02-08 12:00:00,0.6138,27.25,23.2825
2023-02-08 13:00:00,0.558,26.77,18
2023-02-08 14:00:00,0.465,26.52,21.15166667
2023-02-08 15:00:00,0.3348,27.71,21.16166667
2023-02-08 16:00:00,0.17670000000000002,32.5,28.3975
2023-02-08 17:00:00,0.018600000000000002,46.86,73.86833333
2023-02-08 18:00:00,0,44.87,39.31833333
2023-02-08 19:00:00,0,38.61,30.36916667
2023-02-08 20:00:00,0,34.23,28.78642857
2023-02-08 21:00:00,0,29.46,33.01416667
2023-02-08 22:00:00,0,28.79,27.485
2023-02-08 23:00:00,0,28.12,24.57333333
2023-02-09 00:00:00,0,26.44,23.8975
2023-02-09 01:00:00,0,24.99,22.18833333
2023-02-09 02:00:00,0,24.38,22.85166667
2023-02-09 03:00:00,0,24.24,25.3125
2023-02-09 04:00:00,0,24.54,25.84083333
2023-02-09 05:00:00,0,26.51,28.72071429
2023-02-09 06:00:00,0,33.57,28.29416667
2023-02-09 07:00:00,0.04650000000000001,39.66,43.30333333
2023-02-09 08:00:00,0.17670000000000002,36.91,33.9525
2023-02-09 09:00:00,0.2697,34.3,31.3275
2023-02-09 10:00:00,0.2883,33.02,27.9025
2023-02-09 11:00:00,0.29760000000000003,30.99,32.91833333
2023-02-09 12:00:00,0.2883,30.3,31.8425
2023-02-09 13:00:00,0.25110000000000005,30.62,32.375
2023-02-09 14:00:00,0.2232,30.3,34.78583333
2023-02-09 15:00:00,0.15810000000000002,32.63,36.35666667
2023-02-09 16:00:00,0.0837,34.13,35.2425
2023-02-09 17:00:00,0.009300000000000001,42.94,41.01357143
2023-02-09 18:00:00,0,39.37,39.51166667
2023-02-09 19:00:00,0,34.58,35.36916667
2023-02-09 20:00:00,0,32.03,28.6675
2023-02-09 21:00:00,0,28.82,29.3925
2023-02-09 22:00:00,0,26.92,28.785
2023-02-09 23:00:00,0,25.61,26.85083333
2023-02-10 00:00:00,0,24.97,24.72166667
2023-02-10 01:00:00,0,23.23,21.25083333
2023-02-10 02:00:00,0,22.22,21.89857143
2023-02-10 03:00:00,0,22.22,25.0025
2023-02-10 04:00:00,0,22.31,24.515
2023-02-10 05:00:00,0,25,27.77666667
2023-02-10 06:00:00,0,29.34,33.29833333
2023-02-10 07:00:00,0.04650000000000001,34.87,38.56416667
2023-02-10 08:00:00,0.2046,34.29,31.65166667
2023-02-10 09:00:00,0.3627,30.48,25.19
2023-02-10 10:00:00,0.5301,29.47,25.93785714
2023-02-10 11:00:00,0.6045,27.65,23.375
2023-02-10 12:00:00,0.6416999999999999,26.32,25.55
2023-02-10 13:00:00,0.6045,26.51,25.80833333
2023-02-10 14:00:00,0.5208,27.24,26.02666667
2023-02-10 15:00:00,0.3906,28.12,28.71416667
2023-02-10 16:00:00,0.2139,30.96,26.42833333
2023-02-10 17:00:00,0.0279,42.12,59.60571429
2023-02-10 18:00:00,0,42.14,42.93833333
2023-02-10 19:00:00,0,34.38,38.24583333
2023-02-10 20:00:00,0,31.21,27.79833333
2023-02-10 21:00:00,0,27.42,26.89416667
2023-02-10 22:00:00,0,25.98,25.63083333
2023-02-10 23:00:00,0,24.92,23.5475
2023-02-11 00:00:00,0,24.95,23.81833333
2023-02-11 01:00:00,0,22.87,24.12333333
2023-02-11 02:00:00,0,21.84,24.15083333
2023-02-11 03:00:00,0,22.19,23.40166667
2023-02-11 04:00:00,0,22.32,23.42333333
2023-02-11 05:00:00,0,24.33,25.56357143
2023-02-11 06:00:00,0,26.08,25.77166667
2023-02-11 07:00:00,0.0837,28.12,87.83666667
2023-02-11 08:00:00,0.29760000000000003,27.57,31.5225
2023-02-11 09:00:00,0.48360000000000003,25.59,23.40714286
2023-02-11 10:00:00,0.6045,26.87,24.5375
2023-02-11 11:00:00,0.6603,25.71,23.9825
2023-02-11 12:00:00,0.6696,25.08,23.36666667
2023-02-11 13:00:00,0.6138,24.29,23.34083333
2023-02-11 14:00:00,0.5022000000000001,24.27,19.52
2023-02-11 15:00:00,0.3441,25.05,20.765
2023-02-11 16:00:00,0.18600000000000003,28.22,21.555
2023-02-11 17:00:00,0.018600000000000002,40.52,31.51083333
2023-02-11 18:00:00,0,43.42,36.53416667
2023-02-11 19:00:00,0,36.06,45.87928571
2023-02-11 20:00:00,0,34.98,48.375
2023-02-11 21:00:00,0,31.2,53.498125
2023-02-11 22:00:00,0,28.48,30.38916667
2023-02-11 23:00:00,0,27.47,25.72166667
2023-02-12 00:00:00,0,25.23,24.33416667
2023-02-12 01:00:00,0,24.05,24.1075
2023-02-12 02:00:00,0,22.43,23.82416667
2023-02-12 03:00:00,0,22.04,24.99
2023-02-12 04:00:00,0,22.31,23.4775
2023-02-12 05:00:00,0,24.24,24.26416667
2023-02-12 06:00:00,0,25.01,26.13857143
2023-02-12 07:00:00,0.0837,26.04,28.62916667
2023-02-12 08:00:00,0.29760000000000003,25.11,23.6725
2023-02-12 09:00:00,0.49290000000000006,25.07,22.67333333
2023-02-12 10:00:00,0.6324000000000001,25,23.21916667
2023-02-12 11:00:00,0.7161000000000001,24.33,22.29
2023-02-12 12:00:00,0.7254,24.26,23.1025
2023-02-12 13:00:00,0.6882,24.08,22.41833333
2023-02-12 14:00:00,0.5952000000000001,24.26,23.87416667
2023-02-12 15:00:00,0.4371,25.13,29.1325
2023-02-12 16:00:00,0.2325,29.12,37.15
2023-02-12 17:00:00,0.0279,40,40.59583333
2023-02-12 18:00:00,0,43.67,41.2925
2023-02-12 19:00:00,0,37.16,53.68071429
2023-02-12 20:00:00,0,34.02,39.29583333
2023-02-12 21:00:00,0,30.3,26.1875
2023-02-12 22:00:00,0,27.16,24.44857143
2023-02-12 23:00:00,0,25.38,23.64166667
2023-02-13 00:00:00,0,23.39,23.11083333
2023-02-13 01:00:00,0,22.63,22.87583333
2023-02-13 02:00:00,0,21.8,23.87916667
2023-02-13 03:00:00,0,22.38,20.32916667
2023-02-13 04:00:00,0,22.89,21.41357143
2023-02-13 05:00:00,0,25.09,23.07916667
2023-02-13 06:00:00,0,32.54,63.29166667
2023-02-13 07:00:00,0.09300000000000001,40.7,35.19166667
2023-02-13 08:00:00,0.31620000000000004,35.21,34.95571429
2023-02-13 09:00:00,0.5208,31.08,24.815
2023-02-13 10:00:00,0.6603,29.77,27.02666667
2023-02-13 11:00:00,0.7440000000000001,28.63,25.25666667
2023-02-13 12:00:00,0.7533000000000001,27.38,23.67428571
2023-02-13 13:00:00,0.7068000000000001,27.49,23.01
2023-02-13 14:00:00,0.6045,27.59,22.49714286
2023-02-13 15:00:00,0.4464,28.46,26.79
2023-02-13 16:00:00,0.2325,33.07,27.35583333
2023-02-13 17:00:00,0.037200000000000004,46.78,45.34416667
2023-02-13 18:00:00,0,48.84,61.485
2023-02-13 19:00:00,0,39.89,45.85416667
2023-02-13 20:00:00,0,34.64,32.60833333
2023-02-13 21:00:00,0,30.51,48.77642857
2023-02-13 22:00:00,0,28.04,25.85833333
2023-02-13 23:00:00,0,25.91,22.805
2023-02-14 00:00:00,0,24.33,21.12357143
2023-02-14 01:00:00,0,23.31,18.85166667
2023-02-14 02:00:00,0,23.1,17.20166667
2023-02-14 03:00:00,0,23.64,19.385
2023-02-14 04:00:00,0,24.09,21.38357143
2023-02-14 05:00:00,0,26.06,21.38916667
2023-02-14 06:00:00,0,35.02,26.17583333
2023-02-14 07:00:00,0.09300000000000001,42.66,56.88428571
2023-02-14 08:00:00,0.3069,36.74,24.36642857
2023-02-14 09:00:00,0.5115000000000001,30.75,21.3625
2023-02-14 10:00:00,0.651,27.97,18.28
2023-02-14 11:00:00,0.7347,25.25,18.90083333
2023-02-14 12:00:00,0.7440000000000001,24.92,13.64416667
2023-02-14 13:00:00,0.7068000000000001,24.18,11.39666667
2023-02-14 14:00:00,0.6045,24.64,14.43416667
2023-02-14 15:00:00,0.4464,25.25,21.13357143
2023-02-14 16:00:00,0.2325,28.53,22.52666667
2023-02-14 17:00:00,0.037200000000000004,41.96,25.59416667
2023-02-14 18:00:00,0,43.69,23.72333333
2023-02-14 19:00:00,0,35.89,24.03333333
2023-02-14 20:00:00,0,33.55,27.495
2023-02-14 21:00:00,0,27.9,28.22916667
2023-02-14 22:00:00,0,25.48,22.93333333
2023-02-14 23:00:00,0,23.9,21.56428571
2023-02-15 00:00:00,0,22.85,21.1775
2023-02-15 01:00:00,0,21.19,21.01416667
2023-02-15 02:00:00,0,20.67,20.08833333
2023-02-15 03:00:00,0,19.91,21.16416667
2023-02-15 04:00:00,0,21.5,19.70166667
2023-02-15 05:00:00,0,22.93,23.41357143
2023-02-15 06:00:00,0,29.07,29.3675
2023-02-15 07:00:00,0.09300000000000001,35.99,30.15785714
2023-02-15 08:00:00,0.31620000000000004,32.01,31.63166667
2023-02-15 09:00:00,0.5208,30.06,26.59333333
2023-02-15 10:00:00,0.6696,26.94,24.63
2023-02-15 11:00:00,0.7347,24.73,24.015
2023-02-15 12:00:00,0.7440000000000001,23.59,23.51
2023-02-15 13:00:00,0.6975,22.47,20.29916667
2023-02-15 14:00:00,0.6138,23.05,21.59416667
2023-02-15 15:00:00,0.4557,24.05,24.20333333
2023-02-15 16:00:00,0.24180000000000001,28.79,25.12
2023-02-15 17:00:00,0.037200000000000004,38.06,27.31166667
2023-02-15 18:00:00,0,38.69,30.054
2023-02-15 19:00:00,0,31.34,26.3975
2023-02-15 20:00:00,0,30.14,29.49833333
2023-02-15 21:00:00,0,26.28,35.25166667
2023-02-15 22:00:00,0,23.57,30.06166667
2023-02-15 23:00:00,0,23.09,21.87416667
2023-02-16 00:00:00,0,21.83,21.98428571
2023-02-16 01:00:00,0,19.19,22.6025
2023-02-16 02:00:00,0,18.79,18.5175
2023-02-16 03:00:00,0,18.82,20.52416667
2023-02-16 04:00:00,0,18.99,21.45083333
2023-02-16 05:00:00,0,21.3,23.46833333
2023-02-16 06:00:00,0,29.28,22.35666667
2023-02-16 07:00:00,0.1023,34.32,31.2825
2023-02-16 08:00:00,0.31620000000000004,31.06,25.78083333
2023-02-16 09:00:00,0.5208,26.27,26.31666667
2023-02-16 10:00:00,0.6603,23.77,27.19916667
2023-02-16 11:00:00,0.7347,24.22,26.99083333
2023-02-16 12:00:00,0.7347,24.53,26.02642857
2023-02-16 13:00:00,0.6696,24.6,28.02071429
2023-02-16 14:00:00,0.5766,25.45,27.21833333
2023-02-16 15:00:00,0.4278,26.65,69.9275
2023-02-16 16:00:00,0.2232,32.83,25.61857143
2023-02-16 17:00:00,0.037200000000000004,40.17,30.72416667
2023-02-16 18:00:00,0,40.6,35.21
2023-02-16 19:00:00,0,32.8,51.98583333
2023-02-16 20:00:00,0,26.99,40.77166667
2023-02-16 21:00:00,0,25.35,38.75142857
2023-02-16 22:00:00,0,23.79,35.54833333
2023-02-16 23:00:00,0,22.19,23.67916667
2023-02-17 00:00:00,0,21.76,24.81
2023-02-17 01:00:00,0,20.71,23.29666667
2023-02-17 02:00:00,0,20.17,19.64083333
2023-02-17 03:00:00,0,19.93,17.66083333
2023-02-17 04:00:00,0,19.91,21.65166667
2023-02-17 05:00:00,0,21.62,24.15333333
2023-02-17 06:00:00,0,28.04,25.32583333
2023-02-17 07:00:00,0.09300000000000001,32.73,28.35416667
2023-02-17 08:00:00,0.3069,31.88,25.69357143
2023-02-17 09:00:00,0.5115000000000001,30.9,33.07666667
2023-02-17 10:00:00,0.651,32.83,74.32083333
2023-02-17 11:00:00,0.7254,32.73,139.6591667
2023-02-17 12:00:00,0.7440000000000001,31.65,53.83833333
2023-02-17 13:00:00,0.7068000000000001,30.91,37.8425
2023-02-17 14:00:00,0.6045,29.84,33.16916667
2023-02-17 15:00:00,0.4557,30.53,33.41833333
2023-02-17 16:00:00,0.24180000000000001,34.75,29.79833333
2023-02-17 17:00:00,0.037200000000000004,41.15,35.12
2023-02-17 18:00:00,0,43.26,30.30333333
2023-02-17 19:00:00,0,38.86,27.1
2023-02-17 20:00:00,0,34.58,32.815
2023-02-17 21:00:00,0,32.4,27.8875
2023-02-17 22:00:00,0,30.36,32.26428571
2023-02-17 23:00:00,0,28.61,25.995
2023-02-18 00:00:00,0,30.14,28.0775
2023-02-18 01:00:00,0,28.59,27.97583333
2023-02-18 02:00:00,0,27.53,25.8675
2023-02-18 03:00:00,0,26.57,24.78083333
2023-02-18 04:00:00,0,28.03,24.31166667
2023-02-18 05:00:00,0,29.59,25.16583333
2023-02-18 06:00:00,0,34.19,26.3075
2023-02-18 07:00:00,0.1023,38.29,28.16
2023-02-18 08:00:00,0.31620000000000004,37.03,25.62333333
2023-02-18 09:00:00,0.5022000000000001,33.69,22.49666667
2023-02-18 10:00:00,0.6416999999999999,30,22.41857143
2023-02-18 11:00:00,0.7161000000000001,28.35,22.195
2023-02-18 12:00:00,0.7068000000000001,26.26,21.02333333
2023-02-18 13:00:00,0.6416999999999999,26.26,20.67583333
2023-02-18 14:00:00,0.5208,26.02,18.1325
2023-02-18 15:00:00,0.3627,26.86,20.48083333
2023-02-18 16:00:00,0.1953,33.51,25.76916667
2023-02-18 17:00:00,0.0279,42.82,30.095
2023-02-18 18:00:00,0,46.26,76.9225
2023-02-18 19:00:00,0,41.71,122.9075
2023-02-18 20:00:00,0,34.84,34.35083333
2023-02-18 21:00:00,0,33.05,29.4625
2023-02-18 22:00:00,0,31.69,22.83333333
2023-02-18 23:00:00,0,29.6,20.56
2023-02-19 00:00:00,0,25.23,15.44166667
2023-02-19 01:00:00,0,24.72,19.57833333
2023-02-19 02:00:00,0,23.23,19.62416667
2023-02-19 03:00:00,0,23.23,20.35333333
2023-02-19 04:00:00,0,23.23,16.865
2023-02-19 05:00:00,0,24.46,14.45
2023-02-19 06:00:00,0,25.76,14.53666667
2023-02-19 07:00:00,0.037200000000000004,27.23,14.43333333
2023-02-19 08:00:00,0.1395,25.93,11.85666667
2023-02-19 09:00:00,0.2325,25.88,14.3475
2023-02-19 10:00:00,0.3441,24.67,20.58416667
2023-02-19 11:00:00,0.4371,24.01,20.52166667
2023-02-19 12:00:00,0.47430000000000005,23.57,22.22357143
2023-02-19 13:00:00,0.4278,22.57,18.38666667
2023-02-19 14:00:00,0.37200000000000005,23.28,18.86333333
2023-02-19 15:00:00,0.29760000000000003,25.25,20.14666667
2023-02-19 16:00:00,0.1674,28.64,18.68833333
2023-02-19 17:00:00,0.0279,35.21,21.6275
2023-02-19 18:00:00,0,39.55,22.05583333
2023-02-19 19:00:00,0,32.07,19.73416667
2023-02-19 20:00:00,0,28.13,20.24333333
2023-02-19 21:00:00,0,26.23,19.24916667
2023-02-19 22:00:00,0,24.84,18.27083333
2023-02-19 23:00:00,0,23.36,16.53166667
2023-02-20 00:00:00,0,20.57,14.555
2023-02-20 01:00:00,0,20.08,12.52916667
2023-02-20 02:00:00,0,19.33,15.05333333
2023-02-20 03:00:00,0,19.33,14.91916667
2023-02-20 04:00:00,0,19.26,13.3625
2023-02-20 05:00:00,0,21.07,14.99583333
2023-02-20 06:00:00,0,24.36,25.26833333
2023-02-20 07:00:00,0.07440000000000001,27.55,24.3425
2023-02-20 08:00:00,0.2697,28.97,21.1175
2023-02-20 09:00:00,0.4278,27.96,47.46916667
2023-02-20 10:00:00,0.49290000000000006,26.82,25.57833333
2023-02-20 11:00:00,0.47430000000000005,26.33,23.86
2023-02-20 12:00:00,0.4464,25.35,19.7225
2023-02-20 13:00:00,0.4092,24.38,11.14083333
2023-02-20 14:00:00,0.3813,23.19,2.751666667
2023-02-20 15:00:00,0.29760000000000003,23.89,14.445
2023-02-20 16:00:00,0.17670000000000002,27.11,18.5175
2023-02-20 17:00:00,0.0279,36.83,68.27333333
2023-02-20 18:00:00,0,40.37,141.0441667
2023-02-20 19:00:00,0,34.61,75.97666667
2023-02-20 20:00:00,0,30.51,31.02833333
2023-02-20 21:00:00,0,27.1,20.91571429
2023-02-20 22:00:00,0,25.13,19.60083333
2023-02-20 23:00:00,0,23.64,16.68
2023-02-21 00:00:00,0,22.64,19.38083333
2023-02-21 01:00:00,0,21.45,14.6425
2023-02-21 02:00:00,0,20.94,18.245
2023-02-21 03:00:00,0,20.68,15.25583333
2023-02-21 04:00:00,0,21.81,15.985
2023-02-21 05:00:00,0,23.86,16.94166667
2023-02-21 06:00:00,0,30.36,23.46916667
2023-02-21 07:00:00,0.0837,34.09,27.68583333
2023-02-21 08:00:00,0.25110000000000005,33.47,23.61
2023-02-21 09:00:00,0.3813,32.08,22.61583333
2023-02-21 10:00:00,0.4464,30.12,39.87642857
2023-02-21 11:00:00,0.4557,28.18,62.315
2023-02-21 12:00:00,0.47430000000000005,26.81,27.68916667
2023-02-21 13:00:00,0.37200000000000005,27.12,26.5025
2023-02-21 14:00:00,0.31620000000000004,26.52,26.30333333
2023-02-21 15:00:00,0.2604,26.4,26.575
2023-02-21 16:00:00,0.15810000000000002,29.57,25.12166667
2023-02-21 17:00:00,0.0279,41.25,26.0775
2023-02-21 18:00:00,0,42.8,25.45083333
2023-02-21 19:00:00,0,36.69,25.07583333
2023-02-21 20:00:00,0,30.52,26.60333333
2023-02-21 21:00:00,0,27.99,26.9975
2023-02-21 22:00:00,0,26.03,25.62666667
2023-02-21 23:00:00,0,24.68,25.35916667
2023-02-22 00:00:00,0,22.87,23.44583333
2023-02-22 01:00:00,0,22.4,19.64166667
2023-02-22 02:00:00,0,21.61,19.31833333
2023-02-22 03:00:00,0,22.32,19.93166667
2023-02-22 04:00:00,0,22.74,20.5375
2023-02-22 05:00:00,0,24.88,22.13333333
2023-02-22 06:00:00,0,32.84,24.42
2023-02-22 07:00:00,0.07440000000000001,37.19,23.9875
2023-02-22 08:00:00,0.24180000000000001,31.09,21.85857143
2023-02-22 09:00:00,0.41850000000000004,29.12,21.78833333
2023-02-22 10:00:00,0.5394,27.5,31.644
2023-02-22 11:00:00,0.6696,27.49,24.65666667
2023-02-22 12:00:00,0.7254,27.85,23.05333333
2023-02-22 13:00:00,0.7068000000000001,27.98,28.0175
2023-02-22 14:00:00,0.6324000000000001,27.19,25.765
2023-02-22 15:00:00,0.48360000000000003,27.51,24.28666667
2023-02-22 16:00:00,0.2697,31.1,23.93583333
2023-02-22 17:00:00,0.04650000000000001,40.24,27.22
2023-02-22 18:00:00,0,45.2,29.17
2023-02-22 19:00:00,0,36.98,28.04416667
2023-02-22 20:00:00,0,29.62,30.97333333
2023-02-22 21:00:00,0,28.13,29.6575
2023-02-22 22:00:00,0,25.83,28.1475
2023-02-22 23:00:00,0,25,26.4925
2023-02-23 00:00:00,0,23.14,24.54666667
2023-02-23 01:00:00,0,22.52,25.5925
2023-02-23 02:00:00,0,22,26.77083333
2023-02-23 03:00:00,0,21.61,29.77583333
2023-02-23 04:00:00,0,22.33,31.93833333
2023-02-23 05:00:00,0,24.4,25.53166667
2023-02-23 06:00:00,0,30.08,43.31583333
2023-02-23 07:00:00,0.12090000000000001,33.16,48.20214286
2023-02-23 08:00:00,0.3255,35.87,57.27166667
2023-02-23 09:00:00,0.49290000000000006,36.39,35.7575
2023-02-23 10:00:00,0.6045,32.61,38.75
2023-02-23 11:00:00,0.6416999999999999,30.12,34.99333333
2023-02-23 12:00:00,0.6045,29.5,33.77833333
2023-02-23 13:00:00,0.5208,28.29,39.50785714
2023-02-23 14:00:00,0.3813,27.9,39.15666667
2023-02-23 15:00:00,0.2604,28.37,39.56916667
2023-02-23 16:00:00,0.14880000000000002,31.86,39.08583333
2023-02-23 17:00:00,0.0279,40.33,35.4275
2023-02-23 18:00:00,0,48.9,44.78916667
2023-02-23 19:00:00,0,37.56,36.31333333
2023-02-23 20:00:00,0,33.84,39.0125
2023-02-23 21:00:00,0,28.29,40.45666667
2023-02-23 22:00:00,0,25.06,28.2725
2023-02-23 23:00:00,0,23.86,24.89416667
2023-02-24 00:00:00,0,25.65,21.62083333
2023-02-24 01:00:00,0,25.03,15.8825
2023-02-24 02:00:00,0,23.75,18.8175
2023-02-24 03:00:00,0,23.82,25.00083333
2023-02-24 04:00:00,0,23.98,24.38083333
2023-02-24 05:00:00,0,25.5,30.7025
2023-02-24 06:00:00,0,32.61,30.16166667
2023-02-24 07:00:00,0.0558,37.99,38.24833333
2023-02-24 08:00:00,0.1674,39.15,39.01833333
2023-02-24 09:00:00,0.279,41.11,36.60285714
2023-02-24 10:00:00,0.35340000000000005,64.7,43.68083333
2023-02-24 11:00:00,0.4092,62.86,38.74666667
2023-02-24 12:00:00,0.47430000000000005,61.75,39.53083333
2023-02-24 13:00:00,0.4464,59.37,54.055
2023-02-24 14:00:00,0.3627,59.34,50.38785714
2023-02-24 15:00:00,0.2604,64.7,48.69083333
2023-02-24 16:00:00,0.14880000000000002,81.41,43.55916667
2023-02-24 17:00:00,0.0279,90.67,45.85333333
2023-02-24 18:00:00,0,102.4,44.08666667
2023-02-24 19:00:00,0,92.73,43.60416667
2023-02-24 20:00:00,0,71.28,43.61083333
2023-02-24 21:00:00,0,67.57,46.59083333
2023-02-24 22:00:00,0,66.37,53.7475
2023-02-24 23:00:00,0,66.09,44.41166667
2023-02-25 00:00:00,0,67,41.86916667
2023-02-25 01:00:00,0,60.69,31.58666667
2023-02-25 02:00:00,0,43.97,32.86
2023-02-25 03:00:00,0,56.17,27.1575
2023-02-25 04:00:00,0,56.37,44.16
2023-02-25 05:00:00,0,59.11,43.91583333
2023-02-25 06:00:00,0,68.73,43.19833333
2023-02-25 07:00:00,0.12090000000000001,75.44,43.38928571
2023-02-25 08:00:00,0.3255,74.89,42.18083333
2023-02-25 09:00:00,0.5208,75.53,44.16416667
2023-02-25 10:00:00,0.651,73.55,52.45333333
2023-02-25 11:00:00,0.7533000000000001,69.13,64.97916667
2023-02-25 12:00:00,0.7719,64.27,41.50083333
2023-02-25 13:00:00,0.7161000000000001,66.26,40.53416667
2023-02-25 14:00:00,0.6231000000000001,67.69,40.685
2023-02-25 15:00:00,0.465,68.12,45.52333333
2023-02-25 16:00:00,0.25110000000000005,61.73,42.51583333
2023-02-25 17:00:00,0.04650000000000001,77.16,49.06583333
2023-02-25 18:00:00,0,87,57.44833333
2023-02-25 19:00:00,0,77.56,41.33333333
2023-02-25 20:00:00,0,68.8,59.32625
2023-02-25 21:00:00,0,68.68,54.17166667
2023-02-25 22:00:00,0,60.52,51.18416667
2023-02-25 23:00:00,0,60.27,39.81166667
2023-02-26 00:00:00,0,59.95,26.40142857
2023-02-26 01:00:00,0,47.64,45.94166667
2023-02-26 02:00:00,0,44.47,77.64833333
2023-02-26 03:00:00,0,40.98,37.87333333
2023-02-26 04:00:00,0,43.37,36.31083333
2023-02-26 05:00:00,0,43.38,61.1475
2023-02-26 06:00:00,0,48.68,46.92583333
2023-02-26 07:00:00,0.07440000000000001,50.84,47.78833333
2023-02-26 08:00:00,0.2139,48.59,42.14916667
2023-02-26 09:00:00,0.35340000000000005,47.05,54.97166667
2023-02-26 10:00:00,0.47430000000000005,39.31,51.17333333
2023-02-26 11:00:00,0.5022000000000001,35.97,49.79583333
2023-02-26 12:00:00,0.465,33.13,53.24916667
2023-02-26 13:00:00,0.4371,33.36,49.45
2023-02-26 14:00:00,0.31620000000000004,34.01,46.89166667
2023-02-26 15:00:00,0.2139,33.57,44.29583333
2023-02-26 16:00:00,0.1302,47.08,45.75083333
2023-02-26 17:00:00,0.0279,49.8,49.64416667
2023-02-26 18:00:00,0,57.9,49.84214286
2023-02-26 19:00:00,0,52.6,53.04785714
2023-02-26 20:00:00,0,49.14,51.4
2023-02-26 21:00:00,0,49.78,44.67833333
2023-02-26 22:00:00,0,37.24,54.69333333
2023-02-26 23:00:00,0,35.47,51.131875
2023-02-27 00:00:00,0,35.75,60.95384615
2023-02-27 01:00:00,0,34.39,34.35
2023-02-27 02:00:00,0,31.52,40.14
2023-02-27 03:00:00,0,31.48,46.83583333
2023-02-27 04:00:00,0,34.07,43.33142857
2023-02-27 05:00:00,0,39.39,25.28333333
2023-02-27 06:00:00,0,57.57,41.25083333
2023-02-27 07:00:00,0.0558,69.04,53.31333333
2023-02-27 08:00:00,0.14880000000000002,64.04,59.904375
2023-02-27 09:00:00,0.1953,53.6,30.965
2023-02-27 10:00:00,0.2604,44.17,46.97583333
2023-02-27 11:00:00,0.3255,46.16,40.98166667
2023-02-27 12:00:00,0.31620000000000004,44.25,40.86916667
2023-02-27 13:00:00,0.2883,43.04,34.50142857
2023-02-27 14:00:00,0.24180000000000001,45.46,55.27083333
2023-02-27 15:00:00,0.17670000000000002,49.1,47.92
2023-02-27 16:00:00,0.1116,55.13,91.78666667
2023-02-27 17:00:00,0.0279,62.19,67.52166667
2023-02-27 18:00:00,0,83.18,69.2825
2023-02-27 19:00:00,0,68.14,75.26166667
2023-02-27 20:00:00,0,56.38,72.32083333
2023-02-27 21:00:00,0,53.58,188.59
2023-02-27 22:00:00,0,49.45,106.4275
2023-02-27 23:00:00,0,45.39,158.0283333
2023-02-28 00:00:00,0,47.77,74.16
2023-02-28 01:00:00,0,44.73,92.17928571
2023-02-28 02:00:00,0,40.6,52.10833333
2023-02-28 03:00:00,0,40.21,53.29
2023-02-28 04:00:00,0,40.58,57.14333333
2023-02-28 05:00:00,0,46.29,119.0564286
2023-02-28 06:00:00,0,56.18,79.53833333
2023-02-28 07:00:00,0.1395,64.34,59.39333333
2023-02-28 08:00:00,0.37200000000000005,64.34,62.17214286
2023-02-28 09:00:00,0.5673,63.89,65.77142857
2023-02-28 10:00:00,0.6882,51.38,67.225
2023-02-28 11:00:00,0.7626,49.45,124.3741667
2023-02-28 12:00:00,0.7533000000000001,48.1,61.88583333
2023-02-28 13:00:00,0.6975,45.09,56.12142857
2023-02-28 14:00:00,0.6045,43.4,45.62428571
2023-02-28 15:00:00,0.4371,42.93,39.46
2023-02-28 16:00:00,0.2325,49.94,42.89583333
2023-02-28 17:00:00,0.04650000000000001,48.76,41.17
2023-02-28 18:00:00,0,52.39,39.89333333
2023-02-28 19:00:00,0,46.51,47.02583333
2023-02-28 20:00:00,0,41.48,45.12785714
2023-02-28 21:00:00,0,39.05,57.23833333
2023-02-28 22:00:00,0,34.6,44.33416667
2023-02-28 23:00:00,0,33.88,39.68583333
2023-03-01 00:00:00,0,32.46,45.44214286
2023-03-01 01:00:00,0,28.84,26.6625
2023-03-01 02:00:00,0,28.32,32.17916667
2023-03-01 03:00:00,0,27.48,28.64333333
2023-03-01 04:00:00,0,28.02,24.0925
2023-03-01 05:00:00,0,31.1,24.18166667
2023-03-01 06:00:00,0,43.85,53.01833333
2023-03-01 07:00:00,0.1116,53.96,70.875
2023-03-01 08:00:00,0.29760000000000003,49.29,32.37714286
2023-03-01 09:00:00,0.48360000000000003,41.35,41.04923077
2023-03-01 10:00:00,0.6138,37.98,46.59
2023-03-01 11:00:00,0.6696,36.42,27.53666667
2023-03-01 12:00:00,0.651,35.89,28.30714286
2023-03-01 13:00:00,0.6045,34.48,26.55333333
2023-03-01 14:00:00,0.5301,33.46,46.48214286
2023-03-01 15:00:00,0.37200000000000005,35.24,38.3725
2023-03-01 16:00:00,0.2046,39.89,46.56583333
2023-03-01 17:00:00,0.037200000000000004,47.66,42.37916667
2023-03-01 18:00:00,0,49.21,43.8525
2023-03-01 19:00:00,0,43.72,43.00083333
2023-03-01 20:00:00,0,38.35,54.27166667
2023-03-01 21:00:00,0,36.03,31.27714286
2023-03-01 22:00:00,0,32.92,30.7525
2023-03-01 23:00:00,0,30.31,30.57833333
2023-03-02 00:00:00,0,27.23,40.0825
2023-03-02 01:00:00,0,26.02,26.24666667
2023-03-02 02:00:00,0,25.29,24.91583333
2023-03-02 03:00:00,0,25,27.92
2023-03-02 04:00:00,0,25.63,24.07083333
2023-03-02 05:00:00,0,26.99,25.71916667
2023-03-02 06:00:00,0,33.42,55.73916667
2023-03-02 07:00:00,0.09300000000000001,37.01,36.5075
2023-03-02 08:00:00,0.25110000000000005,35.92,51.23666667
2023-03-02 09:00:00,0.39990000000000003,35.71,51.60428571
2023-03-02 10:00:00,0.49290000000000006,32.03,38.82785714
2023-03-02 11:00:00,0.5487,29.89,57.41416667
2023-03-02 12:00:00,0.6138,29.47,31.98583333
2023-03-02 13:00:00,0.5487,28.49,46.21333333
2023-03-02 14:00:00,0.47430000000000005,28.35,28.1025
2023-03-02 15:00:00,0.3441,28.99,37.3525
2023-03-02 16:00:00,0.2046,31.58,28.4725
2023-03-02 17:00:00,0.04650000000000001,37.18,51.51
2023-03-02 18:00:00,0,46.18,48.80416667
2023-03-02 19:00:00,0,39.19,34.78333333
2023-03-02 20:00:00,0,32.52,46.13333333
2023-03-02 21:00:00,0,29.93,65.56416667
2023-03-02 22:00:00,0,28.28,33.99083333
2023-03-02 23:00:00,0,27.18,26.15
2023-03-03 00:00:00,0,26.76,25.40083333
2023-03-03 01:00:00,0,25.41,25.0275
2023-03-03 02:00:00,0,25,25.32333333
2023-03-03 03:00:00,0,25.13,25.91083333
2023-03-03 04:00:00,0,25.95,27.33916667
2023-03-03 05:00:00,0,27.44,30.1825
2023-03-03 06:00:00,0.009300000000000001,34.45,29.40666667
2023-03-03 07:00:00,0.1395,38.43,30.16833333
2023-03-03 08:00:00,0.3441,37.05,26.36583333
2023-03-03 09:00:00,0.5115000000000001,34.87,26.24
2023-03-03 10:00:00,0.6231000000000001,32.7,26.85666667
2023-03-03 11:00:00,0.6789000000000001,32.39,26.52083333
2023-03-03 12:00:00,0.6603,31.44,25.8825
2023-03-03 13:00:00,0.6138,30.52,26.2075
2023-03-03 14:00:00,0.5208,31.56,29.965
2023-03-03 15:00:00,0.3906,33.49,33.8075
2023-03-03 16:00:00,0.2232,40.29,32.33
2023-03-03 17:00:00,0.04650000000000001,48.35,34.12583333
2023-03-03 18:00:00,0,50.03,32.38083333
2023-03-03 19:00:00,0,44.36,31.48166667
2023-03-03 20:00:00,0,37.52,37.75
2023-03-03 21:00:00,0,34.88,43.11583333
2023-03-03 22:00:00,0,32.32,32.49416667
2023-03-03 23:00:00,0,31.17,28.97083333
2023-03-04 00:00:00,0,35.4,27.24083333
2023-03-04 01:00:00,0,32.62,26.6625
2023-03-04 02:00:00,0,31.6,24.72
2023-03-04 03:00:00,0,31.01,25.92166667
2023-03-04 04:00:00,0,30.62,27.3475
2023-03-04 05:00:00,0,30.2,28.37166667
2023-03-04 06:00:00,0.009300000000000001,33.05,25.81916667
2023-03-04 07:00:00,0.1395,35.52,26.45833333
2023-03-04 08:00:00,0.3813,37.89,35.525
2023-03-04 09:00:00,0.5859000000000001,39.18,35.7375
2023-03-04 10:00:00,0.7068000000000001,37.23,31.69166667
2023-03-04 11:00:00,0.7812,37.99,44.365
2023-03-04 12:00:00,0.7905,36.57,28.4875
2023-03-04 13:00:00,0.7347,35.41,29.42583333
2023-03-04 14:00:00,0.6416999999999999,35.56,27.9625
2023-03-04 15:00:00,0.48360000000000003,35.69,28.3125
2023-03-04 16:00:00,0.279,39.57,48.08083333
2023-03-04 17:00:00,0.0651,45.45,29.45166667
2023-03-04 18:00:00,0,47.07,39.60583333
2023-03-04 19:00:00,0,44.58,127.8166667
2023-03-04 20:00:00,0,36.77,43.59583333
2023-03-04 21:00:00,0,34.81,30.23416667
2023-03-04 22:00:00,0,32.5,29.10666667
2023-03-04 23:00:00,0,32.19,27.785
2023-03-05 00:00:00,0,31.46,49.2175
2023-03-05 01:00:00,0,29.62,30.91666667
2023-03-05 02:00:00,0,28.47,30.86833333
2023-03-05 03:00:00,0,29.18,27.20416667
2023-03-05 04:00:00,0,28.45,28.34
2023-03-05 05:00:00,0,29.78,27.61583333
2023-03-05 06:00:00,0.009300000000000001,31.29,27.86833333
2023-03-05 07:00:00,0.15810000000000002,31.36,28.97833333
2023-03-05 08:00:00,0.37200000000000005,30.54,30.45083333
2023-03-05 09:00:00,0.5673,32.1,26.6125
2023-03-05 10:00:00,0.6975,30.88,25.175
2023-03-05 11:00:00,0.7533000000000001,29.96,20.45666667
2023-03-05 12:00:00,0.7440000000000001,29.29,23.03916667
2023-03-05 13:00:00,0.6603,28.92,26.88083333
2023-03-05 14:00:00,0.558,28.98,27.485
2023-03-05 15:00:00,0.39990000000000003,28.41,27.80333333
2023-03-05 16:00:00,0.2232,31.07,27.02
2023-03-05 17:00:00,0.04650000000000001,36.37,29.4875
2023-03-05 18:00:00,0,44.41,31.16083333
2023-03-05 19:00:00,0,44.35,37.20583333
2023-03-05 20:00:00,0,36.79,30.8625
2023-03-05 21:00:00,0,33.7,35.44785714
2023-03-05 22:00:00,0,30.67,31.8675
2023-03-05 23:00:00,0,30.28,29.96416667
2023-03-06 00:00:00,0,29.81,28.4
2023-03-06 01:00:00,0,28.41,25.83333333
2023-03-06 02:00:00,0,28.05,25.51916667
2023-03-06 03:00:00,0,28.11,25.38916667
2023-03-06 04:00:00,0,29.39,26.61333333
2023-03-06 05:00:00,0,31.03,27.74916667
2023-03-06 06:00:00,0,40.41,32.5675
2023-03-06 07:00:00,0.07440000000000001,51.26,25.97416667
2023-03-06 08:00:00,0.1953,41.56,23.78166667
2023-03-06 09:00:00,0.29760000000000003,36.97,23.43166667
2023-03-06 10:00:00,0.3906,34.43,30.69166667
2023-03-06 11:00:00,0.4371,32.61,29.52666667
2023-03-06 12:00:00,0.465,31.51,28.77714286
2023-03-06 13:00:00,0.3906,31.31,28.2875
2023-03-06 14:00:00,0.3255,31.31,27.99833333
2023-03-06 15:00:00,0.2325,32.56,29.29083333
2023-03-06 16:00:00,0.1302,37.08,30.12666667
2023-03-06 17:00:00,0.0279,48.5,115.7885714
2023-03-06 18:00:00,0,54.06,261.7083333
2023-03-06 19:00:00,0,48.76,53.7125
2023-03-06 20:00:00,0,41.38,45.91
2023-03-06 21:00:00,0,37.08,40.2625
2023-03-06 22:00:00,0,33.08,31.72416667
2023-03-06 23:00:00,0,33.03,26.14083333
2023-03-07 00:00:00,0,32.08,26.705
2023-03-07 01:00:00,0,29.19,32.35928571
2023-03-07 02:00:00,0,28.4,27.0625
2023-03-07 03:00:00,0,28.71,27.005
2023-03-07 04:00:00,0,29.17,28.88583333
2023-03-07 05:00:00,0,31.49,34.35333333
2023-03-07 06:00:00,0,48.05,33.93833333
2023-03-07 07:00:00,0.0651,62.91,36.13333333
2023-03-07 08:00:00,0.1953,54.71,26.98416667
2023-03-07 09:00:00,0.3255,50.29,25.35083333
2023-03-07 10:00:00,0.41850000000000004,43.39,33.1175
2023-03-07 11:00:00,0.48360000000000003,40.83,37.70833333
2023-03-07 12:00:00,0.47430000000000005,41.37,30.85083333
2023-03-07 13:00:00,0.4371,41.35,34.65733333
2023-03-07 14:00:00,0.37200000000000005,40.71,32.4975
2023-03-07 15:00:00,0.2883,41.08,62.14666667
2023-03-07 16:00:00,0.17670000000000002,44.75,43.53142857
2023-03-07 17:00:00,0.04650000000000001,54.42,60.72166667
2023-03-07 18:00:00,0,69.86,63.08416667
2023-03-07 19:00:00,0,61.4,47.61142857
2023-03-07 20:00:00,0,51.91,49.3925
2023-03-07 21:00:00,0,44.95,60.74583333
2023-03-07 22:00:00,0,43.08,42.69416667
2023-03-07 23:00:00,0,41.91,34.39857143
2023-03-08 00:00:00,0,41.08,37.5175
2023-03-08 01:00:00,0,38.16,29.7475
2023-03-08 02:00:00,0,36.89,31.615
2023-03-08 03:00:00,0,36.99,29.35916667
2023-03-08 04:00:00,0,37.67,33.14416667
2023-03-08 05:00:00,0,43.33,38.72916667
2023-03-08 06:00:00,0.009300000000000001,64.95,64.46666667
2023-03-08 07:00:00,0.12090000000000001,62.19,39.995
2023-03-08 08:00:00,0.29760000000000003,49.65,38.19166667
2023-03-08 09:00:00,0.41850000000000004,44.58,33.42083333
2023-03-08 10:00:00,0.5115000000000001,39.94,28.22416667
2023-03-08 11:00:00,0.558,37.08,30.8525
2023-03-08 12:00:00,0.5766,34.95,28.76083333
2023-03-08 13:00:00,0.5208,34.85,29.7375
2023-03-08 14:00:00,0.49290000000000006,34.52,25.86083333
2023-03-08 15:00:00,0.3627,36.84,27.765
2023-03-08 16:00:00,0.1953,42.25,27.68083333
2023-03-08 17:00:00,0.04650000000000001,49.24,36.6725
2023-03-08 18:00:00,0,60.91,43.7675
2023-03-08 19:00:00,0,54.48,48.8225
2023-03-08 20:00:00,0,50.1,42.20833333
2023-03-08 21:00:00,0,43.81,29.95166667
2023-03-08 22:00:00,0,37.05,26.23
2023-03-08 23:00:00,0,36.1,18.41583333
2023-03-09 00:00:00,0,32.08,29.5475
2023-03-09 01:00:00,0,30.36,26.65583333
2023-03-09 02:00:00,0,31.02,27.27666667
2023-03-09 03:00:00,0,29.84,25.82083333
2023-03-09 04:00:00,0,31.14,26.715
2023-03-09 05:00:00,0,34,29.11785714
2023-03-09 06:00:00,0.009300000000000001,50.46,47.5825
2023-03-09 07:00:00,0.14880000000000002,50.01,38.59166667
2023-03-09 08:00:00,0.3813,44.19,26.26333333
2023-03-09 09:00:00,0.5766,37.52,24.98416667
2023-03-09 10:00:00,0.7068000000000001,32.32,25.33416667
2023-03-09 11:00:00,0.7719,31.65,25.035
2023-03-09 12:00:00,0.7812,30.14,-1.703571429
2023-03-09 13:00:00,0.7254,29.72,12.77583333
2023-03-09 14:00:00,0.6324000000000001,29.63,9.145714286
2023-03-09 15:00:00,0.47430000000000005,30.77,20.47833333
2023-03-09 16:00:00,0.2697,35.13,28.86083333
2023-03-09 17:00:00,0.0651,49.07,65.95916667
2023-03-09 18:00:00,0,52,87.28142857
2023-03-09 19:00:00,0,48.94,35.98333333
2023-03-09 20:00:00,0,45.56,27.27416667
2023-03-09 21:00:00,0,37.43,25.50083333
2023-03-09 22:00:00,0,32.63,25.78916667
2023-03-09 23:00:00,0,32.33,21.18833333
2023-03-10 00:00:00,0,30.21,18.18
2023-03-10 01:00:00,0,27.24,24.62666667
2023-03-10 02:00:00,0,26.39,23.50916667
2023-03-10 03:00:00,0,26.26,23.06166667
2023-03-10 04:00:00,0,26.44,23.3375
2023-03-10 05:00:00,0,29.23,25.8175
2023-03-10 06:00:00,0.009300000000000001,41.32,31.36083333
2023-03-10 07:00:00,0.17670000000000002,44.01,29.74166667
2023-03-10 08:00:00,0.4092,39.07,25.5525
2023-03-10 09:00:00,0.6138,36.1,20.80916667
2023-03-10 10:00:00,0.7347,32.48,26.4
2023-03-10 11:00:00,0.7905,31.48,26.21833333
2023-03-10 12:00:00,0.7812,30.49,26.56333333
2023-03-10 13:00:00,0.7161000000000001,31.74,26.53916667
2023-03-10 14:00:00,0.6231000000000001,32.42,27.91416667
2023-03-10 15:00:00,0.465,33.31,28.01083333
2023-03-10 16:00:00,0.279,38.68,26.4025
2023-03-10 17:00:00,0.07440000000000001,48.93,33.0575
2023-03-10 18:00:00,0,56.21,31.9325
2023-03-10 19:00:00,0,48.55,158.23
2023-03-10 20:00:00,0,41.68,59.14833333
2023-03-10 21:00:00,0,37.97,26.995
2023-03-10 22:00:00,0,32.59,30.48666667
2023-03-10 23:00:00,0,30.94,25.37916667
2023-03-11 00:00:00,0,32.5,34.67166667
2023-03-11 01:00:00,0,31.51,38.12
2023-03-11 02:00:00,0,30.15,35.02416667
2023-03-11 03:00:00,0,29.8,40.9525
2023-03-11 04:00:00,0,29.94,31.645
2023-03-11 05:00:00,0,31.6,34.29
2023-03-11 06:00:00,0.018600000000000002,35.86,49.66
2023-03-11 07:00:00,0.18600000000000003,38.05,41.2475
2023-03-11 08:00:00,0.4371,38.41,41.72214286
2023-03-11 09:00:00,0.6416999999999999,39.92,59.48
2023-03-11 10:00:00,0.7719,38.55,49.10416667
2023-03-11 11:00:00,0.8370000000000001,38.19,35.03583333
2023-03-11 12:00:00,0.8463,34.87,39.295
2023-03-11 13:00:00,0.7998000000000001,33.94,42.2575
2023-03-11 14:00:00,0.6975,33.63,44.22666667
2023-03-11 15:00:00,0.5301,34.58,37.58416667
2023-03-11 16:00:00,0.3069,37.13,46.14166667
2023-03-11 17:00:00,0.0837,49.01,31.91083333
2023-03-11 18:00:00,0,55.21,31.04166667
2023-03-11 19:00:00,0,50.87,75.78714286
2023-03-11 20:00:00,0,45.32,39.16916667
2023-03-11 21:00:00,0,38.4,54.88
2023-03-11 22:00:00,0,34.79,40.52583333
2023-03-11 23:00:00,0,33.9,28.54333333
2023-03-12 00:00:00,0,30.94,15.28166667
2023-03-12 01:00:00,0,28.96,21.86583333
2023-03-12 03:00:00,0,27.56,32.03642857
2023-03-12 04:00:00,0,28.12,25.50214286
2023-03-12 05:00:00,0,28.67,42.16333333
2023-03-12 06:00:00,0,32.4,18.34
2023-03-12 07:00:00,0.018600000000000002,33.48,25.57916667
2023-03-12 08:00:00,0.17670000000000002,34.65,14.47166667
2023-03-12 09:00:00,0.39990000000000003,33.87,15.72583333
2023-03-12 10:00:00,0.5673,29.83,24.4775
2023-03-12 11:00:00,0.6789000000000001,28.81,25.5875
2023-03-12 12:00:00,0.7347,28.28,23.71333333
2023-03-12 13:00:00,0.7533000000000001,27.42,22.69083333
2023-03-12 14:00:00,0.7068000000000001,27.33,24.23083333
2023-03-12 15:00:00,0.6045,28.1,22.86666667
2023-03-12 16:00:00,0.4557,30.06,23.8175
2023-03-12 17:00:00,0.2604,38.55,23.73166667
2023-03-12 18:00:00,0.0651,49.92,25.78214286
2023-03-12 19:00:00,0,52.71,24.1325
2023-03-12 20:00:00,0,42.29,26.65583333
2023-03-12 21:00:00,0,35.4,34.49083333
2023-03-12 22:00:00,0,33.13,60.61916667
2023-03-12 23:00:00,0,30.68,37.50666667
2023-03-13 00:00:00,0,28.27,25.82583333
2023-03-13 01:00:00,0,26.97,30.50166667
2023-03-13 02:00:00,0,26.22,29.81333333
2023-03-13 03:00:00,0,26.06,26.85833333
2023-03-13 04:00:00,0,26.15,22.87428571
2023-03-13 05:00:00,0,29.12,25.49166667
2023-03-13 06:00:00,0,35.39,46.61166667
2023-03-13 07:00:00,0.018600000000000002,45.09,43.92666667
2023-03-13 08:00:00,0.17670000000000002,49.72,58.88666667
2023-03-13 09:00:00,0.3906,45.98,26.19916667
2023-03-13 10:00:00,0.5859000000000001,41.9,27.9275
2023-03-13 11:00:00,0.6975,41.73,27.07416667
2023-03-13 12:00:00,0.7626,39.37,31.35642857
2023-03-13 13:00:00,0.7812,39.21,29.6225
2023-03-13 14:00:00,0.7347,37.14,29.83666667
2023-03-13 15:00:00,0.6696,37.46,28.39583333
2023-03-13 16:00:00,0.5208,39.98,30.14416667
2023-03-13 17:00:00,0.29760000000000003,46.82,26.9825
2023-03-13 18:00:00,0.0837,50.85,34.86416667
2023-03-13 19:00:00,0,50.26,27.7075
2023-03-13 20:00:00,0,44.13,27.29416667
2023-03-13 21:00:00,0,36.93,53.2025
2023-03-13 22:00:00,0,32.63,34.45833333
2023-03-13 23:00:00,0,31.67,28.33916667
2023-03-14 00:00:00,0,29.53,26.30083333
2023-03-14 01:00:00,0,28.99,23.5825
2023-03-14 02:00:00,0,28.15,23.78583333
2023-03-14 03:00:00,0,28.18,23.00583333
2023-03-14 04:00:00,0,28.07,22.87083333
2023-03-14 05:00:00,0,31.15,20.65916667
2023-03-14 06:00:00,0,42.52,26.54428571
2023-03-14 07:00:00,0.018600000000000002,46.41,27.4475
2023-03-14 08:00:00,0.2046,50.75,23.26833333
2023-03-14 09:00:00,0.4464,48.92,31.24714286
2023-03-14 10:00:00,0.651,47.35,39.29666667
2023-03-14 11:00:00,0.7905,48.11,38.015
2023-03-14 12:00:00,0.8556,47.05,33.96416667
2023-03-14 13:00:00,0.8556,48.04,31.35083333
2023-03-14 14:00:00,0.8091,45.47,30.0375
2023-03-14 15:00:00,0.7068000000000001,44.9,32.95
2023-03-14 16:00:00,0.5394,44.13,31.81416667
2023-03-14 17:00:00,0.31620000000000004,51.31,37.28416667
2023-03-14 18:00:00,0.0837,55.26,41.88666667
2023-03-14 19:00:00,0,52.34,39.78666667
2023-03-14 20:00:00,0,46.93,34.73333333
2023-03-14 21:00:00,0,41.03,37.32166667
2023-03-14 22:00:00,0,36.95,33.96666667
2023-03-14 23:00:00,0,36.02,28.2225
2023-03-15 00:00:00,0,35.11,39.78666667
2023-03-15 01:00:00,0,31.56,29.07416667
2023-03-15 02:00:00,0,30.11,27.93166667
2023-03-15 03:00:00,0,30.1,31.28916667
2023-03-15 04:00:00,0,30.52,40.935
2023-03-15 05:00:00,0,35.67,41.22583333
2023-03-15 06:00:00,0,46.52,66.175
2023-03-15 07:00:00,0.018600000000000002,56.49,43.7
2023-03-15 08:00:00,0.1953,49.21,45.05416667
2023-03-15 09:00:00,0.4371,46.9,43.60071429
2023-03-15 10:00:00,0.6231000000000001,39.66,40.79214286
2023-03-15 11:00:00,0.7533000000000001,37.66,33.8625
2023-03-15 12:00:00,0.8184,35.23,28.49416667
2023-03-15 13:00:00,0.8091,33.54,27.21071429
2023-03-15 14:00:00,0.7533000000000001,34.04,28.14642857
2023-03-15 15:00:00,0.651,32.94,27.27461538
2023-03-15 16:00:00,0.49290000000000006,35.06,33.68076923
2023-03-15 17:00:00,0.2883,41.12,28.34416667
2023-03-15 18:00:00,0.0837,45.21,44.20916667
2023-03-15 19:00:00,0,49.27,42.38833333
2023-03-15 20:00:00,0,46.04,36.57357143
2023-03-15 21:00:00,0,39.98,48.56416667
2023-03-15 22:00:00,0,37.08,29.14
2023-03-15 23:00:00,0,33.71,23.2925
2023-03-16 00:00:00,0,30.59,31.14416667
2023-03-16 01:00:00,0,29.59,25.16416667
2023-03-16 02:00:00,0,28.44,29.32833333
2023-03-16 03:00:00,0,28.41,28.59416667
2023-03-16 04:00:00,0,29.01,29.82833333
2023-03-16 05:00:00,0,30.3,39.73416667
2023-03-16 06:00:00,0,44.18,45.105
2023-03-16 07:00:00,0.018600000000000002,51.38,47.965
2023-03-16 08:00:00,0.17670000000000002,44.62,44.5425
2023-03-16 09:00:00,0.4092,37.48,57.25142857
2023-03-16 10:00:00,0.6045,30.66,34.22928571
2023-03-16 11:00:00,0.7254,29.49,31.34333333
2023-03-16 12:00:00,0.7905,28.11,25.89166667
2023-03-16 13:00:00,0.7905,26.96,18.82333333
2023-03-16 14:00:00,0.7440000000000001,26.49,23.21571429
2023-03-16 15:00:00,0.651,26.89,26.40333333
2023-03-16 16:00:00,0.49290000000000006,28.29,36.285
2023-03-16 17:00:00,0.29760000000000003,35.66,30.95083333
2023-03-16 18:00:00,0.0837,42.43,36.57666667
2023-03-16 19:00:00,0,46.06,62.7775
2023-03-16 20:00:00,0,42.66,51.79714286
2023-03-16 21:00:00,0,34.12,47.06333333
2023-03-16 22:00:00,0,31.41,39.8225
2023-03-16 23:00:00,0,29.46,26.83333333
2023-03-17 00:00:00,0,28.09,25.41416667
2023-03-17 01:00:00,0,26.51,24.23166667
2023-03-17 02:00:00,0,25.4,24.79166667
2023-03-17 03:00:00,0,25.22,19.5725
2023-03-17 04:00:00,0,26.15,19.12
2023-03-17 05:00:00,0,29.33,28.11666667
2023-03-17 06:00:00,0,38.43,39.35833333
2023-03-17 07:00:00,0.018600000000000002,49.04,41.44
2023-03-17 08:00:00,0.1953,42.92,42.3375
2023-03-17 09:00:00,0.41850000000000004,40,36.42916667
2023-03-17 10:00:00,0.6045,32.3,32.45
2023-03-17 11:00:00,0.7347,31.05,26.25083333
2023-03-17 12:00:00,0.7905,30.3,27.51833333
2023-03-17 13:00:00,0.7905,28.97,27.62333333
2023-03-17 14:00:00,0.7347,28.43,27.66916667
2023-03-17 15:00:00,0.6324000000000001,29.06,29.99333333
2023-03-17 16:00:00,0.48360000000000003,30.34,41.61666667
2023-03-17 17:00:00,0.2883,37.08,41.8825
2023-03-17 18:00:00,0.0837,38.12,52.365
2023-03-17 19:00:00,0,44.49,58.66166667
2023-03-17 20:00:00,0,38.81,47.08083333
2023-03-17 21:00:00,0,31.3,49.35642857
2023-03-17 22:00:00,0,29.35,37.14083333
2023-03-17 23:00:00,0,27.78,26.81333333
2023-03-18 00:00:00,0,26.44,25.61583333
2023-03-18 01:00:00,0,25.5,24.32583333
2023-03-18 02:00:00,0,24.94,24.50666667
2023-03-18 03:00:00,0,24.45,20.4525
2023-03-18 04:00:00,0,24.41,20.98833333
2023-03-18 05:00:00,0,24.78,23.42083333
2023-03-18 06:00:00,0,27.61,25.24916667
2023-03-18 07:00:00,0.0279,32.32,36.37714286
2023-03-18 08:00:00,0.2046,30.57,41.03666667
2023-03-18 09:00:00,0.4371,29.39,44.185
2023-03-18 10:00:00,0.6138,27.91,39.96666667
2023-03-18 11:00:00,0.7440000000000001,27.52,39.71916667
2023-03-18 12:00:00,0.8184,26.16,25.60166667
2023-03-18 13:00:00,0.8277000000000001,24.32,25.49416667
2023-03-18 14:00:00,0.7812,24.11,21.45416667
2023-03-18 15:00:00,0.6882,25.69,16.70416667
2023-03-18 16:00:00,0.5301,27.57,22.92571429
2023-03-18 17:00:00,0.3069,36.16,22.89916667
2023-03-18 18:00:00,0.09300000000000001,41.41,23.56833333
2023-03-18 19:00:00,0,43.4,37.86333333
2023-03-18 20:00:00,0,42.57,28.6925
2023-03-18 21:00:00,0,36.34,28.40666667
2023-03-18 22:00:00,0,32.94,27.61916667
2023-03-18 23:00:00,0,31.2,22.985
2023-03-19 00:00:00,0,30.17,22.51428571
2023-03-19 01:00:00,0,28.61,19.72166667
2023-03-19 02:00:00,0,28.52,20.66166667
2023-03-19 03:00:00,0,28.3,20.985
2023-03-19 04:00:00,0,28.62,24.8225
2023-03-19 05:00:00,0,29.99,24.6675
2023-03-19 06:00:00,0,33.46,22.3325
2023-03-19 07:00:00,0.0279,34.84,26.29666667
2023-03-19 08:00:00,0.2139,34.52,27.1425
2023-03-19 09:00:00,0.4557,32.36,20.99166667
2023-03-19 10:00:00,0.651,32.3,23.3575
2023-03-19 11:00:00,0.7812,31.75,19.87166667
2023-03-19 12:00:00,0.8463,30.63,21.01333333
2023-03-19 13:00:00,0.8463,30.94,17.09833333
2023-03-19 14:00:00,0.7998000000000001,29.15,15.21583333
2023-03-19 15:00:00,0.6975,29.87,14.82
2023-03-19 16:00:00,0.5394,32.44,17.77333333
2023-03-19 17:00:00,0.31620000000000004,42.95,22.34833333
2023-03-19 18:00:00,0.09300000000000001,47.11,36.99083333
2023-03-19 19:00:00,0,52.27,43.7575
2023-03-19 20:00:00,0,49.48,35.62
2023-03-19 21:00:00,0,46.26,24.71916667
2023-03-19 22:00:00,0,37.14,27.755
2023-03-19 23:00:00,0,33.71,17.15
2023-03-20 00:00:00,0,29.75,24.715
2023-03-20 01:00:00,0,29.5,29.02833333
2023-03-20 02:00:00,0,29.18,26.43833333
2023-03-20 03:00:00,0,29.85,21.90833333
2023-03-20 04:00:00,0,31.51,33.99416667
2023-03-20 05:00:00,0,35.97,35.74916667
2023-03-20 06:00:00,0,49.17,44.265
2023-03-20 07:00:00,0.0279,61.66,81.75833333
2023-03-20 08:00:00,0.1953,52.41,48.01
2023-03-20 09:00:00,0.4092,45.62,45.0725
2023-03-20 10:00:00,0.5952000000000001,39.1,43.65583333
2023-03-20 11:00:00,0.7254,34.01,44.99125
2023-03-20 12:00:00,0.7905,29.56,43.72916667
2023-03-20 13:00:00,0.7812,29.5,42.34083333
2023-03-20 14:00:00,0.7161000000000001,29.47,39.61357143
2023-03-20 15:00:00,0.6045,30.33,42.185
2023-03-20 16:00:00,0.4557,34.18,58.68785714
2023-03-20 17:00:00,0.279,42.76,41.88416667
2023-03-20 18:00:00,0.0837,47.3,42.98142857
2023-03-20 19:00:00,0,58.07,74.366875
2023-03-20 20:00:00,0,50.93,52.15
2023-03-20 21:00:00,0,43.5,61.85714286
2023-03-20 22:00:00,0,35.35,43.58666667
2023-03-20 23:00:00,0,32.39,35.08916667
2023-03-21 00:00:00,0,27.42,29.54583333
2023-03-21 01:00:00,0,25.74,32.08
2023-03-21 02:00:00,0,25.55,28.645
2023-03-21 03:00:00,0,25.29,27.98916667
2023-03-21 04:00:00,0,27.32,27.86166667
2023-03-21 05:00:00,0,31.43,35.45833333
2023-03-21 06:00:00,0,46.67,41.99916667
2023-03-21 07:00:00,0.018600000000000002,60.49,118.1691667
2023-03-21 08:00:00,0.15810000000000002,47.05,69.33
2023-03-21 09:00:00,0.3255,39.59,52.50428571
2023-03-21 10:00:00,0.47430000000000005,29.87,46.36
2023-03-21 11:00:00,0.5673,28.92,29.66
2023-03-21 12:00:00,0.6138,26.4,18.26
2023-03-21 13:00:00,0.6416999999999999,25.05,22.57833333
2023-03-21 14:00:00,0.6324000000000001,24.7,25.06714286
2023-03-21 15:00:00,0.5487,26.06,32.18333333
2023-03-21 16:00:00,0.39990000000000003,29.29,38.68833333
2023-03-21 17:00:00,0.24180000000000001,35.45,25.71
2023-03-21 18:00:00,0.07440000000000001,42.45,36.29571429
2023-03-21 19:00:00,0,46.56,37.64
2023-03-21 20:00:00,0,44.33,31.11833333
2023-03-21 21:00:00,0,36.58,33.0075
2023-03-21 22:00:00,0,29.61,23.1525
2023-03-21 23:00:00,0,27.49,18.35416667
2023-03-22 00:00:00,0,24.33,22.31416667
2023-03-22 01:00:00,0,23.43,20.85833333
2023-03-22 02:00:00,0,22.89,19.80916667
2023-03-22 03:00:00,0,22.81,21.96571429
2023-03-22 04:00:00,0,23.47,24.76166667
2023-03-22 05:00:00,0,24.43,21.15916667
2023-03-22 06:00:00,0,39.48,32.36083333
2023-03-22 07:00:00,0.0279,45.25,37.75916667
2023-03-22 08:00:00,0.2139,39.98,56.44166667
2023-03-22 09:00:00,0.4371,35.73,34.73083333
2023-03-22 10:00:00,0.6231000000000001,29.7,28.37916667
2023-03-22 11:00:00,0.7347,24.87,22.89583333
2023-03-22 12:00:00,0.7626,24.36,17.13333333
2023-03-22 13:00:00,0.7254,24.24,17.78833333
2023-03-22 14:00:00,0.6789000000000001,23.77,23.8
2023-03-22 15:00:00,0.5766,24.18,26.09583333
2023-03-22 16:00:00,0.4557,25.65,28.25916667
2023-03-22 17:00:00,0.2697,36.45,26.39916667
2023-03-22 18:00:00,0.0837,39.54,29.78166667
2023-03-22 19:00:00,0,45.1,31.215
2023-03-22 20:00:00,0,41.04,25.24916667
2023-03-22 21:00:00,0,35.44,25.43
2023-03-22 22:00:00,0,26.59,24.70833333
2023-03-22 23:00:00,0,23.86,23.27916667
2023-03-23 00:00:00,0,22.2,21.52916667
2023-03-23 01:00:00,0,19.72,18.50916667
2023-03-23 02:00:00,0,19.22,19.34083333
2023-03-23 03:00:00,0,18.79,19.54166667
2023-03-23 04:00:00,0,19.45,22.19083333
2023-03-23 05:00:00,0,21.64,22.30416667
2023-03-23 06:00:00,0,26.5,27.384375
2023-03-23 07:00:00,0.0279,37.67,28.41428571
2023-03-23 08:00:00,0.1953,36.87,33.35928571
2023-03-23 09:00:00,0.4278,37.55,20.33764706
2023-03-23 10:00:00,0.6416999999999999,33.77,30.942
2023-03-23 11:00:00,0.7905,33.09,42.72583333
2023-03-23 12:00:00,0.8463,29.79,35.525
2023-03-23 13:00:00,0.8556,29.27,33.28
2023-03-23 14:00:00,0.8184,28.04,45.25166667
2023-03-23 15:00:00,0.7068000000000001,28.77,36.92583333
2023-03-23 16:00:00,0.5394,30.36,27.85642857
2023-03-23 17:00:00,0.3255,36.55,28.8425
2023-03-23 18:00:00,0.1023,37.22,38.37416667
2023-03-23 19:00:00,0,38.23,36.61333333
2023-03-23 20:00:00,0,35.68,21.08357143
2023-03-23 21:00:00,0,27.52,23.47125
2023-03-23 22:00:00,0,23.1,25.03
2023-03-23 23:00:00,0,22.47,23.06583333
2023-03-24 00:00:00,0,21.19,25.28083333
2023-03-24 01:00:00,0,20.16,23.63083333
2023-03-24 02:00:00,0,19.17,22.3125
2023-03-24 03:00:00,0,19.13,20.285
2023-03-24 04:00:00,0,19.26,22.07666667
2023-03-24 05:00:00,0,19.4,25.45333333
2023-03-24 06:00:00,0,27.46,32.75833333
2023-03-24 07:00:00,0.037200000000000004,34.82,36.78583333
2023-03-24 08:00:00,0.2139,34.47,36.905
2023-03-24 09:00:00,0.41850000000000004,34.99,38.155
2023-03-24 10:00:00,0.5952000000000001,30.16,37.62
2023-03-24 11:00:00,0.7068000000000001,27.5,34.87166667
2023-03-24 12:00:00,0.7719,26.26,28.16142857
2023-03-24 13:00:00,0.7905,26.26,22.63666667
2023-03-24 14:00:00,0.7533000000000001,24.5,22.18416667
2023-03-24 15:00:00,0.6603,24.87,20.76428571
2023-03-24 16:00:00,0.5022000000000001,26.26,20.3275
2023-03-24 17:00:00,0.3069,30.23,20.91357143
2023-03-24 18:00:00,0.09300000000000001,34.73,24.99333333
2023-03-24 19:00:00,0,36.92,29.8375
2023-03-24 20:00:00,0,34.08,34.59916667
2023-03-24 21:00:00,0,30.42,26.62583333
2023-03-24 22:00:00,0,26.42,28.67916667
2023-03-24 23:00:00,0,25.22,25.2125
2023-03-25 00:00:00,0,24.71,22.7825
2023-03-25 01:00:00,0,23.53,20.8075
2023-03-25 02:00:00,0,22.76,18.76833333
2023-03-25 03:00:00,0,22.46,19.145
2023-03-25 04:00:00,0,22.85,21.53
2023-03-25 05:00:00,0,22.91,23.0175
2023-03-25 06:00:00,0,26.5,20.63416667
2023-03-25 07:00:00,0.0279,27.43,19.35416667
2023-03-25 08:00:00,0.1953,31.65,27.8
2023-03-25 09:00:00,0.37200000000000005,34.74,26.59916667
2023-03-25 10:00:00,0.5487,34.5,42.27583333
2023-03-25 11:00:00,0.6696,34.34,48.48
2023-03-25 12:00:00,0.7533000000000001,33.98,32.5325
2023-03-25 13:00:00,0.7812,32.16,30.895625
2023-03-25 14:00:00,0.7347,30.98,37.38142857
2023-03-25 15:00:00,0.6416999999999999,30.57,38.53571429
2023-03-25 16:00:00,0.47430000000000005,30.7,35.9775
2023-03-25 17:00:00,0.279,37.01,27.56416667
2023-03-25 18:00:00,0.0837,36.44,23.32166667
2023-03-25 19:00:00,0,40.33,25.5125
2023-03-25 20:00:00,0,37.73,23.67
2023-03-25 21:00:00,0,32.32,24.06133333
2023-03-25 22:00:00,0,26.55,32.30416667
2023-03-25 23:00:00,0,25.12,24.3225
2023-03-26 00:00:00,0,25,26.2475
2023-03-26 01:00:00,0,23.41,22.92166667
2023-03-26 02:00:00,0,22.48,23.65916667
2023-03-26 03:00:00,0,22.44,18.92071429
2023-03-26 04:00:00,0,23,20.97333333
2023-03-26 05:00:00,0,23.27,21.71416667
2023-03-26 06:00:00,0,24.29,22.20714286
2023-03-26 07:00:00,0.037200000000000004,26.8,23.5175
2023-03-26 08:00:00,0.24180000000000001,27.23,22.21166667
2023-03-26 09:00:00,0.47430000000000005,25.89,25.35083333
2023-03-26 10:00:00,0.6696,25.9,21.9225
2023-03-26 11:00:00,0.8091,25.05,20.36166667
2023-03-26 12:00:00,0.8649000000000001,24.65,16.97166667
2023-03-26 13:00:00,0.8742,22.85,16.76166667
2023-03-26 14:00:00,0.8277000000000001,22.13,17.76416667
2023-03-26 15:00:00,0.7254,22.42,14.28416667
2023-03-26 16:00:00,0.558,25.25,13.63071429
2023-03-26 17:00:00,0.3348,27.64,17.1025
2023-03-26 18:00:00,0.1023,36.39,21.9625
2023-03-26 19:00:00,0,42.1,25.74916667
2023-03-26 20:00:00,0,38.47,22.72083333
2023-03-26 21:00:00,0,31.56,22.92583333
2023-03-26 22:00:00,0,26.49,21.84166667
2023-03-26 23:00:00,0,24.2,19.07916667
2023-03-27 00:00:00,0,22.11,21.00333333
2023-03-27 01:00:00,0,21.37,20.25083333
2023-03-27 02:00:00,0,21.05,20.1675
2023-03-27 03:00:00,0,21.21,20.33
2023-03-27 04:00:00,0,21.87,21.40916667
2023-03-27 05:00:00,0,22.51,20.8925
2023-03-27 06:00:00,0,35.82,24.25333333
2023-03-27 07:00:00,0.04650000000000001,42.18,30.79583333
2023-03-27 08:00:00,0.25110000000000005,37.08,23.00583333
2023-03-27 09:00:00,0.49290000000000006,31.87,21.60416667
2023-03-27 10:00:00,0.6882,29.85,22.58
2023-03-27 11:00:00,0.8277000000000001,27.34,22.74166667
2023-03-27 12:00:00,0.8742,26.45,24.76833333
2023-03-27 13:00:00,0.8742,26.26,24.10666667
2023-03-27 14:00:00,0.8370000000000001,26.62,25.84833333
2023-03-27 15:00:00,0.7254,29.01,31.08928571
2023-03-27 16:00:00,0.558,30.75,37.1725
2023-03-27 17:00:00,0.3348,37.72,25.15
2023-03-27 18:00:00,0.1023,39.67,24.57333333
2023-03-27 19:00:00,0,43.1,23.00083333
2023-03-27 20:00:00,0,39.86,24.9575
2023-03-27 21:00:00,0,34.05,26.66666667
2023-03-27 22:00:00,0,30.02,24.12166667
2023-03-27 23:00:00,0,26.8,19.94416667
2023-03-28 00:00:00,0,24.07,22.36
2023-03-28 01:00:00,0,23.34,21.235
2023-03-28 02:00:00,0,22.77,20.61583333
2023-03-28 03:00:00,0,23.13,18.73166667
2023-03-28 04:00:00,0,23.27,19.3875
2023-03-28 05:00:00,0,25.53,19.57
2023-03-28 06:00:00,0,37.85,24.5425
2023-03-28 07:00:00,0.04650000000000001,47.59,28.14333333
2023-03-28 08:00:00,0.25110000000000005,42.3,29.75416667
2023-03-28 09:00:00,0.48360000000000003,36.95,25.38857143
2023-03-28 10:00:00,0.6696,32.25,25.9325
2023-03-28 11:00:00,0.7905,29.86,24.91083333
2023-03-28 12:00:00,0.8370000000000001,27.33,24.175
2023-03-28 13:00:00,0.8463,26.9,24.374
2023-03-28 14:00:00,0.7905,25.38,23.3225
2023-03-28 15:00:00,0.6789000000000001,26,22.535
2023-03-28 16:00:00,0.5208,29.8,22.05714286
2023-03-28 17:00:00,0.3069,37.69,21.6875
2023-03-28 18:00:00,0.09300000000000001,38.99,22.5025
2023-03-28 19:00:00,0,44.77,28.92166667
2023-03-28 20:00:00,0,41.09,25.92166667
2023-03-28 21:00:00,0,36.8,23.35666667
2023-03-28 22:00:00,0,31.31,24.26083333
2023-03-28 23:00:00,0,26.96,23.47916667
2023-03-29 00:00:00,0,23.4,23.37833333
2023-03-29 01:00:00,0,22.42,19.07416667
2023-03-29 02:00:00,0,21.93,21.4575
2023-03-29 03:00:00,0,22.33,19.92833333
2023-03-29 04:00:00,0,22.71,22.3225
2023-03-29 05:00:00,0,25.45,30.32666667
2023-03-29 06:00:00,0,39.45,54.70714286
2023-03-29 07:00:00,0.04650000000000001,45.95,41.25083333
2023-03-29 08:00:00,0.2139,39.45,39.265
2023-03-29 09:00:00,0.4092,30.12,30.02166667
2023-03-29 10:00:00,0.5766,24.32,20.72333333
2023-03-29 11:00:00,0.6882,22.82,17.94769231
2023-03-29 12:00:00,0.7533000000000001,21.32,22.35461538
2023-03-29 13:00:00,0.7626,20.78,21.55571429
2023-03-29 14:00:00,0.7254,20.99,21.555
2023-03-29 15:00:00,0.6324000000000001,21.79,21.13916667
2023-03-29 16:00:00,0.49290000000000006,24.08,43.91333333
2023-03-29 17:00:00,0.29760000000000003,31.17,27.00833333
2023-03-29 18:00:00,0.09300000000000001,35.91,29.65285714
2023-03-29 19:00:00,0,41.57,33.79
2023-03-29 20:00:00,0,38.38,34.38333333
2023-03-29 21:00:00,0,32.57,46.77111111
2023-03-29 22:00:00,0,26.26,23.03583333
2023-03-29 23:00:00,0,25.22,20.91428571
2023-03-30 00:00:00,0,23.16,22.065
2023-03-30 01:00:00,0,22.33,19.665
2023-03-30 02:00:00,0,22.03,20.06333333
2023-03-30 03:00:00,0,22.37,21.206875
2023-03-30 04:00:00,0,23.23,21.45846154
2023-03-30 05:00:00,0,25.97,21.89333333
2023-03-30 06:00:00,0,39.87,29.56666667
2023-03-30 07:00:00,0.037200000000000004,45.04,26.72833333
2023-03-30 08:00:00,0.1953,36.95,27.08428571
2023-03-30 09:00:00,0.37200000000000005,31.22,24.84583333
2023-03-30 10:00:00,0.5208,27.82,25.1075
2023-03-30 11:00:00,0.6045,25.87,23.42333333
2023-03-30 12:00:00,0.6696,24.38,21.25583333
2023-03-30 13:00:00,0.6789000000000001,23.47,20.21333333
2023-03-30 14:00:00,0.6696,23.5,13.9275
2023-03-30 15:00:00,0.5952000000000001,23.61,13.86928571
2023-03-30 16:00:00,0.4464,25.39,17.1975
2023-03-30 17:00:00,0.2604,32.98,20.79352941
2023-03-30 18:00:00,0.0837,37.5,24.82833333
2023-03-30 19:00:00,0,41.9,24.50928571
2023-03-30 20:00:00,0,39.41,30.27928571
2023-03-30 21:00:00,0,37.51,43.56416667
2023-03-30 22:00:00,0,28.89,27.3725
2023-03-30 23:00:00,0,27.89,20.67166667
2023-03-31 00:00:00,0,26.8,24.52
2023-03-31 01:00:00,0,25.2,19.72333333
2023-03-31 02:00:00,0,24.75,18.755
2023-03-31 03:00:00,0,24.73,19.86583333
2023-03-31 04:00:00,0,25.3,23.9575
2023-03-31 05:00:00,0,27.57,23.2775
2023-03-31 06:00:00,0,40.61,104.5858333
2023-03-31 07:00:00,0.037200000000000004,46.6,43.14833333
2023-03-31 08:00:00,0.17670000000000002,38.76,33.17083333
2023-03-31 09:00:00,0.3348,34.21,26.8925
2023-03-31 10:00:00,0.4371,26.8,34.73071429
2023-03-31 11:00:00,0.5115000000000001,25.05,34.56733333
2023-03-31 12:00:00,0.5766,24.78,83.15857143
2023-03-31 13:00:00,0.6231000000000001,25.05,39.60666667
2023-03-31 14:00:00,0.5766,25.06,33.68833333
2023-03-31 15:00:00,0.5208,25.39,30.71916667
2023-03-31 16:00:00,0.3906,28.35,41.87166667
2023-03-31 17:00:00,0.24180000000000001,34.98,36.32333333
2023-03-31 18:00:00,0.0837,35.1,27.02416667
2023-03-31 19:00:00,0,39.36,52.19416667
2023-03-31 20:00:00,0,36.48,33.5875
2023-03-31 21:00:00,0,32.09,59.37142857
2023-03-31 22:00:00,0,25.08,38.015
2023-03-31 23:00:00,0,24.47,29.51285714
2023-04-01 00:00:00,0,23.52,34.01071429
2023-04-01 01:00:00,0,21.89,29.94416667
2023-04-01 02:00:00,0,20.27,27.52666667
2023-04-01 03:00:00,0,19.56,28.12666667
2023-04-01 04:00:00,0,20.41,24.55583333
2023-04-01 05:00:00,0,22.09,30.39333333
2023-04-01 06:00:00,0,24.4,34.875
2023-04-01 07:00:00,0.04650000000000001,24.3,41.20166667
2023-04-01 08:00:00,0.2139,27.67,56.27416667
2023-04-01 09:00:00,0.4371,28.14,59.87333333
2023-04-01 10:00:00,0.6231000000000001,26.94,191.2292857
2023-04-01 11:00:00,0.7347,25.16,65.39333333
2023-04-01 12:00:00,0.7812,23.64,39.54
2023-04-01 13:00:00,0.7998000000000001,22.22,31.18833333
2023-04-01 14:00:00,0.7533000000000001,21.65,24.8075
2023-04-01 15:00:00,0.6789000000000001,21.66,25.17083333
2023-04-01 16:00:00,0.5022000000000001,22.75,26.97583333
2023-04-01 17:00:00,0.3069,28.52,32.615
2023-04-01 18:00:00,0.1023,33.31,48.43166667
2023-04-01 19:00:00,0,35.16,38.62833333
2023-04-01 20:00:00,0,35.06,34.19666667
2023-04-01 21:00:00,0,30.7,29.12214286
2023-04-01 22:00:00,0,23.07,33.81166667
2023-04-01 23:00:00,0,23.06,26.145
2023-04-02 00:00:00,0,23.23,25.9725
2023-04-02 01:00:00,0,22.4,25.05833333
2023-04-02 02:00:00,0,21.51,22.73916667
2023-04-02 03:00:00,0,21.31,20.9475
2023-04-02 04:00:00,0,21.73,23.06166667
2023-04-02 05:00:00,0,23.07,22.77583333
2023-04-02 06:00:00,0,25.92,22.655
2023-04-02 07:00:00,0.0558,28.7,24.23214286
2023-04-02 08:00:00,0.2325,28.23,23.2125
2023-04-02 09:00:00,0.4464,26.32,21.1975
2023-04-02 10:00:00,0.6045,24.45,23.06916667
2023-04-02 11:00:00,0.6975,24.1,20.90833333
2023-04-02 12:00:00,0.7440000000000001,22.79,20.35583333
2023-04-02 13:00:00,0.7347,22.22,18.61166667
2023-04-02 14:00:00,0.6603,22.22,18.37416667
2023-04-02 15:00:00,0.558,22.29,18.7225
2023-04-02 16:00:00,0.4278,23.84,18.27333333
2023-04-02 17:00:00,0.25110000000000005,29.5,18.47083333
2023-04-02 18:00:00,0.0837,33.64,19.12333333
2023-04-02 19:00:00,0,40.91,34.31833333
2023-04-02 20:00:00,0,43.38,57.09
2023-04-02 21:00:00,0,36.68,25.3525
2023-04-02 22:00:00,0,29.13,23.08083333
2023-04-02 23:00:00,0,26.72,21.56166667
2023-04-03 00:00:00,0,25.13,23.4575
2023-04-03 01:00:00,0,23.73,22.31083333
2023-04-03 02:00:00,0,22.93,21.865
2023-04-03 03:00:00,0,23.88,27.28
2023-04-03 04:00:00,0,25,25.35916667
2023-04-03 05:00:00,0,28.02,28.2
2023-04-03 06:00:00,0,41.15,43.0325
2023-04-03 07:00:00,0.0558,48.84,36.30928571
2023-04-03 08:00:00,0.24180000000000001,40.28,32.74
2023-04-03 09:00:00,0.4371,34.13,20.87166667
2023-04-03 10:00:00,0.6045,29.55,24.88785714
2023-04-03 11:00:00,0.7068000000000001,25.03,24.64266667
2023-04-03 12:00:00,0.7719,24.03,23.09714286
2023-04-03 13:00:00,0.7998000000000001,24.05,22.53583333
2023-04-03 14:00:00,0.7440000000000001,25.74,21.94916667
2023-04-03 15:00:00,0.6324000000000001,25,23.1275
2023-04-03 16:00:00,0.48360000000000003,28.42,27.01833333
2023-04-03 17:00:00,0.29760000000000003,37.37,25.88214286
2023-04-03 18:00:00,0.1023,38.07,38.44916667
2023-04-03 19:00:00,0,45.02,35.915
2023-04-03 20:00:00,0,40.14,69.15833333
2023-04-03 21:00:00,0,34.11,37.75214286
2023-04-03 22:00:00,0,26.06,36.825
2023-04-03 23:00:00,0,24.61,23.9125
2023-04-04 00:00:00,0,23.75,23.955
2023-04-04 01:00:00,0,22.03,24.2875
2023-04-04 02:00:00,0,21.37,24.47083333
2023-04-04 03:00:00,0,21.19,24.88714286
2023-04-04 04:00:00,0,22.22,23.6525
2023-04-04 05:00:00,0,24.76,25.18833333
2023-04-04 06:00:00,0,35.73,24.81571429
2023-04-04 07:00:00,0.0558,40,29.01583333
2023-04-04 08:00:00,0.2232,39.32,34.58083333
2023-04-04 09:00:00,0.4092,34.78,23.79
2023-04-04 10:00:00,0.5766,30.5,24.34333333
2023-04-04 11:00:00,0.651,33.44,22.82833333
2023-04-04 12:00:00,0.6882,30.2,22.41833333
2023-04-04 13:00:00,0.6975,30.2,24.63083333
2023-04-04 14:00:00,0.6416999999999999,30.2,27.81666667
2023-04-04 15:00:00,0.5394,30.2,31.64
2023-04-04 16:00:00,0.4092,31.54,25.4825
2023-04-04 17:00:00,0.24180000000000001,37.79,27.83785714
2023-04-04 18:00:00,0.0837,39.11,34.4575
2023-04-04 19:00:00,0,42.69,35.92916667
2023-04-04 20:00:00,0,39.98,35.57666667
2023-04-04 21:00:00,0,32.97,48.2
2023-04-04 22:00:00,0,25.24,36.5875
2023-04-04 23:00:00,0,24.03,21.20333333
2023-04-05 00:00:00,0,22.2,18.18583333
2023-04-05 01:00:00,0,21.67,18.03833333
2023-04-05 02:00:00,0,20.24,16.37583333
2023-04-05 03:00:00,0,20.23,13.74416667
2023-04-05 04:00:00,0,21.13,13.16666667
2023-04-05 05:00:00,0,23.02,18.72083333
2023-04-05 06:00:00,0,30.81,20.61571429
2023-04-05 07:00:00,0.04650000000000001,39.02,24.26583333
2023-04-05 08:00:00,0.1674,40.6,25.51416667
2023-04-05 09:00:00,0.29760000000000003,40.21,24.36083333
2023-04-05 10:00:00,0.4278,35.84,27.05333333
2023-04-05 11:00:00,0.5208,38.47,31.33625
2023-04-05 12:00:00,0.6138,35.35,34.545
2023-04-05 13:00:00,0.6603,34.71,37.09285714
2023-04-05 14:00:00,0.6603,33.47,54.1575
2023-04-05 15:00:00,0.5859000000000001,34,35.08714286
2023-04-05 16:00:00,0.4464,36.6,33.15166667
2023-04-05 17:00:00,0.2883,44.05,45.51733333
2023-04-05 18:00:00,0.1023,45.97,56.83916667
2023-04-05 19:00:00,0.009300000000000001,48.02,39.13583333
2023-04-05 20:00:00,0,41.32,75.03333333
2023-04-05 21:00:00,0,35.31,29.68916667
2023-04-05 22:00:00,0,26.26,23.01083333
2023-04-05 23:00:00,0,23.42,22.54833333
2023-04-06 00:00:00,0,22.29,22.44583333
2023-04-06 01:00:00,0,21.23,21.5175
2023-04-06 02:00:00,0,20.2,21.53416667
2023-04-06 03:00:00,0,20.2,20.21
2023-04-06 04:00:00,0,20.68,21.79833333
2023-04-06 05:00:00,0,22.21,23.3325
2023-04-06 06:00:00,0,28.64,32.82538462
2023-04-06 07:00:00,0.0651,34.82,34.74583333
2023-04-06 08:00:00,0.2883,35.17,35.92833333
2023-04-06 09:00:00,0.5208,37.9,51.118125
2023-04-06 10:00:00,0.6975,34.2,33.18333333
2023-04-06 11:00:00,0.8277000000000001,34.79,23.79416667
2023-04-06 12:00:00,0.8742,34.98,25.33083333
2023-04-06 13:00:00,0.8835,37.06,62.63214286
2023-04-06 14:00:00,0.8463,37.71,37.89083333
2023-04-06 15:00:00,0.7347,37.7,29.3575
2023-04-06 16:00:00,0.5673,37.57,48.26
2023-04-06 17:00:00,0.3441,42.84,35.18083333
2023-04-06 18:00:00,0.12090000000000001,43.51,34.3225
2023-04-06 19:00:00,0.009300000000000001,45.13,47.30333333
2023-04-06 20:00:00,0,42.2,33.78416667
2023-04-06 21:00:00,0,34.29,44.13416667
2023-04-06 22:00:00,0,27.47,28.08166667
2023-04-06 23:00:00,0,24.07,24.99166667
2023-04-07 00:00:00,0,22.23,22.14
2023-04-07 01:00:00,0,21.23,20.35583333
2023-04-07 02:00:00,0,20.2,19.88083333
2023-04-07 03:00:00,0,19.97,15.09416667
2023-04-07 04:00:00,0,20.2,17.33666667
2023-04-07 05:00:00,0,22.58,20.96583333
2023-04-07 06:00:00,0,27.49,23.80166667
2023-04-07 07:00:00,0.07440000000000001,33.94,26.20333333
2023-04-07 08:00:00,0.2883,33.85,23.9425
2023-04-07 09:00:00,0.5301,30.06,21.30166667
2023-04-07 10:00:00,0.7161000000000001,25.31,25.13083333
2023-04-07 11:00:00,0.8370000000000001,26.05,22.7425
2023-04-07 12:00:00,0.8742,24.6,23.01071429
2023-04-07 13:00:00,0.8742,23.23,37.32833333
2023-04-07 14:00:00,0.8370000000000001,23.23,30.7775
2023-04-07 15:00:00,0.7254,23.91,29.15416667
2023-04-07 16:00:00,0.558,25.4,37.0875
2023-04-07 17:00:00,0.3441,35.35,37.98833333
2023-04-07 18:00:00,0.12090000000000001,35.83,40.79083333
2023-04-07 19:00:00,0.009300000000000001,38.73,48.38214286
2023-04-07 20:00:00,0,38.6,34.5825
2023-04-07 21:00:00,0,34.5,29.38916667
2023-04-07 22:00:00,0,28.2,27.51
2023-04-07 23:00:00,0,26.41,24.77071429
2023-04-08 00:00:00,0,26.36,21.38166667
2023-04-08 01:00:00,0,25.53,20.00583333
2023-04-08 02:00:00,0,24.46,19.97083333
2023-04-08 03:00:00,0,24.68,20.86916667
2023-04-08 04:00:00,0,25.8,20.855
2023-04-08 05:00:00,0,27.51,21.435
2023-04-08 06:00:00,0,29.99,22.8875
2023-04-08 07:00:00,0.07440000000000001,31.95,23.71666667
2023-04-08 08:00:00,0.279,30.25,21.96166667
2023-04-08 09:00:00,0.5022000000000001,28.08,21.485
2023-04-08 10:00:00,0.6696,24.05,22.0375
2023-04-08 11:00:00,0.7812,24.08,22.24083333
2023-04-08 12:00:00,0.8277000000000001,23.8,21.0725
2023-04-08 13:00:00,0.8370000000000001,24.07,17.725
2023-04-08 14:00:00,0.7905,21.81,17.77833333
2023-04-08 15:00:00,0.6975,22.42,19.03166667
2023-04-08 16:00:00,0.5487,22.75,20.42
2023-04-08 17:00:00,0.3348,27.09,21.04333333
2023-04-08 18:00:00,0.1116,34.97,22.24833333
2023-04-08 19:00:00,0.009300000000000001,39.84,24.2875
2023-04-08 20:00:00,0,41.51,25.34833333
2023-04-08 21:00:00,0,37.38,26.96583333
2023-04-08 22:00:00,0,30.67,30.79583333
2023-04-08 23:00:00,0,26.45,30.44
2023-04-09 00:00:00,0,28.31,23.46666667
2023-04-09 01:00:00,0,26.94,23.28583333
2023-04-09 02:00:00,0,25.34,23.55666667
2023-04-09 03:00:00,0,25.59,22.275
2023-04-09 04:00:00,0,26.6,23.14166667
2023-04-09 05:00:00,0,30.22,26.68833333
2023-04-09 06:00:00,0,34.42,23.52083333
2023-04-09 07:00:00,0.07440000000000001,32.03,23.94
2023-04-09 08:00:00,0.279,30.38,22.02833333
2023-04-09 09:00:00,0.5022000000000001,24.48,20.95583333
2023-04-09 10:00:00,0.6696,22.63,20.87333333
2023-04-09 11:00:00,0.7905,21.04,21.59166667
2023-04-09 12:00:00,0.8556,20.62,19.58916667
2023-04-09 13:00:00,0.8556,20.2,17.225
2023-04-09 14:00:00,0.8091,20.2,18.66083333
2023-04-09 15:00:00,0.7068000000000001,20.2,16.3
2023-04-09 16:00:00,0.5487,21.66,18.25083333
2023-04-09 17:00:00,0.3348,29.04,19.72916667
2023-04-09 18:00:00,0.1116,35.66,31.39666667
2023-04-09 19:00:00,0.009300000000000001,43.05,30.745
2023-04-09 20:00:00,0,45.51,32.15583333
2023-04-09 21:00:00,0,40.16,27.35166667
2023-04-09 22:00:00,0,35.2,48.56166667
2023-04-09 23:00:00,0,29.93,26.345
2023-04-10 00:00:00,0,25.11,22.95166667
2023-04-10 01:00:00,0,24.46,22.67833333
2023-04-10 02:00:00,0,24.09,23.37
2023-04-10 03:00:00,0,24.18,23.28083333
2023-04-10 04:00:00,0,26.08,24.16166667
2023-04-10 05:00:00,0,30.72,28.18333333
2023-04-10 06:00:00,0,45.77,39.19833333
2023-04-10 07:00:00,0.0558,46.94,38.17666667
2023-04-10 08:00:00,0.2046,40.11,36.21583333
2023-04-10 09:00:00,0.3627,33.82,32.475
2023-04-10 10:00:00,0.5115000000000001,29.11,30.70333333
2023-04-10 11:00:00,0.6324000000000001,27.25,27.63166667
2023-04-10 12:00:00,0.6975,27.16,26.07
2023-04-10 13:00:00,0.7440000000000001,27.08,24.84416667
2023-04-10 14:00:00,0.7254,26.62,24.56583333
2023-04-10 15:00:00,0.6324000000000001,28,24.31833333
2023-04-10 16:00:00,0.49290000000000006,29.61,24.78333333
2023-04-10 17:00:00,0.3069,37.79,26.96416667
2023-04-10 18:00:00,0.1023,40.66,32.155
2023-04-10 19:00:00,0.009300000000000001,49.94,32.68083333
2023-04-10 20:00:00,0,49.37,37.0525
2023-04-10 21:00:00,0,38.81,33.04666667
2023-04-10 22:00:00,0,30.07,28.3625
2023-04-10 23:00:00,0,26.27,23.15166667
2023-04-11 00:00:00,0,24.67,24.7975
2023-04-11 01:00:00,0,22.89,21.78666667
2023-04-11 02:00:00,0,22.04,22.49916667
2023-04-11 03:00:00,0,21.57,22.95166667
2023-04-11 04:00:00,0,23.21,23.17666667
2023-04-11 05:00:00,0,28.15,28.87333333
2023-04-11 06:00:00,0,48.27,40.04916667
2023-04-11 07:00:00,0.04650000000000001,48.98,40.53166667
2023-04-11 08:00:00,0.15810000000000002,37.27,34.21714286
2023-04-11 09:00:00,0.2697,31.12,30.55571429
2023-04-11 10:00:00,0.3813,27.07,28.195
2023-04-11 11:00:00,0.465,26.04,36.34583333
2023-04-11 12:00:00,0.49290000000000006,25.69,31.95
2023-04-11 13:00:00,0.49290000000000006,26.04,24.9775
2023-04-11 14:00:00,0.465,26.73,29.84625
2023-04-11 15:00:00,0.3906,28.96,34.48916667
2023-04-11 16:00:00,0.2883,33.64,35.62
2023-04-11 17:00:00,0.1953,38.64,32.7125
2023-04-11 18:00:00,0.07440000000000001,40.39,56.00571429
2023-04-11 19:00:00,0,46.07,53.9725
2023-04-11 20:00:00,0,46.4,50.87666667
2023-04-11 21:00:00,0,37.13,38.01083333
2023-04-11 22:00:00,0,28.28,29.55166667
2023-04-11 23:00:00,0,24.28,26.025
2023-04-12 00:00:00,0,20.89,25.74928571
2023-04-12 01:00:00,0,20.61,23.67833333
2023-04-12 02:00:00,0,20.05,21.79333333
2023-04-12 03:00:00,0,20.04,20.21
2023-04-12 04:00:00,0,20.93,20.62916667
2023-04-12 05:00:00,0,22.84,24.57083333
2023-04-12 06:00:00,0,32.41,22.97833333
2023-04-12 07:00:00,0.0558,36.32,25.405
2023-04-12 08:00:00,0.2046,33.51,28.185
2023-04-12 09:00:00,0.3441,30.63,23.88083333
2023-04-12 10:00:00,0.4371,26.93,22.67416667
2023-04-12 11:00:00,0.5022000000000001,26.4,20.87916667
2023-04-12 12:00:00,0.5487,25.87,21.38166667
2023-04-12 13:00:00,0.5859000000000001,26.43,22.0225
2023-04-12 14:00:00,0.5673,28.96,22.30916667
2023-04-12 15:00:00,0.47430000000000005,29.93,25.91833333
2023-04-12 16:00:00,0.3906,34.1,27.55666667
2023-04-12 17:00:00,0.2604,38.56,32.63416667
2023-04-12 18:00:00,0.09300000000000001,41.57,34.41916667
2023-04-12 19:00:00,0.009300000000000001,49.06,35.33916667
2023-04-12 20:00:00,0,43.13,63.03071429
2023-04-12 21:00:00,0,32.68,33.315
2023-04-12 22:00:00,0,27.3,30.82
2023-04-12 23:00:00,0,22.97,23.2375
2023-04-13 00:00:00,0,22.01,24.35857143
2023-04-13 01:00:00,0,21.19,26.66083333
2023-04-13 02:00:00,0,20.55,21.03083333
2023-04-13 03:00:00,0,20.08,19.94333333
2023-04-13 04:00:00,0,21.06,21.42285714
2023-04-13 05:00:00,0,22.41,22.1925
2023-04-13 06:00:00,0,32.18,24.42083333
2023-04-13 07:00:00,0.0837,34.6,30.51333333
2023-04-13 08:00:00,0.2883,31.12,28.67416667
2023-04-13 09:00:00,0.49290000000000006,29.29,25.85583333
2023-04-13 10:00:00,0.651,28.98,27.035
2023-04-13 11:00:00,0.7347,30.05,22.65357143
2023-04-13 12:00:00,0.7812,32.32,24.004
2023-04-13 13:00:00,0.7998000000000001,34.79,64.69
2023-04-13 14:00:00,0.7533000000000001,38.1,34.59166667
2023-04-13 15:00:00,0.6416999999999999,42.21,28.79083333
2023-04-13 16:00:00,0.5022000000000001,46.48,29.208125
2023-04-13 17:00:00,0.3255,58.97,46.65142857
2023-04-13 18:00:00,0.1116,58.62,76.76
2023-04-13 19:00:00,0.009300000000000001,56.9,62.748125
2023-04-13 20:00:00,0,54.24,52.85666667
2023-04-13 21:00:00,0,36.78,38.88583333
2023-04-13 22:00:00,0,31.15,33.2975
2023-04-13 23:00:00,0,26.84,29.1
2023-04-14 00:00:00,0,27.55,25.20214286
2023-04-14 01:00:00,0,23.66,22.27416667
2023-04-14 02:00:00,0,22.39,22.44
2023-04-14 03:00:00,0,22.24,19.99083333
2023-04-14 04:00:00,0,23.47,22.15583333
2023-04-14 05:00:00,0,24.95,22.93416667
2023-04-14 06:00:00,0,31.74,19.50583333
2023-04-14 07:00:00,0.0837,35.42,23.2325
2023-04-14 08:00:00,0.2883,34.45,26.91083333
2023-04-14 09:00:00,0.49290000000000006,32.64,36.2525
2023-04-14 10:00:00,0.6696,34.89,30.365
2023-04-14 11:00:00,0.7719,36.76,31.82666667
2023-04-14 12:00:00,0.8091,39.28,32.3225
2023-04-14 13:00:00,0.7998000000000001,40.87,69.07416667
2023-04-14 14:00:00,0.7440000000000001,45.49,39.7275
2023-04-14 15:00:00,0.6416999999999999,49.82,43.29153846
2023-04-14 16:00:00,0.49290000000000006,52.81,114.4023077
2023-04-14 17:00:00,0.3069,63.39,77.5075
2023-04-14 18:00:00,0.1116,63.17,60.0375
2023-04-14 19:00:00,0.009300000000000001,59.99,51.86928571
2023-04-14 20:00:00,0,54.84,31.67916667
2023-04-14 21:00:00,0,37.24,30.22583333
2023-04-14 22:00:00,0,34.47,30.08916667
2023-04-14 23:00:00,0,28.81,27.63583333
2023-04-15 00:00:00,0,28.38,27.18166667
2023-04-15 01:00:00,0,26.39,30.79166667
2023-04-15 02:00:00,0,24.4,39.89666667
2023-04-15 03:00:00,0,23.32,29.2275
2023-04-15 04:00:00,0,23.42,27.09166667
2023-04-15 05:00:00,0,24.89,26.63333333
2023-04-15 06:00:00,0,28.26,29.30166667
2023-04-15 07:00:00,0.0837,29,29.6225
2023-04-15 08:00:00,0.2883,29.61,24.31666667
2023-04-15 09:00:00,0.49290000000000006,29.82,72.28266667
2023-04-15 10:00:00,0.6696,28.97,55.42875
2023-04-15 11:00:00,0.7719,29.44,101.4175
2023-04-15 12:00:00,0.8184,29.9,166.1216667
2023-04-15 13:00:00,0.8091,30.97,39.76583333
2023-04-15 14:00:00,0.7347,30.2,49.03083333
2023-04-15 15:00:00,0.5859000000000001,30.2,75.97071429
2023-04-15 16:00:00,0.4092,34.76,122.8891667
2023-04-15 17:00:00,0.24180000000000001,39.73,54.06
2023-04-15 18:00:00,0.09300000000000001,39.9,47.60666667
2023-04-15 19:00:00,0.009300000000000001,42.41,55.655
2023-04-15 20:00:00,0,39.44,30.75928571
2023-04-15 21:00:00,0,33.15,50.64214286
2023-04-15 22:00:00,0,28.51,46.21416667
2023-04-15 23:00:00,0,25.13,32.7575
2023-04-16 00:00:00,0,24.75,33.1675
2023-04-16 01:00:00,0,23.7,35.20166667
2023-04-16 02:00:00,0,21.95,29.11666667
2023-04-16 03:00:00,0,20.02,30.75166667
2023-04-16 04:00:00,0,21.21,32.37166667
2023-04-16 05:00:00,0,22.02,38.35583333
2023-04-16 06:00:00,0,21.74,29.6825
2023-04-16 07:00:00,0.07440000000000001,22.97,34.49
2023-04-16 08:00:00,0.2697,25.51,48.91166667
2023-04-16 09:00:00,0.47430000000000005,26.26,38.0375
2023-04-16 10:00:00,0.651,26.26,36.466
2023-04-16 11:00:00,0.7719,26.26,31.65647059
2023-04-16 12:00:00,0.8463,26.41,34.21083333
2023-04-16 13:00:00,0.8556,26.2,31.7775
2023-04-16 14:00:00,0.8091,26.26,32.56583333
2023-04-16 15:00:00,0.7068000000000001,27.35,42.6375
2023-04-16 16:00:00,0.5394,30.24,33.22916667
2023-04-16 17:00:00,0.3348,34.47,73.08
2023-04-16 18:00:00,0.12090000000000001,38.32,46.32
2023-04-16 19:00:00,0.009300000000000001,41.83,44.6825
2023-04-16 20:00:00,0,39.33,65.55
2023-04-16 21:00:00,0,32.07,41.92083333
2023-04-16 22:00:00,0,28.71,44.74214286
2023-04-16 23:00:00,0,24.93,29.75833333
2023-04-17 00:00:00,0,26.26,20.11916667
2023-04-17 01:00:00,0,25.8,40.84857143
2023-04-17 02:00:00,0,24.48,34.36428571
2023-04-17 03:00:00,0,23.71,28.79583333
2023-04-17 04:00:00,0,24.02,27.91333333
2023-04-17 05:00:00,0,26.87,29.08928571
2023-04-17 06:00:00,0,34.35,40.48666667
2023-04-17 07:00:00,0.0837,36.29,33.52461538
2023-04-17 08:00:00,0.2697,39.01,35.08
2023-04-17 09:00:00,0.4464,36.09,42.595
2023-04-17 10:00:00,0.6045,35.99,41.37571429
2023-04-17 11:00:00,0.7068000000000001,34.76,39.25571429
2023-04-17 12:00:00,0.7626,33.64,68.23
2023-04-17 13:00:00,0.7719,31.99,34.02142857
2023-04-17 14:00:00,0.7161000000000001,31.23,30.02583333
2023-04-17 15:00:00,0.6045,31.83,27.22428571
2023-04-17 16:00:00,0.4464,36.37,32.825
2023-04-17 17:00:00,0.279,41.5,28.83
2023-04-17 18:00:00,0.1023,45.06,34.14
2023-04-17 19:00:00,0.009300000000000001,47.56,39.736875
2023-04-17 20:00:00,0,43.64,43.78
2023-04-17 21:00:00,0,34.14,30.44
2023-04-17 22:00:00,0,30.04,37.6025
2023-04-17 23:00:00,0,27.14,28.85222222
2023-04-18 00:00:00,0,24.87,50.495
2023-04-18 01:00:00,0,23.91,27.82416667
2023-04-18 02:00:00,0,22.66,22.24666667
2023-04-18 03:00:00,0,22.69,21.73083333
2023-04-18 04:00:00,0,23.91,22.49833333
2023-04-18 05:00:00,0,27.44,22.085
2023-04-18 06:00:00,0,36.89,51.15416667
2023-04-18 07:00:00,0.0837,39.68,61.7625
2023-04-18 08:00:00,0.2883,37.64,54.66583333
2023-04-18 09:00:00,0.5022000000000001,32.58,41.81
2023-04-18 10:00:00,0.6603,31.46,49.945
2023-04-18 11:00:00,0.7812,30.89,42.11384615
2023-04-18 12:00:00,0.8370000000000001,30.24,46.035
2023-04-18 13:00:00,0.8370000000000001,29.16,37.53416667
2023-04-18 14:00:00,0.7905,29.65,33.58642857
2023-04-18 15:00:00,0.6789000000000001,30.72,33.38357143
2023-04-18 16:00:00,0.5115000000000001,33.35,93.67642857
2023-04-18 17:00:00,0.3069,39.56,29.35083333
2023-04-18 18:00:00,0.1023,43.71,67.37555556
2023-04-18 19:00:00,0.009300000000000001,48.97,69.22666667
2023-04-18 20:00:00,0,50.44,45.62833333
2023-04-18 21:00:00,0,35.45,67.5975
2023-04-18 22:00:00,0,31.19,96.68083333
2023-04-18 23:00:00,0,28.18,35.26333333
2023-04-19 00:00:00,0,28.89,34.83928571
2023-04-19 01:00:00,0,26.26,28.70416667
2023-04-19 02:00:00,0,26.08,30.34
2023-04-19 03:00:00,0,26.26,40.93416667
2023-04-19 04:00:00,0,26.93,54.13166667
2023-04-19 05:00:00,0,30.05,27.31083333
2023-04-19 06:00:00,0,44.96,54.91333333
2023-04-19 07:00:00,0.0837,45.42,59.44666667
2023-04-19 08:00:00,0.2604,42.23,41.805625
2023-04-19 09:00:00,0.4557,36.17,45.95368421
2023-04-19 10:00:00,0.6231000000000001,31.97,72.41
2023-04-19 11:00:00,0.7347,30.47,36.15416667
2023-04-19 12:00:00,0.7812,28.27,40.78857143
2023-04-19 13:00:00,0.7905,27.17,34.30583333
2023-04-19 14:00:00,0.7440000000000001,26.67,54.84666667
2023-04-19 15:00:00,0.6603,25.98,98.9425
2023-04-19 16:00:00,0.49290000000000006,29.97,31.51333333
2023-04-19 17:00:00,0.31620000000000004,34.52,25.94142857
2023-04-19 18:00:00,0.1116,36.22,47.97833333
2023-04-19 19:00:00,0.009300000000000001,49.63,136.1775
2023-04-19 20:00:00,0,50.25,119.475
2023-04-19 21:00:00,0,35.72,35.19583333
2023-04-19 22:00:00,0,31.25,28.2775
2023-04-19 23:00:00,0,27.49,24.60333333
2023-04-20 00:00:00,0,25.53,27.14214286
2023-04-20 01:00:00,0,24.21,26.09833333
2023-04-20 02:00:00,0,23.98,24.5425
2023-04-20 03:00:00,0,24.12,25.89916667
2023-04-20 04:00:00,0,25.44,25.76833333
2023-04-20 05:00:00,0,30.2,32.16416667
2023-04-20 06:00:00,0,40.08,39.86083333
2023-04-20 07:00:00,0.0837,39.97,32.19
2023-04-20 08:00:00,0.2325,35.85,28.0625
2023-04-20 09:00:00,0.3813,29.45,31.60357143
2023-04-20 10:00:00,0.465,27.52,24.89
2023-04-20 11:00:00,0.5394,26.77,22.95916667
2023-04-20 12:00:00,0.558,25.47,24.01916667
2023-04-20 13:00:00,0.5301,24.71,32.53916667
2023-04-20 14:00:00,0.47430000000000005,25.57,24.645
2023-04-20 15:00:00,0.4092,26.54,25.92166667
2023-04-20 16:00:00,0.31620000000000004,30.61,23.23
2023-04-20 17:00:00,0.2232,35.33,27.16
2023-04-20 18:00:00,0.09300000000000001,39.33,30.8075
2023-04-20 19:00:00,0.009300000000000001,45.84,32.40214286
2023-04-20 20:00:00,0,45.56,32.67333333
2023-04-20 21:00:00,0,35.14,34.4825
2023-04-20 22:00:00,0,30.11,30.88583333
2023-04-20 23:00:00,0,27.83,28.37583333
2023-04-21 00:00:00,0,25.2,21.925
2023-04-21 01:00:00,0,24.12,22.5375
2023-04-21 02:00:00,0,23.24,21.06416667
2023-04-21 03:00:00,0,23.51,22.27166667
2023-04-21 04:00:00,0,24.41,21.42
2023-04-21 05:00:00,0,26.68,22.115
2023-04-21 06:00:00,0,42.82,24.94583333
2023-04-21 07:00:00,0.0837,41.54,29.6225
2023-04-21 08:00:00,0.24180000000000001,35.46,22.94666667
2023-04-21 09:00:00,0.39990000000000003,30.52,22.04857143
2023-04-21 10:00:00,0.5487,29.07,20.45
2023-04-21 11:00:00,0.6231000000000001,29.16,19.36416667
2023-04-21 12:00:00,0.6045,29.07,17.53
2023-04-21 13:00:00,0.5859000000000001,31.51,13.5925
2023-04-21 14:00:00,0.5301,32.01,18.09071429
2023-04-21 15:00:00,0.41850000000000004,34.12,16.10166667
2023-04-21 16:00:00,0.279,38.14,18.0025
2023-04-21 17:00:00,0.1674,43.15,20.2625
2023-04-21 18:00:00,0.07440000000000001,44.61,24.02833333
2023-04-21 19:00:00,0.009300000000000001,46.69,26.395
2023-04-21 20:00:00,0,45.72,25.86083333
2023-04-21 21:00:00,0,35.89,26.60916667
2023-04-21 22:00:00,0,31.43,20.31333333
2023-04-21 23:00:00,0,27.91,20.815
2023-04-22 00:00:00,0,26.21,22.11083333
2023-04-22 01:00:00,0,24.67,22.09916667
2023-04-22 02:00:00,0,23.92,20.83666667
2023-04-22 03:00:00,0,22.75,21.825
2023-04-22 04:00:00,0,23.44,20.3425
2023-04-22 05:00:00,0,23.51,21.765
2023-04-22 06:00:00,0,27.66,23.25166667
2023-04-22 07:00:00,0.04650000000000001,28.12,20.76916667
2023-04-22 08:00:00,0.1302,28.71,20.945
2023-04-22 09:00:00,0.2139,28.09,20.055
2023-04-22 10:00:00,0.2883,28.32,21.07833333
2023-04-22 11:00:00,0.3348,28.33,21.12166667
2023-04-22 12:00:00,0.3627,27.64,18.50916667
2023-04-22 13:00:00,0.3627,27.42,17.11571429
2023-04-22 14:00:00,0.3255,27.07,18.3875
2023-04-22 15:00:00,0.3069,27.73,21.30166667
2023-04-22 16:00:00,0.3069,30.6,20.62666667
2023-04-22 17:00:00,0.24180000000000001,33.56,23.95166667
2023-04-22 18:00:00,0.1023,37.78,29.13583333
2023-04-22 19:00:00,0.009300000000000001,40.01,28.58916667
2023-04-22 20:00:00,0,38.72,32.57
2023-04-22 21:00:00,0,31.83,33.28666667
2023-04-22 22:00:00,0,28.13,31.04833333
2023-04-22 23:00:00,0,25.74,27.50333333
2023-04-23 00:00:00,0,24.83,25.37916667
2023-04-23 01:00:00,0,23.53,24.0825
2023-04-23 02:00:00,0,22.48,21.045
2023-04-23 03:00:00,0,21.78,20.735
2023-04-23 04:00:00,0,22.22,20.7125
2023-04-23 05:00:00,0,22.35,22.51416667
2023-04-23 06:00:00,0.009300000000000001,24.05,25.8575
2023-04-23 07:00:00,0.1023,24.37,27.41666667
2023-04-23 08:00:00,0.31620000000000004,26.07,28.63416667
2023-04-23 09:00:00,0.5301,27,29.2975
2023-04-23 10:00:00,0.6975,26.64,32.62416667
2023-04-23 11:00:00,0.8091,25.38,32.80583333
2023-04-23 12:00:00,0.8556,25.25,28.30333333
2023-04-23 13:00:00,0.8463,23.59,26.63833333
2023-04-23 14:00:00,0.7998000000000001,23.95,24.77583333
2023-04-23 15:00:00,0.6975,25.25,28.81833333
2023-04-23 16:00:00,0.5487,27.52,28.4125
2023-04-23 17:00:00,0.3441,32.54,23.66
2023-04-23 18:00:00,0.1302,33.45,26.05333333
2023-04-23 19:00:00,0.009300000000000001,36.43,29.47166667
2023-04-23 20:00:00,0,36.57,29.1475
2023-04-23 21:00:00,0,32.83,27.21166667
2023-04-23 22:00:00,0,28.34,30.40666667
2023-04-23 23:00:00,0,25.11,30.425
2023-04-24 00:00:00,0,23.89,25.53583333
2023-04-24 01:00:00,0,22.21,23.43833333
2023-04-24 02:00:00,0,21.84,23.415
2023-04-24 03:00:00,0,21.65,22.72583333
2023-04-24 04:00:00,0,22.22,24.34583333
2023-04-24 05:00:00,0,23.61,25.49083333
2023-04-24 06:00:00,0.009300000000000001,35.07,23.88083333
2023-04-24 07:00:00,0.1023,36.31,27.195
2023-04-24 08:00:00,0.2883,34.48,26.3075
2023-04-24 09:00:00,0.47430000000000005,30.69,27.31333333
2023-04-24 10:00:00,0.651,30.29,26.665
2023-04-24 11:00:00,0.7719,29.33,26.61
2023-04-24 12:00:00,0.8277000000000001,28.11,24.74833333
2023-04-24 13:00:00,0.8370000000000001,27.3,23.36083333
2023-04-24 14:00:00,0.7998000000000001,27.57,22.5075
2023-04-24 15:00:00,0.6975,28.1,22.78666667
2023-04-24 16:00:00,0.5487,31.45,22.22833333
2023-04-24 17:00:00,0.3441,33.6,22.37333333
2023-04-24 18:00:00,0.1302,36.11,26.0275
2023-04-24 19:00:00,0.009300000000000001,41.42,27.86833333
2023-04-24 20:00:00,0,44.45,30.825
2023-04-24 21:00:00,0,33.24,23.78416667
2023-04-24 22:00:00,0,28.96,21.80916667
2023-04-24 23:00:00,0,26.91,24.07666667
2023-04-25 00:00:00,0,26.6,22.6425
2023-04-25 01:00:00,0,24.26,24.06333333
2023-04-25 02:00:00,0,23.66,22.23083333
2023-04-25 03:00:00,0,24.07,20.67416667
2023-04-25 04:00:00,0,24.92,20.92
2023-04-25 05:00:00,0,27.57,24.135
2023-04-25 06:00:00,0.009300000000000001,38.95,45.105
2023-04-25 07:00:00,0.1023,44.85,76.9675
2023-04-25 08:00:00,0.3069,38.07,28.4225
2023-04-25 09:00:00,0.5208,32.12,23.44
2023-04-25 10:00:00,0.6789000000000001,30.04,24.1
2023-04-25 11:00:00,0.7905,29.19,25.015
2023-04-25 12:00:00,0.8370000000000001,27.73,27.0575
2023-04-25 13:00:00,0.8370000000000001,27.66,26.04083333
2023-04-25 14:00:00,0.7812,28.21,24.12666667
2023-04-25 15:00:00,0.6882,28.44,23.09
2023-04-25 16:00:00,0.5394,30.5,23.0775
2023-04-25 17:00:00,0.3441,35.3,23.8475
2023-04-25 18:00:00,0.1302,38.34,25.31333333
2023-04-25 19:00:00,0.009300000000000001,43.57,31.28
2023-04-25 20:00:00,0,48.16,121.270625
2023-04-25 21:00:00,0,34.38,26.96333333
2023-04-25 22:00:00,0,29.95,22.48416667
2023-04-25 23:00:00,0,28.3,22.86166667
2023-04-26 00:00:00,0,26.68,22.49416667
2023-04-26 01:00:00,0,25.63,21.90666667
2023-04-26 02:00:00,0,25.05,22.24583333
2023-04-26 03:00:00,0,25.57,21.84833333
2023-04-26 04:00:00,0,26.26,22.37416667
2023-04-26 05:00:00,0,28.32,23.66
2023-04-26 06:00:00,0.009300000000000001,40,29.35333333
2023-04-26 07:00:00,0.1023,40.01,37.59166667
2023-04-26 08:00:00,0.3069,35.17,23.47
2023-04-26 09:00:00,0.5115000000000001,31.82,22.0825
2023-04-26 10:00:00,0.6696,29.93,25.025
2023-04-26 11:00:00,0.7719,28.39,27.605
2023-04-26 12:00:00,0.8184,28.08,28.66666667
2023-04-26 13:00:00,0.8184,27.3,23.74333333
2023-04-26 14:00:00,0.7533000000000001,27.44,22.89428571
2023-04-26 15:00:00,0.6603,27.94,23.19333333
2023-04-26 16:00:00,0.5115000000000001,29.01,22.28
2023-04-26 17:00:00,0.31620000000000004,32.47,22.4975
2023-04-26 18:00:00,0.12090000000000001,36.04,22.47416667
2023-04-26 19:00:00,0.009300000000000001,38.62,24.91666667
2023-04-26 20:00:00,0,42.27,25.5975
2023-04-26 21:00:00,0,34.12,22.71833333
2023-04-26 22:00:00,0,30.08,23.64571429
2023-04-26 23:00:00,0,28.35,22.98833333
2023-04-27 00:00:00,0,24.22,21.75833333
2023-04-27 01:00:00,0,22.8,21.4225
2023-04-27 02:00:00,0,22.56,20.61666667
2023-04-27 03:00:00,0,22.53,20.61583333
2023-04-27 04:00:00,0,23.55,21.53666667
2023-04-27 05:00:00,0,26.19,22.47
2023-04-27 06:00:00,0.009300000000000001,35.11,24.46166667
2023-04-27 07:00:00,0.0837,36.53,26.415
2023-04-27 08:00:00,0.2325,33.21,23.565
2023-04-27 09:00:00,0.3813,29.18,26.19083333
2023-04-27 10:00:00,0.5022000000000001,28.18,27.44928571
2023-04-27 11:00:00,0.6045,26.77,25.63166667
2023-04-27 12:00:00,0.6416999999999999,25.87,25.21166667
2023-04-27 13:00:00,0.6789000000000001,24.73,25.2325
2023-04-27 14:00:00,0.6416999999999999,24.24,25.25916667
2023-04-27 15:00:00,0.5394,24.24,24.51166667
2023-04-27 16:00:00,0.4092,26.08,23.41071429
2023-04-27 17:00:00,0.2604,29.44,23.16166667
2023-04-27 18:00:00,0.1023,30.87,23.39583333
2023-04-27 19:00:00,0.009300000000000001,33.69,23.27166667
2023-04-27 20:00:00,0,39.13,23.60416667
2023-04-27 21:00:00,0,30.61,22.70583333
2023-04-27 22:00:00,0,25.91,23.86
2023-04-27 23:00:00,0,24.43,22.045
2023-04-28 00:00:00,0,23.79,21.84083333
2023-04-28 01:00:00,0,22.22,19.01166667
2023-04-28 02:00:00,0,21.67,18.9075
2023-04-28 03:00:00,0,21.42,18.54333333
2023-04-28 04:00:00,0,22.02,19.26833333
2023-04-28 05:00:00,0,24.42,22.89916667
2023-04-28 06:00:00,0.009300000000000001,30.1,23.91916667
2023-04-28 07:00:00,0.09300000000000001,35.35,30.96416667
2023-04-28 08:00:00,0.279,30.72,23.12583333
2023-04-28 09:00:00,0.465,28.69,23.09416667
2023-04-28 10:00:00,0.6324000000000001,27.1,25.37083333
2023-04-28 11:00:00,0.7440000000000001,26.51,25.37166667
2023-04-28 12:00:00,0.7812,25.83,26.2625
2023-04-28 13:00:00,0.7905,25.41,25.36916667
2023-04-28 14:00:00,0.7533000000000001,25.25,23.70583333
2023-04-28 15:00:00,0.6416999999999999,26.4,24.3925
2023-04-28 16:00:00,0.5022000000000001,27.67,23.5575
2023-04-28 17:00:00,0.3069,30.42,21.86083333
2023-04-28 18:00:00,0.12090000000000001,31.95,22.45916667
2023-04-28 19:00:00,0.009300000000000001,35.18,26.87083333
2023-04-28 20:00:00,0,36.03,27.44
2023-04-28 21:00:00,0,28.6,27.53083333
2023-04-28 22:00:00,0,25.93,23.05166667
2023-04-28 23:00:00,0,24.22,20.95916667
2023-04-29 00:00:00,0,25.24,18.115
2023-04-29 01:00:00,0,23.53,19.18916667
2023-04-29 02:00:00,0,21.98,19.35833333
2023-04-29 03:00:00,0,21.07,19.01166667
2023-04-29 04:00:00,0,21.49,17.38916667
2023-04-29 05:00:00,0,22.25,20.2625
2023-04-29 06:00:00,0.009300000000000001,26.86,19.05666667
2023-04-29 07:00:00,0.1116,28.06,20.86666667
2023-04-29 08:00:00,0.3348,29.85,21.66916667
2023-04-29 09:00:00,0.5487,30.73,21.90916667
2023-04-29 10:00:00,0.7161000000000001,31.89,22.97
2023-04-29 11:00:00,0.8184,30.47,23.0775
2023-04-29 12:00:00,0.8277000000000001,29.97,22.68916667
2023-04-29 13:00:00,0.8184,27.36,23.1
2023-04-29 14:00:00,0.7626,26.2,22.60583333
2023-04-29 15:00:00,0.6789000000000001,25.77,24.56428571
2023-04-29 16:00:00,0.5115000000000001,26.6,24.87
2023-04-29 17:00:00,0.3348,32.28,21.21333333
2023-04-29 18:00:00,0.1302,34.1,22.4825
2023-04-29 19:00:00,0.009300000000000001,35.19,24.77666667
2023-04-29 20:00:00,0,37.19,25.20583333
2023-04-29 21:00:00,0,30.37,22.12
2023-04-29 22:00:00,0,26.99,20.005
2023-04-29 23:00:00,0,24.98,19.18333333
2023-04-30 00:00:00,0,22.9,18.90285714
2023-04-30 01:00:00,0,21.34,16.88916667
2023-04-30 02:00:00,0,20.12,16.9225
2023-04-30 03:00:00,0,19.26,18.03
2023-04-30 04:00:00,0,19.55,18.3225
2023-04-30 05:00:00,0,19.85,17.28916667
2023-04-30 06:00:00,0.009300000000000001,21.11,18.81166667
2023-04-30 07:00:00,0.12090000000000001,20.94,20.3125
2023-04-30 08:00:00,0.3441,23.26,22.03833333
2023-04-30 09:00:00,0.558,24.56,23.10416667
2023-04-30 10:00:00,0.7347,27.25,23.65
2023-04-30 11:00:00,0.8370000000000001,27.68,24.9175
2023-04-30 12:00:00,0.8742,28.12,28.90833333
2023-04-30 13:00:00,0.8742,25.24,33.1225
2023-04-30 14:00:00,0.8277000000000001,25.06,29.17583333
2023-04-30 15:00:00,0.7254,24.54,30.07583333
2023-04-30 16:00:00,0.5673,25.27,31.395
2023-04-30 17:00:00,0.35340000000000005,29.47,32.3325
2023-04-30 18:00:00,0.1395,32.65,31.9
2023-04-30 19:00:00,0.018600000000000002,33.48,26.50666667
2023-04-30 20:00:00,0,33.26,27.26
2023-04-30 21:00:00,0,27.89,28.535
2023-04-30 22:00:00,0,24.54,26.37333333
2023-04-30 23:00:00,0,23.06,25.23
2023-05-01 00:00:00,0,21.74,24.60823529
2023-05-01 01:00:00,0,20.79,20.83666667
2023-05-01 02:00:00,0,20.17,18.96833333
2023-05-01 03:00:00,0,19.83,19.54333333
2023-05-01 04:00:00,0,20.19,21.5125
2023-05-01 05:00:00,0,21.46,24.35666667
2023-05-01 06:00:00,0.009300000000000001,28.3,28.39416667
2023-05-01 07:00:00,0.12090000000000001,32.72,29.89833333
2023-05-01 08:00:00,0.3348,30.11,28.36076923
2023-05-01 09:00:00,0.5487,29,33.53642857
2023-05-01 10:00:00,0.7068000000000001,27.61,22.895625
2023-05-01 11:00:00,0.8091,26.22,22.78666667
2023-05-01 12:00:00,0.8556,25.41,22.95166667
2023-05-01 13:00:00,0.8649000000000001,23.85,21.36642857
2023-05-01 14:00:00,0.8184,24.34,20.80333333
2023-05-01 15:00:00,0.7254,26.29,22.63833333
2023-05-01 16:00:00,0.558,27.64,22.125
2023-05-01 17:00:00,0.3441,34.51,20.59214286
2023-05-01 18:00:00,0.1302,35.87,22.36416667
2023-05-01 19:00:00,0.018600000000000002,39.02,22.47142857
2023-05-01 20:00:00,0,53.82,26.62
2023-05-01 21:00:00,0,30.2,23.15333333
2023-05-01 22:00:00,0,25.27,22.075
2023-05-01 23:00:00,0,22.8,21.74916667
2023-05-02 00:00:00,0,22.2,21.8925
2023-05-02 01:00:00,0,21.18,20.84666667
2023-05-02 02:00:00,0,20.45,19.93916667
2023-05-02 03:00:00,0,20.77,19.90166667
2023-05-02 04:00:00,0,21.21,20.75916667
2023-05-02 05:00:00,0,23.71,22.07083333
2023-05-02 06:00:00,0.009300000000000001,35.71,24.10416667
2023-05-02 07:00:00,0.1116,41.68,25.63533333
2023-05-02 08:00:00,0.31620000000000004,36.38,33.54230769
2023-05-02 09:00:00,0.5208,32.63,24.15
2023-05-02 10:00:00,0.6975,32.67,25.20666667
2023-05-02 11:00:00,0.8184,31.31,23.28214286
2023-05-02 12:00:00,0.8649000000000001,28.78,23.8475
2023-05-02 13:00:00,0.8649000000000001,27.61,24.35833333
2023-05-02 14:00:00,0.8277000000000001,27.53,25.56642857
2023-05-02 15:00:00,0.7254,27.56,23.11357143
2023-05-02 16:00:00,0.558,28.31,22.83666667
2023-05-02 17:00:00,0.35340000000000005,33.57,22.19166667
2023-05-02 18:00:00,0.1395,36.48,25.17416667
2023-05-02 19:00:00,0.018600000000000002,38.04,31.51
2023-05-02 20:00:00,0,41.82,39.72
2023-05-02 21:00:00,0,32.72,29.15666667
2023-05-02 22:00:00,0,26.43,26.56
2023-05-02 23:00:00,0,25.16,23.10833333
2023-05-03 00:00:00,0,23.83,22.8475
2023-05-03 01:00:00,0,23,21.37166667
2023-05-03 02:00:00,0,22.35,19.66166667
2023-05-03 03:00:00,0,22.36,19.27166667
2023-05-03 04:00:00,0,23.16,21.07083333
2023-05-03 05:00:00,0,24.02,23.31333333
2023-05-03 06:00:00,0.009300000000000001,31.2,25.70916667
2023-05-03 07:00:00,0.12090000000000001,36.91,30.22916667
2023-05-03 08:00:00,0.3348,36.7,25.98916667
2023-05-03 09:00:00,0.5394,32.83,23.99916667
2023-05-03 10:00:00,0.6882,32.27,23.54
2023-05-03 11:00:00,0.7905,32.83,23.08916667
2023-05-03 12:00:00,0.8370000000000001,32.83,22.78
2023-05-03 13:00:00,0.8370000000000001,30.75,22.52
2023-05-03 14:00:00,0.7905,29.52,22.53833333
2023-05-03 15:00:00,0.6975,29.89,22.63583333
2023-05-03 16:00:00,0.5487,30.68,22.69416667
2023-05-03 17:00:00,0.3441,34.94,24.925
2023-05-03 18:00:00,0.1302,36.9,50.71285714
2023-05-03 19:00:00,0.018600000000000002,37.05,46.5975
2023-05-03 20:00:00,0,39.45,35.94583333
2023-05-03 21:00:00,0,30.69,31.315
2023-05-03 22:00:00,0,27.88,26.16583333
2023-05-03 23:00:00,0,25.53,24.44142857
2023-05-04 00:00:00,0,21.8,24.13666667
2023-05-04 01:00:00,0,20.75,21.74416667
2023-05-04 02:00:00,0,20.1,20.05833333
2023-05-04 03:00:00,0,20.23,19.9
2023-05-04 04:00:00,0,20.37,21.13083333
2023-05-04 05:00:00,0,22.94,22.32666667
2023-05-04 06:00:00,0.009300000000000001,27,45.11916667
2023-05-04 07:00:00,0.12090000000000001,33.77,31.57166667
2023-05-04 08:00:00,0.3348,30.41,32.16333333
2023-05-04 09:00:00,0.5394,28.43,35.26083333
2023-05-04 10:00:00,0.6882,27.42,31.55333333
2023-05-04 11:00:00,0.7905,26.83,32.56166667
2023-05-04 12:00:00,0.8463,26.11,27.12583333
2023-05-04 13:00:00,0.8463,25.87,24.84833333
2023-05-04 14:00:00,0.7998000000000001,25.52,26.08166667
2023-05-04 15:00:00,0.6975,25.39,46.11214286
2023-05-04 16:00:00,0.5394,26.08,34.015
2023-05-04 17:00:00,0.3441,28.74,40.225
2023-05-04 18:00:00,0.1395,31.34,55.46333333
2023-05-04 19:00:00,0.018600000000000002,31.13,40.101875
2023-05-04 20:00:00,0,36.28,64.815
2023-05-04 21:00:00,0,28.74,35.21416667
2023-05-04 22:00:00,0,26,43.74916667
2023-05-04 23:00:00,0,24.49,21.75
2023-05-05 00:00:00,0,23.26,23.26166667
2023-05-05 01:00:00,0,21.54,22.04416667
2023-05-05 02:00:00,0,21.08,21.36583333
2023-05-05 03:00:00,0,21.07,20.32333333
2023-05-05 04:00:00,0,21.52,21.29416667
2023-05-05 05:00:00,0,22.71,27.2425
2023-05-05 06:00:00,0.009300000000000001,27.46,88.88833333
2023-05-05 07:00:00,0.12090000000000001,31.64,45.42083333
2023-05-05 08:00:00,0.3348,30.24,32.83083333
2023-05-05 09:00:00,0.5394,26.81,28.04833333
2023-05-05 10:00:00,0.6975,26.29,26.13833333
2023-05-05 11:00:00,0.7998000000000001,25.54,25.82916667
2023-05-05 12:00:00,0.8556,25.66,22.83166667
2023-05-05 13:00:00,0.8556,25.09,23.19333333
2023-05-05 14:00:00,0.8091,25.24,22.11714286
2023-05-05 15:00:00,0.7068000000000001,26,20.744
2023-05-05 16:00:00,0.558,26.79,20.72416667
2023-05-05 17:00:00,0.35340000000000005,29.87,20.4475
2023-05-05 18:00:00,0.1395,30.55,20.97416667
2023-05-05 19:00:00,0.018600000000000002,31.09,26.14916667
2023-05-05 20:00:00,0,33.4,30.39166667
2023-05-05 21:00:00,0,27.04,27.653125
2023-05-05 22:00:00,0,24.61,28.8775
2023-05-05 23:00:00,0,23.98,22.1025
2023-05-06 00:00:00,0,22.87,19.94333333
2023-05-06 01:00:00,0,21.46,18.91583333
2023-05-06 02:00:00,0,20.78,18.88083333
2023-05-06 03:00:00,0,20.54,18.78833333
2023-05-06 04:00:00,0,20.47,18.6875
2023-05-06 05:00:00,0,20.79,19.94583333
2023-05-06 06:00:00,0.009300000000000001,22.99,20.14166667
2023-05-06 07:00:00,0.12090000000000001,23.69,20.69583333
2023-05-06 08:00:00,0.3255,22.82,18.96333333
2023-05-06 09:00:00,0.5301,21.21,17.39
2023-05-06 10:00:00,0.6975,20.82,9.6975
2023-05-06 11:00:00,0.8184,20.38,8.514166667
2023-05-06 12:00:00,0.8742,20.55,12.625
2023-05-06 13:00:00,0.8742,20.27,11.1475
2023-05-06 14:00:00,0.8184,20.07,7.864166667
2023-05-06 15:00:00,0.7254,20.28,5.5525
2023-05-06 16:00:00,0.5673,21.21,14.09357143
2023-05-06 17:00:00,0.35340000000000005,24.38,16.46
2023-05-06 18:00:00,0.1395,28.36,20.57357143
2023-05-06 19:00:00,0.018600000000000002,31.79,37.25583333
2023-05-06 20:00:00,0,32.28,28.76166667
2023-05-06 21:00:00,0,26.11,54.15714286
2023-05-06 22:00:00,0,24.14,24.65083333
2023-05-06 23:00:00,0,21.43,19.06916667
2023-05-07 00:00:00,0,21.87,17.85857143
2023-05-07 01:00:00,0,20.2,17.19416667
2023-05-07 02:00:00,0,19.54,13.88
2023-05-07 03:00:00,0,19.62,11.54666667
2023-05-07 04:00:00,0,19.48,17.45357143
2023-05-07 05:00:00,0,19.58,14.0175
2023-05-07 06:00:00,0.009300000000000001,20.21,9.03
2023-05-07 07:00:00,0.1302,21.1,11.34833333
2023-05-07 08:00:00,0.3441,19.75,6.929166667
2023-05-07 09:00:00,0.5487,20.2,9.0125
2023-05-07 10:00:00,0.7068000000000001,20.2,4.853333333
2023-05-07 11:00:00,0.7998000000000001,20.2,3.736666667
2023-05-07 12:00:00,0.8463,20.2,10.88916667
2023-05-07 13:00:00,0.8463,20.2,12.66166667
2023-05-07 14:00:00,0.7905,20.2,15.47416667
2023-05-07 15:00:00,0.6975,20.32,15.31916667
2023-05-07 16:00:00,0.5487,22.3,19.1875
2023-05-07 17:00:00,0.35340000000000005,27.23,27.465
2023-05-07 18:00:00,0.1395,33.05,29.45833333
2023-05-07 19:00:00,0.018600000000000002,32.65,31.51333333
2023-05-07 20:00:00,0,36.12,31.48916667
2023-05-07 21:00:00,0,30.13,24.9325
2023-05-07 22:00:00,0,23.32,40.208125
2023-05-07 23:00:00,0,21.63,19.96916667
2023-05-08 00:00:00,0,21.25,18.25
2023-05-08 01:00:00,0,20.37,17.28583333
2023-05-08 02:00:00,0,19.55,13.9325
2023-05-08 03:00:00,0,19.76,13.97928571
2023-05-08 04:00:00,0,19.87,15.26083333
2023-05-08 05:00:00,0,20.87,17.72416667
2023-05-08 06:00:00,0.009300000000000001,25.9,26.99916667
2023-05-08 07:00:00,0.12090000000000001,30.21,23.43916667
2023-05-08 08:00:00,0.3348,27.77,22.12166667
2023-05-08 09:00:00,0.5394,23.84,21.21083333
2023-05-08 10:00:00,0.6975,23.23,20.47166667
2023-05-08 11:00:00,0.7998000000000001,23.54,20.09333333
2023-05-08 12:00:00,0.8463,24.18,19.20083333
2023-05-08 13:00:00,0.8556,25.22,20.32083333
2023-05-08 14:00:00,0.8091,26.25,21.15833333
2023-05-08 15:00:00,0.7068000000000001,28.7,21.43583333
2023-05-08 16:00:00,0.5487,31.22,24.18416667
2023-05-08 17:00:00,0.35340000000000005,36.3,32.45916667
2023-05-08 18:00:00,0.1395,43.29,42.41583333
2023-05-08 19:00:00,0.018600000000000002,40.39,31.33416667
2023-05-08 20:00:00,0,39.75,27.37833333
2023-05-08 21:00:00,0,33.05,28.6175
2023-05-08 22:00:00,0,26.18,25.8025
2023-05-08 23:00:00,0,24.21,20.48166667
2023-05-09 00:00:00,0,21.32,19.53571429
2023-05-09 01:00:00,0,19.9,18.31416667
2023-05-09 02:00:00,0,19.06,15.9275
2023-05-09 03:00:00,0,19.06,15.96333333
2023-05-09 04:00:00,0,20,17.40333333
2023-05-09 05:00:00,0,21.21,20.69428571
2023-05-09 06:00:00,0.009300000000000001,25.23,39.71666667
2023-05-09 07:00:00,0.12090000000000001,31.51,38.58333333
2023-05-09 08:00:00,0.29760000000000003,28.8,27.62416667
2023-05-09 09:00:00,0.4557,24,21.00466667
2023-05-09 10:00:00,0.5673,23.55,19.98923077
2023-05-09 11:00:00,0.6324000000000001,25.32,17.60333333
2023-05-09 12:00:00,0.6789000000000001,25.56,15.62
2023-05-09 13:00:00,0.7068000000000001,26.06,17.04416667
2023-05-09 14:00:00,0.6789000000000001,27.03,14.61916667
2023-05-09 15:00:00,0.5952000000000001,27.27,17.16666667
2023-05-09 16:00:00,0.465,27.89,19.65916667
2023-05-09 17:00:00,0.3069,32.91,18.54166667
2023-05-09 18:00:00,0.1302,37.7,30.73333333
2023-05-09 19:00:00,0.018600000000000002,35.04,35.52416667
2023-05-09 20:00:00,0,34.46,59.84
2023-05-09 21:00:00,0,30.54,25.20666667
2023-05-09 22:00:00,0,23.94,21.30083333
2023-05-09 23:00:00,0,22.63,18.66
2023-05-10 00:00:00,0,19.85,22.108
2023-05-10 01:00:00,0,18.96,19.79416667
2023-05-10 02:00:00,0,17.96,19.02083333
2023-05-10 03:00:00,0,17.81,17.96
2023-05-10 04:00:00,0,18.39,18.77
2023-05-10 05:00:00,0,19.55,19.77
2023-05-10 06:00:00,0.018600000000000002,26.38,55.85142857
2023-05-10 07:00:00,0.12090000000000001,30.08,25.76833333
2023-05-10 08:00:00,0.31620000000000004,25.98,23.9925
2023-05-10 09:00:00,0.49290000000000006,22.05,20.41
2023-05-10 10:00:00,0.6231000000000001,21.74,16.33833333
2023-05-10 11:00:00,0.7068000000000001,20.71,12.4175
2023-05-10 12:00:00,0.7440000000000001,22.22,13.5275
2023-05-10 13:00:00,0.7440000000000001,22.22,11.18833333
2023-05-10 14:00:00,0.6975,22.22,14.5225
2023-05-10 15:00:00,0.6231000000000001,23.68,15.41857143
2023-05-10 16:00:00,0.49290000000000006,26.96,14.92642857
2023-05-10 17:00:00,0.3069,32.16,19.23833333
2023-05-10 18:00:00,0.1302,37.24,18.345
2023-05-10 19:00:00,0.018600000000000002,36.91,42.28928571
2023-05-10 20:00:00,0,36.35,80.06083333
2023-05-10 21:00:00,0,30.71,28.74714286
2023-05-10 22:00:00,0,23.45,21.98
2023-05-10 23:00:00,0,20.43,18.95307692
2023-05-11 00:00:00,0,20,19.06785714
2023-05-11 01:00:00,0,18.38,17.91133333
2023-05-11 02:00:00,0,17.46,16.65416667
2023-05-11 03:00:00,0,17.89,15.03583333
2023-05-11 04:00:00,0,18.02,16.48583333
2023-05-11 05:00:00,0,19.96,18.25333333
2023-05-11 06:00:00,0.018600000000000002,27.71,19.6075
2023-05-11 07:00:00,0.1302,28.75,21.27166667
2023-05-11 08:00:00,0.35340000000000005,25.99,21.34333333
2023-05-11 09:00:00,0.558,22.55,19.00916667
2023-05-11 10:00:00,0.7254,22.22,17.3475
2023-05-11 11:00:00,0.8277000000000001,22.22,17.9825
2023-05-11 12:00:00,0.8463,24.27,17.25333333
2023-05-11 13:00:00,0.8649000000000001,28.32,17.29416667
2023-05-11 14:00:00,0.8184,29.94,17.47916667
2023-05-11 15:00:00,0.7161000000000001,33.5,17.64833333
2023-05-11 16:00:00,0.558,37.28,21.26666667
2023-05-11 17:00:00,0.35340000000000005,53.3,19.20583333
2023-05-11 18:00:00,0.1395,51.82,19.56833333
2023-05-11 19:00:00,0.018600000000000002,47.45,26.00083333
2023-05-11 20:00:00,0,41.54,26.15166667
2023-05-11 21:00:00,0,35.73,22.50166667
2023-05-11 22:00:00,0,26.83,18.75083333
2023-05-11 23:00:00,0,22.03,17.38583333
2023-05-12 00:00:00,0,20.26,16.58083333
2023-05-12 01:00:00,0,17.69,16.4075
2023-05-12 02:00:00,0,16.4,15.67166667
2023-05-12 03:00:00,0,16.03,15.28142857
2023-05-12 04:00:00,0,16.35,17.32916667
2023-05-12 05:00:00,0,18.06,17.52416667
2023-05-12 06:00:00,0.018600000000000002,21.59,18.15916667
2023-05-12 07:00:00,0.1302,26.79,20.52928571
2023-05-12 08:00:00,0.35340000000000005,25.32,16.9825
2023-05-12 09:00:00,0.558,24.18,18.1225
2023-05-12 10:00:00,0.7068000000000001,25.96,17.58166667
2023-05-12 11:00:00,0.7998000000000001,27.23,20.075
2023-05-12 12:00:00,0.8556,29.88,17.155
2023-05-12 13:00:00,0.8463,32.34,22.38583333
2023-05-12 14:00:00,0.7905,34.14,26.28583333
2023-05-12 15:00:00,0.6789000000000001,36.71,27.64916667
2023-05-12 16:00:00,0.5301,42.67,28.515
2023-05-12 17:00:00,0.3348,57.12,25.31916667
2023-05-12 18:00:00,0.1395,56.96,26.7175
2023-05-12 19:00:00,0.018600000000000002,45.74,28.26166667
2023-05-12 20:00:00,0,45.04,22.74083333
2023-05-12 21:00:00,0,35.22,21.88
2023-05-12 22:00:00,0,29.04,18.13
2023-05-12 23:00:00,0,23.68,15.72166667
2023-05-13 00:00:00,0,25.99,20.5475
2023-05-13 01:00:00,0,22.32,20.6325
2023-05-13 02:00:00,0,20.36,17.21916667
2023-05-13 03:00:00,0,18.7,17.29333333
2023-05-13 04:00:00,0,19.15,15.41666667
2023-05-13 05:00:00,0,19.88,18.7
2023-05-13 06:00:00,0.018600000000000002,21.14,16.1375
2023-05-13 07:00:00,0.1116,21.38,19.91583333
2023-05-13 08:00:00,0.29760000000000003,22.41,16.54833333
2023-05-13 09:00:00,0.49290000000000006,21.4,33.28
2023-05-13 10:00:00,0.6603,22.35,20.95642857
2023-05-13 11:00:00,0.7626,21.95,23.705
2023-05-13 12:00:00,0.8091,22.52,27.16333333
2023-05-13 13:00:00,0.8091,21.8,27.2125
2023-05-13 14:00:00,0.7347,21.96,27.83583333
2023-05-13 15:00:00,0.6231000000000001,22.74,26.9825
2023-05-13 16:00:00,0.465,31.07,28.30916667
2023-05-13 17:00:00,0.29760000000000003,34.22,23.9875
2023-05-13 18:00:00,0.1302,38.05,36.6875
2023-05-13 19:00:00,0.018600000000000002,33.11,44.43666667
2023-05-13 20:00:00,0,35.93,26.79
2023-05-13 21:00:00,0,28.23,27.82833333
2023-05-13 22:00:00,0,26.54,22.33916667
2023-05-13 23:00:00,0,24.67,18.7375
2023-05-14 00:00:00,0,21.02,33.594375
2023-05-14 01:00:00,0,18.61,19.0325
2023-05-14 02:00:00,0,17.03,16.555
2023-05-14 03:00:00,0,16,10.79083333
2023-05-14 04:00:00,0,16.56,10.52833333
2023-05-14 05:00:00,0,16.25,4.470833333
2023-05-14 06:00:00,0.018600000000000002,17.34,6.5325
2023-05-14 07:00:00,0.1302,17.12,6.835
2023-05-14 08:00:00,0.3255,16.66,4.775
2023-05-14 09:00:00,0.5208,15.04,6.429166667
2023-05-14 10:00:00,0.6696,15.42,6.938333333
2023-05-14 11:00:00,0.7626,15.25,5.580833333
2023-05-14 12:00:00,0.7905,15.46,3.425833333
2023-05-14 13:00:00,0.7719,15.23,4.45
2023-05-14 14:00:00,0.6975,14.03,7.2875
2023-05-14 15:00:00,0.6045,16.54,5.8425
2023-05-14 16:00:00,0.47430000000000005,19.94,11.56333333
2023-05-14 17:00:00,0.3069,25.28,17.29416667
2023-05-14 18:00:00,0.1302,28.71,18.54166667
2023-05-14 19:00:00,0.018600000000000002,31.04,21.52333333
2023-05-14 20:00:00,0,31.88,28.27416667
2023-05-14 21:00:00,0,24.95,22.44916667
2023-05-14 22:00:00,0,21.7,14.566875
2023-05-14 23:00:00,0,18.85,13.90333333
2023-05-15 00:00:00,0,16.71,11.2025
2023-05-15 01:00:00,0,15.15,7.0375
2023-05-15 02:00:00,0,14.85,6.263333333
2023-05-15 03:00:00,0,14.29,7.395833333
2023-05-15 04:00:00,0,14.78,8.1075
2023-05-15 05:00:00,0,15.84,10.56833333
2023-05-15 06:00:00,0.018600000000000002,22.06,14.895
2023-05-15 07:00:00,0.12090000000000001,24.24,18.98
2023-05-15 08:00:00,0.3069,21.83,17.06333333
2023-05-15 09:00:00,0.5115000000000001,18.87,16.42
2023-05-15 10:00:00,0.6696,17.67,15.88916667
2023-05-15 11:00:00,0.7719,18.03,15.554375
2023-05-15 12:00:00,0.8091,18.33,14.65666667
2023-05-15 13:00:00,0.8091,19.19,15.77071429
2023-05-15 14:00:00,0.7533000000000001,19.19,17.82
2023-05-15 15:00:00,0.6603,21.09,16.43733333
2023-05-15 16:00:00,0.5208,27.57,18.3175
2023-05-15 17:00:00,0.3348,33.41,21.03928571
2023-05-15 18:00:00,0.1395,36.67,22.14666667
2023-05-15 19:00:00,0.018600000000000002,35,20.22642857
2023-05-15 20:00:00,0,33.68,24.37333333
2023-05-15 21:00:00,0,28.92,24.72666667
2023-05-15 22:00:00,0,21.06,20.38583333
2023-05-15 23:00:00,0,18.06,16.86583333
2023-05-16 00:00:00,0,17.95,20.09785714
2023-05-16 01:00:00,0,14.54,17.87083333
2023-05-16 02:00:00,0,13.29,17.31285714
2023-05-16 03:00:00,0,12.3,17.04166667
2023-05-16 04:00:00,0,13.68,18.25416667
2023-05-16 05:00:00,0,16.66,20.55142857
2023-05-16 06:00:00,0.018600000000000002,22.16,20.73666667
2023-05-16 07:00:00,0.12090000000000001,26.9,24.56142857
2023-05-16 08:00:00,0.279,22.54,26.59166667
2023-05-16 09:00:00,0.4464,18.96,28.11333333
2023-05-16 10:00:00,0.6045,19.79,25.23785714
2023-05-16 11:00:00,0.7254,20.36,22.89857143
2023-05-16 12:00:00,0.7905,22.32,20.91666667
2023-05-16 13:00:00,0.7998000000000001,23.58,18.26333333
2023-05-16 14:00:00,0.7533000000000001,27.32,25.275
2023-05-16 15:00:00,0.651,27.9,54.79071429
2023-05-16 16:00:00,0.49290000000000006,38.54,57.62933333
2023-05-16 17:00:00,0.3069,44.97,28.50333333
2023-05-16 18:00:00,0.1302,51.14,23.61833333
2023-05-16 19:00:00,0.018600000000000002,40.46,32.95583333
2023-05-16 20:00:00,0,36.25,36.7425
2023-05-16 21:00:00,0,28.82,33.16
2023-05-16 22:00:00,0,23.52,27.17571429
2023-05-16 23:00:00,0,20.78,21.31583333
2023-05-17 00:00:00,0,22.05,23.65214286
2023-05-17 01:00:00,0,18.73,22.03083333
2023-05-17 02:00:00,0,17.56,21.695
2023-05-17 03:00:00,0,17.17,21.54416667
2023-05-17 04:00:00,0,17.43,21.88583333
2023-05-17 05:00:00,0,19.71,23.695
2023-05-17 06:00:00,0.009300000000000001,26.93,23.03666667
2023-05-17 07:00:00,0.07440000000000001,30.47,25.2625
2023-05-17 08:00:00,0.1395,24.81,34.6225
2023-05-17 09:00:00,0.2046,20.57,24.82416667
2023-05-17 10:00:00,0.2604,19.35,26.95333333
2023-05-17 11:00:00,0.3348,18.48,23.24416667
2023-05-17 12:00:00,0.3906,18.4,20.28083333
2023-05-17 13:00:00,0.4278,18.99,19.41416667
2023-05-17 14:00:00,0.3627,20.73,20.08166667
2023-05-17 15:00:00,0.3069,20.03,18.69333333
2023-05-17 16:00:00,0.25110000000000005,21.71,21.035
2023-05-17 17:00:00,0.18600000000000003,30,23.22666667
2023-05-17 18:00:00,0.09300000000000001,33.45,25.76666667
2023-05-17 19:00:00,0.018600000000000002,34.86,26.77083333
2023-05-17 20:00:00,0,34.75,174.505
2023-05-17 21:00:00,0,29.02,34.2025
2023-05-17 22:00:00,0,23.58,22.61666667
2023-05-17 23:00:00,0,21.35,19.3725
2023-05-18 00:00:00,0,22.77,18.16166667
2023-05-18 01:00:00,0,21.4,17.97833333
2023-05-18 02:00:00,0,20.6,17.5125
2023-05-18 03:00:00,0,19.7,17.6725
2023-05-18 04:00:00,0,20.44,17.34428571
2023-05-18 05:00:00,0,22.26,21.38083333
2023-05-18 06:00:00,0.018600000000000002,30.43,24.07916667
2023-05-18 07:00:00,0.1116,32.69,21.42916667
2023-05-18 08:00:00,0.2604,28.18,23.88916667
2023-05-18 09:00:00,0.4092,20.84,24.88666667
2023-05-18 10:00:00,0.5301,19.22,22.14
2023-05-18 11:00:00,0.6138,18.71,21.02583333
2023-05-18 12:00:00,0.6416999999999999,18.18,20.1225
2023-05-18 13:00:00,0.6882,18.6,20.26416667
2023-05-18 14:00:00,0.6696,18.4,21.51333333
2023-05-18 15:00:00,0.6045,18.81,22.66866667
2023-05-18 16:00:00,0.465,21.01,23.33833333
2023-05-18 17:00:00,0.3069,25.56,23.1675
2023-05-18 18:00:00,0.1302,29.96,26.2275
2023-05-18 19:00:00,0.0279,34.77,34.93916667
2023-05-18 20:00:00,0,36.88,34.64583333
2023-05-18 21:00:00,0,27.69,32.05666667
2023-05-18 22:00:00,0,23.66,28.0025
2023-05-18 23:00:00,0,22.56,21.22
2023-05-19 00:00:00,0,20.87,19.35142857
2023-05-19 01:00:00,0,19.37,19.11785714
2023-05-19 02:00:00,0,18.63,18.97833333
2023-05-19 03:00:00,0,18.28,19.04833333
2023-05-19 04:00:00,0,18.76,18.37666667
2023-05-19 05:00:00,0,20.89,19.105
2023-05-19 06:00:00,0.018600000000000002,28.19,28.1125
2023-05-19 07:00:00,0.1302,30.91,28.51916667
2023-05-19 08:00:00,0.3255,25.64,21.24916667
2023-05-19 09:00:00,0.5115000000000001,20.71,23.4475
2023-05-19 10:00:00,0.6603,20.09,20.63166667
2023-05-19 11:00:00,0.7533000000000001,19.72,20.93083333
2023-05-19 12:00:00,0.7812,19.2,21.13083333
2023-05-19 13:00:00,0.7719,19.66,23.5275
2023-05-19 14:00:00,0.7347,20.61,19.39571429
2023-05-19 15:00:00,0.6416999999999999,23.55,18.08055556
2023-05-19 16:00:00,0.49290000000000006,24.38,19.20166667
2023-05-19 17:00:00,0.3255,32.59,18.36714286
2023-05-19 18:00:00,0.1395,33.44,17.87166667
2023-05-19 19:00:00,0.0279,34.58,33.96928571
2023-05-19 20:00:00,0,35.19,48.515
2023-05-19 21:00:00,0,31.09,21.25083333
2023-05-19 22:00:00,0,23.2,20.70416667
2023-05-19 23:00:00,0,20.99,19.55916667
2023-05-20 00:00:00,0,20.8,20.21666667
2023-05-20 01:00:00,0,19.63,19.46416667
2023-05-20 02:00:00,0,18.29,19.0025
2023-05-20 03:00:00,0,17.47,19.37416667
2023-05-20 04:00:00,0,17.35,19.5225
2023-05-20 05:00:00,0,18.22,19.56
2023-05-20 06:00:00,0.018600000000000002,18.71,19.06083333
2023-05-20 07:00:00,0.1302,19.59,19.5
2023-05-20 08:00:00,0.3348,20.37,19.19833333
2023-05-20 09:00:00,0.5301,22.31,19.31833333
2023-05-20 10:00:00,0.6789000000000001,22.32,20.9425
2023-05-20 11:00:00,0.7812,22.53,26.2075
2023-05-20 12:00:00,0.8370000000000001,22.7,29.65416667
2023-05-20 13:00:00,0.8370000000000001,22.36,26.46166667
2023-05-20 14:00:00,0.7998000000000001,22.32,27.15583333
2023-05-20 15:00:00,0.6975,22.32,27.04583333
2023-05-20 16:00:00,0.5487,23.08,25.57416667
2023-05-20 17:00:00,0.35340000000000005,26.51,22.65416667
2023-05-20 18:00:00,0.14880000000000002,27.34,24.49166667
2023-05-20 19:00:00,0.0279,29.44,27.43666667
2023-05-20 20:00:00,0,29.87,23.77538462
2023-05-20 21:00:00,0,28.16,26.54846154
2023-05-20 22:00:00,0,22.52,20.93166667
2023-05-20 23:00:00,0,20.9,64.3625
2023-05-21 00:00:00,0,20.58,22.22583333
2023-05-21 01:00:00,0,19.17,16.27333333
2023-05-21 02:00:00,0,18.73,19.35
2023-05-21 03:00:00,0,18.04,18.595
2023-05-21 04:00:00,0,17.87,16.57833333
2023-05-21 05:00:00,0,17.17,19.03166667
2023-05-21 06:00:00,0.018600000000000002,18.9,18.05416667
2023-05-21 07:00:00,0.1302,17.28,14.84083333
2023-05-21 08:00:00,0.3255,17.5,15.46916667
2023-05-21 09:00:00,0.5115000000000001,17.61,16.59416667
2023-05-21 10:00:00,0.6603,17.16,18.471875
2023-05-21 11:00:00,0.7626,16.14,18.7025
2023-05-21 12:00:00,0.8370000000000001,15.75,17.73333333
2023-05-21 13:00:00,0.8370000000000001,16.5,17.2475
2023-05-21 14:00:00,0.7998000000000001,17.2,14.31916667
2023-05-21 15:00:00,0.7068000000000001,18.18,16.17833333
2023-05-21 16:00:00,0.5487,20.17,17.245
2023-05-21 17:00:00,0.35340000000000005,27.5,22.49857143
2023-05-21 18:00:00,0.14880000000000002,32.36,22.34916667
2023-05-21 19:00:00,0.0279,34.02,20.69416667
2023-05-21 20:00:00,0,35.07,23.3425
2023-05-21 21:00:00,0,32.91,21.3225
2023-05-21 22:00:00,0,23.63,17.74166667
2023-05-21 23:00:00,0,20.81,19.09833333
2023-05-22 00:00:00,0,21.82,20.12333333
2023-05-22 01:00:00,0,19.84,19.07833333
2023-05-22 02:00:00,0,17.85,18.245
2023-05-22 03:00:00,0,17.17,17.2475
2023-05-22 04:00:00,0,17.53,16.50785714
2023-05-22 05:00:00,0,18.68,16.31
2023-05-22 06:00:00,0.018600000000000002,24.47,20.295
2023-05-22 07:00:00,0.1395,28.34,18.96
2023-05-22 08:00:00,0.3348,23.89,30.27666667
2023-05-22 09:00:00,0.5394,20.17,45.09083333
2023-05-22 10:00:00,0.6882,20.76,20.10083333
2023-05-22 11:00:00,0.7998000000000001,20.57,20.87
2023-05-22 12:00:00,0.8370000000000001,20.72,20.45
2023-05-22 13:00:00,0.8370000000000001,23.63,58.99333333
2023-05-22 14:00:00,0.7905,23.68,20.72928571
2023-05-22 15:00:00,0.6975,26.29,17.80166667
2023-05-22 16:00:00,0.5394,31.84,18.3
2023-05-22 17:00:00,0.35340000000000005,43.18,18.75666667
2023-05-22 18:00:00,0.14880000000000002,43.18,20.86833333
2023-05-22 19:00:00,0.0279,39.48,22.7775
2023-05-22 20:00:00,0,37.94,24.17916667
2023-05-22 21:00:00,0,32.13,22.38583333
2023-05-22 22:00:00,0,23.63,22.43
2023-05-22 23:00:00,0,21.43,19.0375
2023-05-23 00:00:00,0,20.99,16.80083333
2023-05-23 01:00:00,0,19.72,17.00333333
2023-05-23 02:00:00,0,18.12,17.0425
2023-05-23 03:00:00,0,16.52,14.82083333
2023-05-23 04:00:00,0,17.31,16.475
2023-05-23 05:00:00,0,20.02,20.04583333
2023-05-23 06:00:00,0.018600000000000002,25.9,19.5675
2023-05-23 07:00:00,0.12090000000000001,28.37,21.54333333
2023-05-23 08:00:00,0.31620000000000004,25.38,23.328
2023-05-23 09:00:00,0.5022000000000001,22.44,20.97583333
2023-05-23 10:00:00,0.6324000000000001,23.11,24.705
2023-05-23 11:00:00,0.6882,22.9,23.64
2023-05-23 12:00:00,0.7161000000000001,22.8,23.63166667
2023-05-23 13:00:00,0.7440000000000001,24.95,21.70785714
2023-05-23 14:00:00,0.7254,24.95,20.1725
2023-05-23 15:00:00,0.6416999999999999,25.27,20.28416667
2023-05-23 16:00:00,0.5208,28.58,20.51333333
2023-05-23 17:00:00,0.35340000000000005,34.11,21.1025
2023-05-23 18:00:00,0.15810000000000002,36.64,22.29083333
2023-05-23 19:00:00,0.0279,36.92,22.63666667
2023-05-23 20:00:00,0,36.12,22.24833333
2023-05-23 21:00:00,0,32.92,21.92
2023-05-23 22:00:00,0,25.22,23.20666667
2023-05-23 23:00:00,0,23.64,20.02583333
2023-05-24 00:00:00,0,22.29,20.53642857
2023-05-24 01:00:00,0,20.32,17.985
2023-05-24 02:00:00,0,18.92,16.96166667
2023-05-24 03:00:00,0,18.79,18.62416667
2023-05-24 04:00:00,0,19.42,18.97416667
2023-05-24 05:00:00,0,21.85,21.7575
2023-05-24 06:00:00,0.018600000000000002,26.88,22.20583333
2023-05-24 07:00:00,0.1302,27.36,24.99083333
2023-05-24 08:00:00,0.3069,26.58,25.31583333
2023-05-24 09:00:00,0.49290000000000006,23.8,23.72
2023-05-24 10:00:00,0.6603,22.11,22.45833333
2023-05-24 11:00:00,0.7626,23.71,20.025
2023-05-24 12:00:00,0.7998000000000001,23.92,17.23916667
2023-05-24 13:00:00,0.7998000000000001,26.25,18.69
2023-05-24 14:00:00,0.7719,26.55,17.62416667
2023-05-24 15:00:00,0.6882,28.48,17.92666667
2023-05-24 16:00:00,0.5487,31.58,24.115
2023-05-24 17:00:00,0.35340000000000005,33.96,21.52
2023-05-24 18:00:00,0.15810000000000002,34.23,22.46666667
2023-05-24 19:00:00,0.0279,32.53,26.5
2023-05-24 20:00:00,0,32.22,22.85666667
2023-05-24 21:00:00,0,30.1,20.15666667
2023-05-24 22:00:00,0,24.09,18.38333333
2023-05-24 23:00:00,0,21.35,17.3575
2023-05-25 00:00:00,0,17.79,15.65833333
2023-05-25 01:00:00,0,16.34,14.81083333
2023-05-25 02:00:00,0,16.24,13.09666667
2023-05-25 03:00:00,0,15.89,14.47166667
2023-05-25 04:00:00,0,16.35,17.20083333
2023-05-25 05:00:00,0,17.85,18.38916667
2023-05-25 06:00:00,0.018600000000000002,22.91,17.41
2023-05-25 07:00:00,0.1395,25.76,19.10166667
2023-05-25 08:00:00,0.3441,22.43,23.0875
2023-05-25 09:00:00,0.5208,21.22,24.24166667
2023-05-25 10:00:00,0.6603,21.21,21.6275
2023-05-25 11:00:00,0.7440000000000001,20.25,20.33833333
2023-05-25 12:00:00,0.7626,20.19,19.16166667
2023-05-25 13:00:00,0.7440000000000001,20.55,20.2425
2023-05-25 14:00:00,0.6789000000000001,20.62,18.74833333
2023-05-25 15:00:00,0.5952000000000001,21.06,17.69166667
2023-05-25 16:00:00,0.4464,21.62,21.82083333
2023-05-25 17:00:00,0.29760000000000003,24.46,21.00666667
2023-05-25 18:00:00,0.1302,29.63,22.35928571
2023-05-25 19:00:00,0.0279,29.95,21.15583333
2023-05-25 20:00:00,0,30.44,24.49333333
2023-05-25 21:00:00,0,28.23,26.425
2023-05-25 22:00:00,0,22.75,25.16166667
2023-05-25 23:00:00,0,20.72,20.6125
2023-05-26 00:00:00,0,20.35,21.24
2023-05-26 01:00:00,0,18.55,20.45333333
2023-05-26 02:00:00,0,17.62,19.14
2023-05-26 03:00:00,0,17.43,18.97166667
2023-05-26 04:00:00,0,17.76,19.1075
2023-05-26 05:00:00,0,19.09,21.22416667
2023-05-26 06:00:00,0.018600000000000002,25.5,26.55166667
2023-05-26 07:00:00,0.1302,27.25,27.34083333
2023-05-26 08:00:00,0.31620000000000004,24.21,58.1575
2023-05-26 09:00:00,0.5022000000000001,20.77,22.44916667
2023-05-26 10:00:00,0.6603,20.02,19.72666667
2023-05-26 11:00:00,0.7533000000000001,19.85,17.53916667
2023-05-26 12:00:00,0.8091,19.41,17.62333333
2023-05-26 13:00:00,0.7905,19.93,20.69
2023-05-26 14:00:00,0.7440000000000001,20.77,20.96
2023-05-26 15:00:00,0.6603,20.45,19.3275
2023-05-26 16:00:00,0.5208,22.27,20.45083333
2023-05-26 17:00:00,0.3441,25.5,21.72083333
2023-05-26 18:00:00,0.1395,27.96,21.6275
2023-05-26 19:00:00,0.0279,29.6,23.96666667
2023-05-26 20:00:00,0,31.11,27.97916667
2023-05-26 21:00:00,0,28.23,24.15833333
2023-05-26 22:00:00,0,23.03,22.25916667
2023-05-26 23:00:00,0,20.63,19.78833333
2023-05-27 00:00:00,0,19.59,19.34416667
2023-05-27 01:00:00,0,18.38,16.97916667
2023-05-27 02:00:00,0,18.02,17.32333333
2023-05-27 03:00:00,0,16.94,17.1525
2023-05-27 04:00:00,0,16.29,14.62083333
2023-05-27 05:00:00,0,16.91,15.82166667
2023-05-27 06:00:00,0.018600000000000002,19.01,16.41333333
2023-05-27 07:00:00,0.1116,20.18,15.95666667
2023-05-27 08:00:00,0.2697,17.88,17.46
2023-05-27 09:00:00,0.4092,17.7,18.17583333
2023-05-27 10:00:00,0.5022000000000001,15.69,18.39583333
2023-05-27 11:00:00,0.5487,15.67,17.80083333
2023-05-27 12:00:00,0.5766,15.56,16.44583333
2023-05-27 13:00:00,0.6138,16.68,16.56833333
2023-05-27 14:00:00,0.5673,17.24,17.69583333
2023-05-27 15:00:00,0.49290000000000006,17.95,18.5725
2023-05-27 16:00:00,0.4092,19.65,20.8775
2023-05-27 17:00:00,0.2697,24.98,25.19416667
2023-05-27 18:00:00,0.1302,27.2,29.565
2023-05-27 19:00:00,0.0279,28.28,33.4725
2023-05-27 20:00:00,0,27.49,27.64666667
2023-05-27 21:00:00,0,24.84,29.0475
2023-05-27 22:00:00,0,21.77,23.56142857
2023-05-27 23:00:00,0,19.61,20.31916667
2023-05-28 00:00:00,0,17.42,17.935
2023-05-28 01:00:00,0,15.76,17.95416667
2023-05-28 02:00:00,0,15.19,17.025
2023-05-28 03:00:00,0,14.37,14.6875
2023-05-28 04:00:00,0,14.03,15.5475
2023-05-28 05:00:00,0,13.57,17.63
2023-05-28 06:00:00,0.0279,14.24,17.26833333
2023-05-28 07:00:00,0.1395,14.63,14.57916667
2023-05-28 08:00:00,0.3441,14.17,13.7775
2023-05-28 09:00:00,0.5301,14.22,13.33083333
2023-05-28 10:00:00,0.6789000000000001,15.37,14.14083333
2023-05-28 11:00:00,0.7626,15.97,14.27916667
2023-05-28 12:00:00,0.7905,16.6,15.14083333
2023-05-28 13:00:00,0.8091,17.89,16.08916667
2023-05-28 14:00:00,0.7533000000000001,19.53,17.24166667
2023-05-28 15:00:00,0.6696,20.72,18.105
2023-05-28 16:00:00,0.5394,23.9,20.0425
2023-05-28 17:00:00,0.3627,29.14,20.6425
2023-05-28 18:00:00,0.15810000000000002,32.32,17.85416667
2023-05-28 19:00:00,0.0279,31.31,16.60833333
2023-05-28 20:00:00,0,29.54,17
2023-05-28 21:00:00,0,27.04,20.3975
2023-05-28 22:00:00,0,21.47,22.76333333
2023-05-28 23:00:00,0,19.86,20.22
2023-05-29 00:00:00,0,17.9,19.11333333
2023-05-29 01:00:00,0,16.5,14.3975
2023-05-29 02:00:00,0,15.63,18.6725
2023-05-29 03:00:00,0,15.15,14.07
2023-05-29 04:00:00,0,15.09,12.42666667
2023-05-29 05:00:00,0,14.51,16.3675
2023-05-29 06:00:00,0.0279,15.03,17.23916667
2023-05-29 07:00:00,0.1395,15.74,13.4325
2023-05-29 08:00:00,0.3627,15.75,14.435
2023-05-29 09:00:00,0.558,16.57,16.245
2023-05-29 10:00:00,0.7161000000000001,18.12,15.34083333
2023-05-29 11:00:00,0.8184,19.25,16.57666667
2023-05-29 12:00:00,0.8556,20.22,18.08083333
2023-05-29 13:00:00,0.8556,21.36,17.87166667
2023-05-29 14:00:00,0.8091,22.53,18.25
2023-05-29 15:00:00,0.7068000000000001,23.63,19.73428571
2023-05-29 16:00:00,0.558,26.13,24.965
2023-05-29 17:00:00,0.37200000000000005,33.05,24.18416667
2023-05-29 18:00:00,0.15810000000000002,34.98,29.86083333
2023-05-29 19:00:00,0.0279,31.36,29.19333333
2023-05-29 20:00:00,0,30.53,21.9275
2023-05-29 21:00:00,0,27.4,21.26666667
2023-05-29 22:00:00,0,21.74,22.25583333
2023-05-29 23:00:00,0,20.08,17.145
2023-05-30 00:00:00,0,20.03,20.12333333
2023-05-30 01:00:00,0,18.53,17.7675
2023-05-30 02:00:00,0,17.74,18.775
2023-05-30 03:00:00,0,17.07,19.66333333
2023-05-30 04:00:00,0,17.86,18.02214286
2023-05-30 05:00:00,0,19.46,20.26583333
2023-05-30 06:00:00,0.0279,21.64,22.17416667
2023-05-30 07:00:00,0.1395,22.64,24.92083333
2023-05-30 08:00:00,0.3441,23.06,21.41
2023-05-30 09:00:00,0.5301,22.67,24.465
2023-05-30 10:00:00,0.6789000000000001,22.92,22.06333333
2023-05-30 11:00:00,0.7719,23.58,22.15583333
2023-05-30 12:00:00,0.8184,23.63,23.22583333
2023-05-30 13:00:00,0.8091,24.78,23.24333333
2023-05-30 14:00:00,0.7626,27.47,23.91714286
2023-05-30 15:00:00,0.6789000000000001,29.74,23.275
2023-05-30 16:00:00,0.5394,32.34,27.97071429
2023-05-30 17:00:00,0.35340000000000005,41.23,31.98333333
2023-05-30 18:00:00,0.15810000000000002,41.91,33.32333333
2023-05-30 19:00:00,0.0279,40.29,41.92166667
2023-05-30 20:00:00,0,35.82,36.71333333
2023-05-30 21:00:00,0,30.88,33.66
2023-05-30 22:00:00,0,23.78,25.91833333
2023-05-30 23:00:00,0,22.37,22.34166667
2023-05-31 00:00:00,0,19.75,21.20416667
2023-05-31 01:00:00,0,17.65,20.74666667
2023-05-31 02:00:00,0,16.83,22.71071429
2023-05-31 03:00:00,0,16.38,19.89666667
2023-05-31 04:00:00,0,16.97,20.59833333
2023-05-31 05:00:00,0,18.77,21.7825
2023-05-31 06:00:00,0.018600000000000002,22.41,22.18916667
2023-05-31 07:00:00,0.1302,24.17,25.59928571
2023-05-31 08:00:00,0.3255,24.23,26.17666667
2023-05-31 09:00:00,0.5208,24.24,24.9925
2023-05-31 10:00:00,0.6603,24.29,22.39416667
2023-05-31 11:00:00,0.7626,24.26,23.50916667
2023-05-31 12:00:00,0.7998000000000001,25.41,23.44666667
2023-05-31 13:00:00,0.7998000000000001,28.72,24.92
2023-05-31 14:00:00,0.7533000000000001,30.57,26.32833333
2023-05-31 15:00:00,0.6696,31.67,28.75
2023-05-31 16:00:00,0.5208,34.7,42.8725
2023-05-31 17:00:00,0.3441,43.86,38.0125
2023-05-31 18:00:00,0.14880000000000002,45.47,42.725
2023-05-31 19:00:00,0.0279,40.36,42.1
2023-05-31 20:00:00,0,35.85,42.43166667
2023-05-31 21:00:00,0,32.07,33.56583333
2023-05-31 22:00:00,0,28.53,27.86
2023-05-31 23:00:00,0,24.46,24.29833333
2023-06-01 00:00:00,0,21.43,26.41333333
2023-06-01 01:00:00,0,20.07,22.5175
2023-06-01 02:00:00,0,19.26,21.205
2023-06-01 03:00:00,0,19.13,19.98833333
2023-06-01 04:00:00,0,19.04,19.5175
2023-06-01 05:00:00,0,19.25,21.79583333
2023-06-01 06:00:00,0.018600000000000002,22.73,21.595
2023-06-01 07:00:00,0.12090000000000001,24.91,22.0375
2023-06-01 08:00:00,0.2697,25.82,21.66916667
2023-06-01 09:00:00,0.4278,26.1,39.68642857
2023-06-01 10:00:00,0.5394,29.4,33.80333333
2023-06-01 11:00:00,0.6696,30.53,26.68333333
2023-06-01 12:00:00,0.7347,31.68,43.39583333
2023-06-01 13:00:00,0.7719,33.82,29.65083333
2023-06-01 14:00:00,0.7347,36.56,30.30583333
2023-06-01 15:00:00,0.651,40.92,37.705
2023-06-01 16:00:00,0.5115000000000001,46.09,335.3933333
2023-06-01 17:00:00,0.3441,64,40.80583333
2023-06-01 18:00:00,0.15810000000000002,61.4,49.15166667
2023-06-01 19:00:00,0.0279,51.87,39.30416667
2023-06-01 20:00:00,0,46.57,32.825
2023-06-01 21:00:00,0,39,39.66916667
2023-06-01 22:00:00,0,32.51,30.98833333
2023-06-01 23:00:00,0,29.19,28.43833333
2023-06-02 00:00:00,0,26.24,26.01
2023-06-02 01:00:00,0,23.56,26.35
2023-06-02 02:00:00,0,22.59,24.76833333
2023-06-02 03:00:00,0,21.38,21.99083333
2023-06-02 04:00:00,0,21.69,22.30166667
2023-06-02 05:00:00,0,22.32,19.955
2023-06-02 06:00:00,0.018600000000000002,24.64,21.07416667
2023-06-02 07:00:00,0.12090000000000001,28.91,26.24285714
2023-06-02 08:00:00,0.279,29.79,28.19083333
2023-06-02 09:00:00,0.4464,31.44,31.13928571
2023-06-02 10:00:00,0.6045,31.98,32.93416667
2023-06-02 11:00:00,0.7068000000000001,35.34,22.80916667
2023-06-02 12:00:00,0.7440000000000001,38.02,26.00642857
2023-06-02 13:00:00,0.7533000000000001,40.55,39.12857143
2023-06-02 14:00:00,0.7068000000000001,42.58,37.2225
2023-06-02 15:00:00,0.6138,49,41.6075
2023-06-02 16:00:00,0.48360000000000003,55,40.8375
2023-06-02 17:00:00,0.3069,75.97,39.42833333
2023-06-02 18:00:00,0.1395,60,30.54083333
2023-06-02 19:00:00,0.0279,45.5,29.19833333
2023-06-02 20:00:00,0,39,25.40166667
2023-06-02 21:00:00,0,34.06,23.09333333
2023-06-02 22:00:00,0,31.27,22.86583333
2023-06-02 23:00:00,0,28.58,24.04333333
2023-06-03 00:00:00,0,28.33,27.30833333
2023-06-03 01:00:00,0,25.14,27.19583333
2023-06-03 02:00:00,0,23.67,22.5375
2023-06-03 03:00:00,0,22.06,19.46
2023-06-03 04:00:00,0,21.86,22.3525
2023-06-03 05:00:00,0,21.3,22.84083333
2023-06-03 06:00:00,0.018600000000000002,21.69,22.24166667
2023-06-03 07:00:00,0.12090000000000001,22.9,22.06333333
2023-06-03 08:00:00,0.29760000000000003,24.33,24.0575
2023-06-03 09:00:00,0.47430000000000005,24.24,27.79
2023-06-03 10:00:00,0.6324000000000001,24.24,26.98083333
2023-06-03 11:00:00,0.7347,24.11,25.40666667
2023-06-03 12:00:00,0.7905,24.59,23.13916667
2023-06-03 13:00:00,0.7905,24.24,25.40785714
2023-06-03 14:00:00,0.7347,24.24,24.60214286
2023-06-03 15:00:00,0.651,25.5,25.18
2023-06-03 16:00:00,0.5022000000000001,25.11,24.7975
2023-06-03 17:00:00,0.3255,29.05,28.685
2023-06-03 18:00:00,0.14880000000000002,29.82,26.14
2023-06-03 19:00:00,0.0279,28.76,25.4375
2023-06-03 20:00:00,0,27.27,23.31416667
2023-06-03 21:00:00,0,25.52,21.19416667
2023-06-03 22:00:00,0,24.24,21.265
2023-06-03 23:00:00,0,20.58,19.39416667
2023-06-04 00:00:00,0,18.9,19.255
2023-06-04 01:00:00,0,18.38,19.7075
2023-06-04 02:00:00,0,17.04,18.01833333
2023-06-04 03:00:00,0,16.26,18.12583333
2023-06-04 04:00:00,0,15.75,17.99666667
2023-06-04 05:00:00,0,16.19,16.4475
2023-06-04 06:00:00,0.018600000000000002,16.29,14.49416667
2023-06-04 07:00:00,0.12090000000000001,15.61,16.9225
2023-06-04 08:00:00,0.29760000000000003,16.98,17.77666667
2023-06-04 09:00:00,0.48360000000000003,15.37,19.14666667
2023-06-04 10:00:00,0.6324000000000001,14.69,18.53916667
2023-06-04 11:00:00,0.7347,14.8,19.6675
2023-06-04 12:00:00,0.7812,14.96,20.03333333
2023-06-04 13:00:00,0.7812,15.21,19.97166667
2023-06-04 14:00:00,0.7440000000000001,15.41,18.79166667
2023-06-04 15:00:00,0.6603,17.05,18.6375
2023-06-04 16:00:00,0.5208,19,19.87916667
2023-06-04 17:00:00,0.3441,23.15,24.42833333
2023-06-04 18:00:00,0.15810000000000002,25.28,20.33333333
2023-06-04 19:00:00,0.0279,26.41,21.34333333
2023-06-04 20:00:00,0,25.9,21.3975
2023-06-04 21:00:00,0,31.44,21.59166667
2023-06-04 22:00:00,0,20.78,19.8275
2023-06-04 23:00:00,0,19.12,18.68083333
2023-06-05 00:00:00,0,19.28,15.52333333
2023-06-05 01:00:00,0,17.8,18.15
2023-06-05 02:00:00,0,16.56,17.92833333
2023-06-05 03:00:00,0,16.36,16.77166667
2023-06-05 04:00:00,0,16.86,15.915
2023-06-05 05:00:00,0,18.48,15.14416667
2023-06-05 06:00:00,0.018600000000000002,21.61,19.34583333
2023-06-05 07:00:00,0.1302,23.09,23.01916667
2023-06-05 08:00:00,0.29760000000000003,23.58,21.73166667
2023-06-05 09:00:00,0.48360000000000003,23.85,23.50583333
2023-06-05 10:00:00,0.6324000000000001,23.72,21.53833333
2023-06-05 11:00:00,0.7347,23.89,22.34583333
2023-06-05 12:00:00,0.7812,24.78,23.42583333
2023-06-05 13:00:00,0.7905,25.34,23.71166667
2023-06-05 14:00:00,0.7440000000000001,27.22,23.60166667
2023-06-05 15:00:00,0.6603,29.87,25.63166667
2023-06-05 16:00:00,0.5208,32.95,33.72916667
2023-06-05 17:00:00,0.3441,38.72,31.8325
2023-06-05 18:00:00,0.15810000000000002,36.44,27.20083333
2023-06-05 19:00:00,0.037200000000000004,35.45,22.29583333
2023-06-05 20:00:00,0,34.26,18.90333333
2023-06-05 21:00:00,0,30.33,20.57833333
2023-06-05 22:00:00,0,24.22,20.38416667
2023-06-05 23:00:00,0,22.62,17.68583333
2023-06-06 00:00:00,0,18.55,15.26916667
2023-06-06 01:00:00,0,16.7,16.57166667
2023-06-06 02:00:00,0,15.24,16.92583333
2023-06-06 03:00:00,0,14.75,16.4375
2023-06-06 04:00:00,0,15.17,17.22166667
2023-06-06 05:00:00,0,16.31,18.96666667
2023-06-06 06:00:00,0.018600000000000002,20.59,16.72833333
2023-06-06 07:00:00,0.1302,21.6,19.60916667
2023-06-06 08:00:00,0.3069,22.3,20.265
2023-06-06 09:00:00,0.5022000000000001,21.79,19.125
2023-06-06 10:00:00,0.6416999999999999,22.53,21.03416667
2023-06-06 11:00:00,0.7440000000000001,24.24,22.34666667
2023-06-06 12:00:00,0.7905,24.24,22.63
2023-06-06 13:00:00,0.7998000000000001,24.93,23.26583333
2023-06-06 14:00:00,0.7533000000000001,25.75,20.5825
2023-06-06 15:00:00,0.6696,27.27,20.59333333
2023-06-06 16:00:00,0.5301,30.52,20.56416667
2023-06-06 17:00:00,0.35340000000000005,36.48,23.35333333
2023-06-06 18:00:00,0.15810000000000002,36.69,22.58083333
2023-06-06 19:00:00,0.037200000000000004,31.54,22.32916667
2023-06-06 20:00:00,0,29.64,22.04666667
2023-06-06 21:00:00,0,26.3,21.90666667
2023-06-06 22:00:00,0,22.67,19.1
2023-06-06 23:00:00,0,21.08,21.28333333
2023-06-07 00:00:00,0,19.84,21.05166667
2023-06-07 01:00:00,0,17.78,20.36583333
2023-06-07 02:00:00,0,17.07,19.66916667
2023-06-07 03:00:00,0,16.36,17.37083333
2023-06-07 04:00:00,0,16.3,17.7675
2023-06-07 05:00:00,0,17.7,20.135
2023-06-07 06:00:00,0.0279,21.2,20.37333333
2023-06-07 07:00:00,0.1302,22.35,21.13833333
2023-06-07 08:00:00,0.2883,22.69,22.58666667
2023-06-07 09:00:00,0.465,22.45,22.60833333
2023-06-07 10:00:00,0.6324000000000001,22.71,22.97583333
2023-06-07 11:00:00,0.7440000000000001,22.51,23.24
2023-06-07 12:00:00,0.7998000000000001,22.77,22.9575
2023-06-07 13:00:00,0.8091,23.75,21.98583333
2023-06-07 14:00:00,0.7626,25.52,20.3825
2023-06-07 15:00:00,0.6696,27.58,19.86416667
2023-06-07 16:00:00,0.5301,28.89,21.575
2023-06-07 17:00:00,0.35340000000000005,35.81,21.8525
2023-06-07 18:00:00,0.15810000000000002,32.37,20.6125
2023-06-07 19:00:00,0.037200000000000004,30.68,20.48333333
2023-06-07 20:00:00,0,29.34,19.3425
2023-06-07 21:00:00,0,25.11,20.05
2023-06-07 22:00:00,0,23.18,20.12583333
2023-06-07 23:00:00,0,21.16,18.86583333
2023-06-08 00:00:00,0,19.62,17.715
2023-06-08 01:00:00,0,17.64,17.85
2023-06-08 02:00:00,0,16.61,17.07166667
2023-06-08 03:00:00,0,16.12,17.27583333
2023-06-08 04:00:00,0,16.38,18.14583333
2023-06-08 05:00:00,0,18.16,17.72166667
2023-06-08 06:00:00,0.0279,21.9,18.53833333
2023-06-08 07:00:00,0.1302,23.85,22.93166667
2023-06-08 08:00:00,0.2883,23.54,24.0775
2023-06-08 09:00:00,0.4557,23,29.125
2023-06-08 10:00:00,0.6138,21.96,28.7875
2023-06-08 11:00:00,0.7161000000000001,21.47,24.33916667
2023-06-08 12:00:00,0.7812,22,22.9725
2023-06-08 13:00:00,0.7998000000000001,23.02,24.165
2023-06-08 14:00:00,0.7626,22.17,55.01916667
2023-06-08 15:00:00,0.6789000000000001,23.07,29.21071429
2023-06-08 16:00:00,0.5301,25.52,27.2175
2023-06-08 17:00:00,0.35340000000000005,34.07,24.22916667
2023-06-08 18:00:00,0.15810000000000002,30.21,23.74583333
2023-06-08 19:00:00,0.037200000000000004,27.72,23.88583333
2023-06-08 20:00:00,0,28.41,24.08833333
2023-06-08 21:00:00,0,25.16,27.85083333
2023-06-08 22:00:00,0,21.4,24.04333333
2023-06-08 23:00:00,0,20.15,21.89666667
2023-06-09 00:00:00,0,18.92,19.84
2023-06-09 01:00:00,0,16.71,18.2275
2023-06-09 02:00:00,0,15.85,17.85666667
2023-06-09 03:00:00,0,15.41,17.8275
2023-06-09 04:00:00,0,15.96,18.77083333
2023-06-09 05:00:00,0,17.5,19.75083333
2023-06-09 06:00:00,0.018600000000000002,20.68,20.64833333
2023-06-09 07:00:00,0.12090000000000001,22.58,23.86416667
2023-06-09 08:00:00,0.279,22.95,26.40083333
2023-06-09 09:00:00,0.4557,22.69,24.43583333
2023-06-09 10:00:00,0.6045,22.05,22.09416667
2023-06-09 11:00:00,0.7068000000000001,21.86,22.87571429
2023-06-09 12:00:00,0.7719,21.23,22.4075
2023-06-09 13:00:00,0.8091,22.22,23.23666667
2023-06-09 14:00:00,0.7719,22.22,23.1925
2023-06-09 15:00:00,0.6789000000000001,22.42,23.8775
2023-06-09 16:00:00,0.5394,23.82,29.38083333
2023-06-09 17:00:00,0.3627,27.43,27.2225
2023-06-09 18:00:00,0.1674,28.42,26.64333333
2023-06-09 19:00:00,0.037200000000000004,26.82,26.4075
2023-06-09 20:00:00,0,26.54,26.89833333
2023-06-09 21:00:00,0,24.09,22.51083333
2023-06-09 22:00:00,0,22.52,22.31333333
2023-06-09 23:00:00,0,20.25,21.455
2023-06-10 00:00:00,0,20.12,24.43083333
2023-06-10 01:00:00,0,18.37,21.81916667
2023-06-10 02:00:00,0,17.31,19.84333333
2023-06-10 03:00:00,0,16.65,18.88
2023-06-10 04:00:00,0,16.53,19.63583333
2023-06-10 05:00:00,0,17.03,19.58666667
2023-06-10 06:00:00,0.0279,18.69,18.76666667
2023-06-10 07:00:00,0.12090000000000001,20.34,19.85833333
2023-06-10 08:00:00,0.2883,20.72,18.4175
2023-06-10 09:00:00,0.465,19.69,20.585
2023-06-10 10:00:00,0.6138,19.86,17.97916667
2023-06-10 11:00:00,0.7254,19.86,18.30333333
2023-06-10 12:00:00,0.7812,19.87,18.69166667
2023-06-10 13:00:00,0.7998000000000001,19.95,18.8375
2023-06-10 14:00:00,0.7440000000000001,20.12,19.07333333
2023-06-10 15:00:00,0.651,20.81,21.1175
2023-06-10 16:00:00,0.5022000000000001,25.36,20.26583333
2023-06-10 17:00:00,0.3069,28.62,20.015
2023-06-10 18:00:00,0.1395,29.64,20.795
2023-06-10 19:00:00,0.037200000000000004,28.77,25.8
2023-06-10 20:00:00,0,27.7,25.50833333
2023-06-10 21:00:00,0,24.95,27.23916667
2023-06-10 22:00:00,0,21.85,22.985
2023-06-10 23:00:00,0,20.53,22.28833333
2023-06-11 00:00:00,0,20.17,22.08666667
2023-06-11 01:00:00,0,18.57,19.55416667
2023-06-11 02:00:00,0,17.28,17.20083333
2023-06-11 03:00:00,0,16.06,16.18083333
2023-06-11 04:00:00,0,15.74,14.85416667
2023-06-11 05:00:00,0,16.35,16.33333333
2023-06-11 06:00:00,0.0279,17.89,15.27416667
2023-06-11 07:00:00,0.12090000000000001,18.28,17.86
2023-06-11 08:00:00,0.29760000000000003,18.63,18.715
2023-06-11 09:00:00,0.47430000000000005,19.26,17.30166667
2023-06-11 10:00:00,0.6045,20.03,18.50416667
2023-06-11 11:00:00,0.6975,21.21,18.78916667
2023-06-11 12:00:00,0.7347,22.41,20.43583333
2023-06-11 13:00:00,0.7440000000000001,24.19,25.23333333
2023-06-11 14:00:00,0.6975,26.13,28.32416667
2023-06-11 15:00:00,0.6045,27.57,28.68857143
2023-06-11 16:00:00,0.465,32.49,45.73285714
2023-06-11 17:00:00,0.31620000000000004,35.95,33.51416667
2023-06-11 18:00:00,0.14880000000000002,41.69,31.47666667
2023-06-11 19:00:00,0.037200000000000004,33.89,25.89833333
2023-06-11 20:00:00,0,32.49,23.85083333
2023-06-11 21:00:00,0,28.6,24.06166667
2023-06-11 22:00:00,0,23.99,35.48166667
2023-06-11 23:00:00,0,22.42,33.0325
2023-06-12 00:00:00,0,19.93,25.34416667
2023-06-12 01:00:00,0,18.49,19.57
2023-06-12 02:00:00,0,17.55,16.25166667
2023-06-12 03:00:00,0,17.07,17.55833333
2023-06-12 04:00:00,0,17.15,15.40916667
2023-06-12 05:00:00,0,18.27,19.10916667
2023-06-12 06:00:00,0.018600000000000002,21.12,21.0675
2023-06-12 07:00:00,0.12090000000000001,24.16,21.50166667
2023-06-12 08:00:00,0.2883,25.07,23.13166667
2023-06-12 09:00:00,0.4557,25.28,25.42666667
2023-06-12 10:00:00,0.5952000000000001,26.26,26.32583333
2023-06-12 11:00:00,0.6696,27.94,25.65416667
2023-06-12 12:00:00,0.7068000000000001,29.36,24.61083333
2023-06-12 13:00:00,0.6975,28.06,27.40083333
2023-06-12 14:00:00,0.6603,29.31,27.04583333
2023-06-12 15:00:00,0.5859000000000001,30.56,38.25
2023-06-12 16:00:00,0.48360000000000003,33.12,29.52916667
2023-06-12 17:00:00,0.3348,37.08,26.36666667
2023-06-12 18:00:00,0.15810000000000002,34.28,24.55583333
2023-06-12 19:00:00,0.037200000000000004,32.54,26.2375
2023-06-12 20:00:00,0,31.14,25.75
2023-06-12 21:00:00,0,26.93,30.02416667
2023-06-12 22:00:00,0,23.56,25.71333333
2023-06-12 23:00:00,0,20.82,23.60166667
2023-06-13 00:00:00,0,19.71,18.16571429
2023-06-13 01:00:00,0,18.46,17.67083333
2023-06-13 02:00:00,0,17.38,13.08666667
2023-06-13 03:00:00,0,16.65,8.262142857
2023-06-13 04:00:00,0,17.05,10.045
2023-06-13 05:00:00,0,17.99,13.90666667
2023-06-13 06:00:00,0.0279,20.56,20.9425
2023-06-13 07:00:00,0.1302,22.56,22.00642857
2023-06-13 08:00:00,0.31620000000000004,23.59,24.1525
2023-06-13 09:00:00,0.5022000000000001,24.16,24.23166667
2023-06-13 10:00:00,0.6603,24.52,27.5125
2023-06-13 11:00:00,0.7440000000000001,24.72,27.8225
2023-06-13 12:00:00,0.7812,25.25,24.96166667
2023-06-13 13:00:00,0.7626,25.25,23.83583333
2023-06-13 14:00:00,0.6975,26.48,24.50333333
2023-06-13 15:00:00,0.6231000000000001,27.89,26.45833333
2023-06-13 16:00:00,0.5115000000000001,31.28,26.75583333
2023-06-13 17:00:00,0.35340000000000005,34.91,32.20666667
2023-06-13 18:00:00,0.1674,32.76,28.46833333
2023-06-13 19:00:00,0.037200000000000004,31.5,25.8375
2023-06-13 20:00:00,0,29,29.6425
2023-06-13 21:00:00,0,25.43,30.13416667
2023-06-13 22:00:00,0,23.19,24.13666667
2023-06-13 23:00:00,0,20.83,23.18
2023-06-14 00:00:00,0,21.86,19.75166667
2023-06-14 01:00:00,0,20.28,17.37416667
2023-06-14 02:00:00,0,18.95,16.945
2023-06-14 03:00:00,0,17.54,16.2475
2023-06-14 04:00:00,0,18.84,15.33166667
2023-06-14 05:00:00,0,19.63,15.08416667
2023-06-14 06:00:00,0.0279,22.01,17.15916667
2023-06-14 07:00:00,0.1302,22.34,20.88166667
2023-06-14 08:00:00,0.3255,23.27,17.14833333
2023-06-14 09:00:00,0.5115000000000001,22.98,21.54666667
2023-06-14 10:00:00,0.651,23.21,22.10083333
2023-06-14 11:00:00,0.7440000000000001,23.45,22.66083333
2023-06-14 12:00:00,0.7905,24.36,23.79
2023-06-14 13:00:00,0.7998000000000001,25.78,22.87615385
2023-06-14 14:00:00,0.7626,26.22,25.05833333
2023-06-14 15:00:00,0.6789000000000001,26.76,27.90416667
2023-06-14 16:00:00,0.5394,30.56,77.840625
2023-06-14 17:00:00,0.3627,31.58,25.48833333
2023-06-14 18:00:00,0.1674,30.73,26.24833333
2023-06-14 19:00:00,0.037200000000000004,29.47,25.29916667
2023-06-14 20:00:00,0,28.43,24.66666667
2023-06-14 21:00:00,0,26.17,24.49166667
2023-06-14 22:00:00,0,23.54,21.5625
2023-06-14 23:00:00,0,22.04,21.27
2023-06-15 00:00:00,0,21.22,22.43166667
2023-06-15 01:00:00,0,19.73,20.35083333
2023-06-15 02:00:00,0,18.23,16.6075
2023-06-15 03:00:00,0,17.61,15.36416667
2023-06-15 04:00:00,0,17.74,15.15833333
2023-06-15 05:00:00,0,19.18,17.56333333
2023-06-15 06:00:00,0.0279,22.23,20.81583333
2023-06-15 07:00:00,0.1302,23.72,23.41333333
2023-06-15 08:00:00,0.31620000000000004,24.84,24.89
2023-06-15 09:00:00,0.5115000000000001,23.83,24.67428571
2023-06-15 10:00:00,0.6603,23.5,23.46333333
2023-06-15 11:00:00,0.7626,23.79,25.36
2023-06-15 12:00:00,0.8184,24.18,35.54384615
2023-06-15 13:00:00,0.8277000000000001,26.48,33.68333333
2023-06-15 14:00:00,0.7812,27.94,28.63
2023-06-15 15:00:00,0.6975,28.61,27.25833333
2023-06-15 16:00:00,0.558,32.71,30.7125
2023-06-15 17:00:00,0.37200000000000005,38.1,36.1
2023-06-15 18:00:00,0.1674,39.58,24.80833333
2023-06-15 19:00:00,0.037200000000000004,37.76,24.34666667
2023-06-15 20:00:00,0,31.62,33.56083333
2023-06-15 21:00:00,0,29.42,25.85166667
2023-06-15 22:00:00,0,26.43,23.195
2023-06-15 23:00:00,0,23.81,22.15416667
2023-06-16 00:00:00,0,21.73,20.73666667
2023-06-16 01:00:00,0,19.38,21.02916667
2023-06-16 02:00:00,0,18.35,19.87916667
2023-06-16 03:00:00,0,17.28,17.93
2023-06-16 04:00:00,0,17.23,18.17583333
2023-06-16 05:00:00,0,19.14,20.8275
2023-06-16 06:00:00,0.0279,21.82,21.39
2023-06-16 07:00:00,0.1302,23.4,31.06333333
2023-06-16 08:00:00,0.3069,24.36,27.91583333
2023-06-16 09:00:00,0.48360000000000003,25.11,27.23916667
2023-06-16 10:00:00,0.651,25.77,26.115
2023-06-16 11:00:00,0.7812,27.12,33.88583333
2023-06-16 12:00:00,0.8463,28.25,49.25166667
2023-06-16 13:00:00,0.8556,28.87,31.51916667
2023-06-16 14:00:00,0.8091,28.89,25.34333333
2023-06-16 15:00:00,0.7161000000000001,28.09,30.415
2023-06-16 16:00:00,0.5673,30.39,27.68083333
2023-06-16 17:00:00,0.3813,32.21,30.16083333
2023-06-16 18:00:00,0.17670000000000002,32.18,33.8075
2023-06-16 19:00:00,0.037200000000000004,29.79,30.56166667
2023-06-16 20:00:00,0,27.35,25.53333333
2023-06-16 21:00:00,0,26.02,22.62416667
2023-06-16 22:00:00,0,23.39,21.46083333
2023-06-16 23:00:00,0,22.59,20.72083333
2023-06-17 00:00:00,0,22.64,24.09416667
2023-06-17 01:00:00,0,19.78,19.58
2023-06-17 02:00:00,0,18.65,17.61583333
2023-06-17 03:00:00,0,17.73,16.86
2023-06-17 04:00:00,0,17.08,16.31583333
2023-06-17 05:00:00,0,17.77,17.2775
2023-06-17 06:00:00,0.0279,19.08,17.82666667
2023-06-17 07:00:00,0.1302,20.13,18.16333333
2023-06-17 08:00:00,0.3255,21.82,20.45
2023-06-17 09:00:00,0.5208,22.26,21.79666667
2023-06-17 10:00:00,0.6603,23.26,21.9
2023-06-17 11:00:00,0.7626,24.85,22.62416667
2023-06-17 12:00:00,0.8091,25.2,22.60333333
2023-06-17 13:00:00,0.8184,26.02,22.1725
2023-06-17 14:00:00,0.7812,25.94,21.36214286
2023-06-17 15:00:00,0.6975,23.86,21.81
2023-06-17 16:00:00,0.558,27.87,22.82916667
2023-06-17 17:00:00,0.37200000000000005,28.9,25.195
2023-06-17 18:00:00,0.17670000000000002,27.87,23.98
2023-06-17 19:00:00,0.037200000000000004,26.68,22.98416667
2023-06-17 20:00:00,0,24.55,26.26916667
2023-06-17 21:00:00,0,23.96,24.09416667
2023-06-17 22:00:00,0,22.22,19.49333333
2023-06-17 23:00:00,0,21.16,18.785
2023-06-18 00:00:00,0,19.79,18.64
2023-06-18 01:00:00,0,17.82,18.89333333
2023-06-18 02:00:00,0,17.65,18.14333333
2023-06-18 03:00:00,0,15.9,14.61083333
2023-06-18 04:00:00,0,15.75,14.6925
2023-06-18 05:00:00,0,15.68,14.90583333
2023-06-18 06:00:00,0.0279,15.41,14.395
2023-06-18 07:00:00,0.1302,16.22,15.29666667
2023-06-18 08:00:00,0.29760000000000003,17.73,16.88833333
2023-06-18 09:00:00,0.48360000000000003,18.82,18.27916667
2023-06-18 10:00:00,0.651,19.86,18.15166667
2023-06-18 11:00:00,0.7626,20.17,18.65416667
2023-06-18 12:00:00,0.8184,20.42,20.45
2023-06-18 13:00:00,0.8277000000000001,21.19,20.96166667
2023-06-18 14:00:00,0.7905,21.46,20.03916667
2023-06-18 15:00:00,0.6975,23.11,20.53416667
2023-06-18 16:00:00,0.558,27.75,22.98666667
2023-06-18 17:00:00,0.37200000000000005,31.68,23.99166667
2023-06-18 18:00:00,0.17670000000000002,33.18,24.455
2023-06-18 19:00:00,0.037200000000000004,30.85,26.49583333
2023-06-18 20:00:00,0,28.12,28.91166667
2023-06-18 21:00:00,0,26.35,26.45666667
2023-06-18 22:00:00,0,24.25,24.40285714
2023-06-18 23:00:00,0,22.01,22.10166667
2023-06-19 00:00:00,0,21.12,22.23666667
2023-06-19 01:00:00,0,19.34,19.84333333
2023-06-19 02:00:00,0,17.93,18.55166667
2023-06-19 03:00:00,0,17.2,17.39333333
2023-06-19 04:00:00,0,17.12,16.91083333
2023-06-19 05:00:00,0,17.59,18.635
2023-06-19 06:00:00,0.0279,20.18,19.66083333
2023-06-19 07:00:00,0.1302,21.92,18.54666667
2023-06-19 08:00:00,0.31620000000000004,23.91,19.65666667
2023-06-19 09:00:00,0.5115000000000001,25,20.91666667
2023-06-19 10:00:00,0.6696,25.25,26.58214286
2023-06-19 11:00:00,0.7719,25.84,31.23916667
2023-06-19 12:00:00,0.8277000000000001,26.84,28.77416667
2023-06-19 13:00:00,0.8370000000000001,28.77,27.96833333
2023-06-19 14:00:00,0.7905,32.66,28.0825
2023-06-19 15:00:00,0.6975,32.83,32.06833333
2023-06-19 16:00:00,0.558,39.85,29.86083333
2023-06-19 17:00:00,0.37200000000000005,44.76,32.865
2023-06-19 18:00:00,0.17670000000000002,41.08,31.20666667
2023-06-19 19:00:00,0.037200000000000004,36.9,30.40333333
2023-06-19 20:00:00,0,32.32,33.565
2023-06-19 21:00:00,0,31.06,33.1075
2023-06-19 22:00:00,0,26.21,29.05416667
2023-06-19 23:00:00,0,23.44,25.2825
2023-06-20 00:00:00,0,21.13,25.44916667
2023-06-20 01:00:00,0,19.03,24.91083333
2023-06-20 02:00:00,0,17.98,21.84333333
2023-06-20 03:00:00,0,17.78,20.51833333
2023-06-20 04:00:00,0,17.88,21.38
2023-06-20 05:00:00,0,18.7,21.32416667
2023-06-20 06:00:00,0.0279,21.84,22.1925
2023-06-20 07:00:00,0.1302,23.96,26.95166667
2023-06-20 08:00:00,0.3255,24.82,29.47583333
2023-06-20 09:00:00,0.5208,24.99,30.35
2023-06-20 10:00:00,0.6696,26.6,28.5325
2023-06-20 11:00:00,0.7719,28.14,33.38428571
2023-06-20 12:00:00,0.8184,29.1,31.115
2023-06-20 13:00:00,0.8277000000000001,30.59,31.55416667
2023-06-20 14:00:00,0.7905,31.86,31.14333333
2023-06-20 15:00:00,0.6975,32.94,31.5975
2023-06-20 16:00:00,0.558,38.25,31.29916667
2023-06-20 17:00:00,0.37200000000000005,41.81,43.81
2023-06-20 18:00:00,0.17670000000000002,39.19,36.5075
2023-06-20 19:00:00,0.037200000000000004,36.08,33.23083333
2023-06-20 20:00:00,0,31.87,32.6025
2023-06-20 21:00:00,0,30.25,30.95666667
2023-06-20 22:00:00,0,26.36,26.92916667
2023-06-20 23:00:00,0,23.87,23.76833333
2023-06-21 00:00:00,0,20.5,23.36166667
2023-06-21 01:00:00,0,19.07,20.55583333
2023-06-21 02:00:00,0,17.75,18.03583333
2023-06-21 03:00:00,0,17.17,16.38916667
2023-06-21 04:00:00,0,17.17,17.29833333
2023-06-21 05:00:00,0,17.97,20.95333333
2023-06-21 06:00:00,0.018600000000000002,21.04,21.87
2023-06-21 07:00:00,0.12090000000000001,22.84,24.2075
2023-06-21 08:00:00,0.2883,24.78,24.56
2023-06-21 09:00:00,0.465,24.43,24.39416667
2023-06-21 10:00:00,0.6231000000000001,24.25,25.25916667
2023-06-21 11:00:00,0.7533000000000001,25.06,25.15714286
2023-06-21 12:00:00,0.8184,25.55,24.5825
2023-06-21 13:00:00,0.8277000000000001,27.08,25.18416667
2023-06-21 14:00:00,0.7905,27.93,25.18
2023-06-21 15:00:00,0.6975,28.66,22.25583333
2023-06-21 16:00:00,0.558,32.27,22.37583333
2023-06-21 17:00:00,0.3813,35.4,24.40916667
2023-06-21 18:00:00,0.17670000000000002,35.66,23.585
2023-06-21 19:00:00,0.037200000000000004,33.82,34.89916667
2023-06-21 20:00:00,0,30.43,34.76333333
2023-06-21 21:00:00,0,27.45,25.9725
2023-06-21 22:00:00,0,24.3,22.78416667
2023-06-21 23:00:00,0,22.12,21.485
2023-06-22 00:00:00,0,21.71,21.47166667
2023-06-22 01:00:00,0,19.43,19.69416667
2023-06-22 02:00:00,0,19.1,18.54916667
2023-06-22 03:00:00,0,18.16,17.8225
2023-06-22 04:00:00,0,18.56,18.35083333
2023-06-22 05:00:00,0,19.77,17.64583333
2023-06-22 06:00:00,0.0279,22.62,17.6325
2023-06-22 07:00:00,0.1302,24.47,20.16666667
2023-06-22 08:00:00,0.3255,25.88,19.92416667
2023-06-22 09:00:00,0.5115000000000001,24.35,23.16833333
2023-06-22 10:00:00,0.6603,25.54,23.70428571
2023-06-22 11:00:00,0.7533000000000001,25.82,24.28583333
2023-06-22 12:00:00,0.7905,25.91,23.68916667
2023-06-22 13:00:00,0.7998000000000001,26.34,23.2925
2023-06-22 14:00:00,0.7533000000000001,26.72,22.47666667
2023-06-22 15:00:00,0.6696,27.06,21.61166667
2023-06-22 16:00:00,0.5394,29.74,28.43071429
2023-06-22 17:00:00,0.3627,32.06,32.33166667
2023-06-22 18:00:00,0.1674,31.15,37.915
2023-06-22 19:00:00,0.037200000000000004,29.9,40.90916667
2023-06-22 20:00:00,0,28.62,36.62333333
2023-06-22 21:00:00,0,27.12,35.76416667
2023-06-22 22:00:00,0,24.45,31.90166667
2023-06-22 23:00:00,0,22.07,25.93666667
2023-06-23 00:00:00,0,21.19,25.36333333
2023-06-23 01:00:00,0,19.52,22.97083333
2023-06-23 02:00:00,0,18.89,21.52833333
2023-06-23 03:00:00,0,18.74,21.54083333
2023-06-23 04:00:00,0,18.45,21.245
2023-06-23 05:00:00,0,20.29,22.86416667
2023-06-23 06:00:00,0.018600000000000002,23.48,24.505
2023-06-23 07:00:00,0.12090000000000001,25.67,29.81833333
2023-06-23 08:00:00,0.29760000000000003,27.04,32.70416667
2023-06-23 09:00:00,0.48360000000000003,28.99,33.0075
2023-06-23 10:00:00,0.651,31.84,37.26642857
2023-06-23 11:00:00,0.7533000000000001,32.57,39.56333333
2023-06-23 12:00:00,0.7998000000000001,33.58,34.8575
2023-06-23 13:00:00,0.8091,36.58,37.54166667
2023-06-23 14:00:00,0.7719,36.1,44.97428571
2023-06-23 15:00:00,0.6882,39.94,40.75916667
2023-06-23 16:00:00,0.5487,45.01,40.23916667
2023-06-23 17:00:00,0.37200000000000005,51.21,34.51583333
2023-06-23 18:00:00,0.17670000000000002,49.84,28.7725
2023-06-23 19:00:00,0.037200000000000004,43.97,27.46666667
2023-06-23 20:00:00,0,41.92,46.97916667
2023-06-23 21:00:00,0,34.7,39.11083333
2023-06-23 22:00:00,0,31.49,34.48833333
2023-06-23 23:00:00,0,30.17,39.49083333
2023-06-24 00:00:00,0,29.2,33.3775
2023-06-24 01:00:00,0,26.71,28.28083333
2023-06-24 02:00:00,0,26.72,20.54833333
2023-06-24 03:00:00,0,26.01,19.99666667
2023-06-24 04:00:00,0,25.7,19.49583333
2023-06-24 05:00:00,0,25.72,19.75333333
2023-06-24 06:00:00,0.018600000000000002,26.27,24.2475
2023-06-24 07:00:00,0.12090000000000001,26.38,30.33833333
2023-06-24 08:00:00,0.29760000000000003,27.66,36.1025
2023-06-24 09:00:00,0.49290000000000006,29.27,33.62166667
2023-06-24 10:00:00,0.6416999999999999,29,33.72916667
2023-06-24 11:00:00,0.7347,30.29,43.79083333
2023-06-24 12:00:00,0.7905,31.78,34.97666667
2023-06-24 13:00:00,0.7905,33.13,33.675
2023-06-24 14:00:00,0.7533000000000001,33.76,33.64083333
2023-06-24 15:00:00,0.6603,33.46,42.88833333
2023-06-24 16:00:00,0.5301,41.01,59.74666667
2023-06-24 17:00:00,0.3627,42.54,31.85083333
2023-06-24 18:00:00,0.1674,42.58,46.03916667
2023-06-24 19:00:00,0.037200000000000004,38.81,56.58666667
2023-06-24 20:00:00,0,39.04,107.4533333
2023-06-24 21:00:00,0,35.8,40.69916667
2023-06-24 22:00:00,0,30.5,36.31833333
2023-06-24 23:00:00,0,28.61,30.6725
2023-06-25 00:00:00,0,31.56,29.3275
2023-06-25 01:00:00,0,27.78,30.275
2023-06-25 02:00:00,0,28.75,24.47833333
2023-06-25 03:00:00,0,27.07,26.21666667
2023-06-25 04:00:00,0,25.32,25.51666667
2023-06-25 05:00:00,0,25.74,21.9125
2023-06-25 06:00:00,0.018600000000000002,23.88,21.62583333
2023-06-25 07:00:00,0.12090000000000001,24.86,21.14583333
2023-06-25 08:00:00,0.29760000000000003,27.48,25.74416667
2023-06-25 09:00:00,0.48360000000000003,28.28,28.94583333
2023-06-25 10:00:00,0.6324000000000001,30.3,31.1625
2023-06-25 11:00:00,0.7347,31.43,34.15833333
2023-06-25 12:00:00,0.7812,35.46,34.72333333
2023-06-25 13:00:00,0.7998000000000001,38.23,40.5225
2023-06-25 14:00:00,0.7626,40.21,34.89333333
2023-06-25 15:00:00,0.6789000000000001,40.96,40.94166667
2023-06-25 16:00:00,0.5487,49,49.39
2023-06-25 17:00:00,0.37200000000000005,54.72,74.435
2023-06-25 18:00:00,0.17670000000000002,55.85,102.8883333
2023-06-25 19:00:00,0.037200000000000004,54.62,95.49583333
2023-06-25 20:00:00,0,55.29,51.94916667
2023-06-25 21:00:00,0,43.01,70.53833333
2023-06-25 22:00:00,0,36.74,41.19666667
2023-06-25 23:00:00,0,31.95,35.24416667
2023-06-26 00:00:00,0,28.69,33.8325
2023-06-26 01:00:00,0,27.26,29.70083333
2023-06-26 02:00:00,0,27.6,30.17083333
2023-06-26 03:00:00,0,27.43,29.88166667
2023-06-26 04:00:00,0,28.82,26.42333333
2023-06-26 05:00:00,0,26.45,23.24833333
2023-06-26 06:00:00,0.018600000000000002,29.87,29.22583333
2023-06-26 07:00:00,0.12090000000000001,32.28,27.02
2023-06-26 08:00:00,0.2883,34.58,32.1575
2023-06-26 09:00:00,0.4557,36.63,40.03
2023-06-26 10:00:00,0.6138,36.41,46.76166667
2023-06-26 11:00:00,0.7347,39.04,50.26583333
2023-06-26 12:00:00,0.7998000000000001,41.38,49.70916667
2023-06-26 13:00:00,0.8091,42.7,42.58333333
2023-06-26 14:00:00,0.7719,43.09,118.105
2023-06-26 15:00:00,0.6789000000000001,45.61,39.64333333
2023-06-26 16:00:00,0.5487,56.61,36.33666667
2023-06-26 17:00:00,0.37200000000000005,57.51,68.69714286
2023-06-26 18:00:00,0.17670000000000002,54.22,33.04583333
2023-06-26 19:00:00,0.037200000000000004,51.92,27.09083333
2023-06-26 20:00:00,0,47.38,27.33
2023-06-26 21:00:00,0,37.86,28.32916667
2023-06-26 22:00:00,0,32.21,35.43666667
2023-06-26 23:00:00,0,29.32,28.87166667
2023-06-27 00:00:00,0,28.39,37.24416667
2023-06-27 01:00:00,0,27.22,25.7875
2023-06-27 02:00:00,0,27.76,26.61
2023-06-27 03:00:00,0,26.78,25.915
2023-06-27 04:00:00,0,27.67,24.9625
2023-06-27 05:00:00,0,26.66,21.17833333
2023-06-27 06:00:00,0.018600000000000002,29.08,24.45416667
2023-06-27 07:00:00,0.12090000000000001,33.59,24.31833333
2023-06-27 08:00:00,0.2883,36.91,26.36333333
2023-06-27 09:00:00,0.47430000000000005,40.07,26.74571429
2023-06-27 10:00:00,0.6324000000000001,38.92,30.8975
2023-06-27 11:00:00,0.7254,37.65,31.03916667
2023-06-27 12:00:00,0.7812,39.64,30.3475
2023-06-27 13:00:00,0.7812,42.45,29.80666667
2023-06-27 14:00:00,0.7440000000000001,40.15,30.89916667
2023-06-27 15:00:00,0.6603,39.99,32.26333333
2023-06-27 16:00:00,0.5394,46.81,31.91333333
2023-06-27 17:00:00,0.3627,45.14,40.22666667
2023-06-27 18:00:00,0.1674,42.11,34.65166667
2023-06-27 19:00:00,0.037200000000000004,40.01,33.145
2023-06-27 20:00:00,0,38.55,29.5325
2023-06-27 21:00:00,0,32.94,32.7875
2023-06-27 22:00:00,0,31.31,41.57666667
2023-06-27 23:00:00,0,29,43.22083333
2023-06-28 00:00:00,0,32.96,36.76571429
2023-06-28 01:00:00,0,29.91,35.60583333
2023-06-28 02:00:00,0,29.29,26.09833333
2023-06-28 03:00:00,0,28.3,28.24166667
2023-06-28 04:00:00,0,28.03,24.99083333
2023-06-28 05:00:00,0,29.29,26.49833333
2023-06-28 06:00:00,0.018600000000000002,33.43,21.4925
2023-06-28 07:00:00,0.12090000000000001,37.06,29.905
2023-06-28 08:00:00,0.279,39.39,34.08333333
2023-06-28 09:00:00,0.4278,42.95,35.4375
2023-06-28 10:00:00,0.558,39.35,38.415
2023-06-28 11:00:00,0.6603,40.03,46.74666667
2023-06-28 12:00:00,0.7254,41.2,45.36333333
2023-06-28 13:00:00,0.7626,41.96,39.83833333
2023-06-28 14:00:00,0.7347,43,40.815
2023-06-28 15:00:00,0.6603,42.46,35.96785714
2023-06-28 16:00:00,0.5301,51.49,35.23666667
2023-06-28 17:00:00,0.3627,49.6,37.12
2023-06-28 18:00:00,0.1674,45.31,38.93833333
2023-06-28 19:00:00,0.037200000000000004,41.73,38.70083333
2023-06-28 20:00:00,0,40.08,41.32083333
2023-06-28 21:00:00,0,38.38,39.42166667
2023-06-28 22:00:00,0,36.68,33.55666667
2023-06-28 23:00:00,0,33.26,33.35166667
2023-06-29 00:00:00,0,32.3,33.71833333
2023-06-29 01:00:00,0,30.65,30.23583333
2023-06-29 02:00:00,0,30.3,30.82166667
2023-06-29 03:00:00,0,27.78,26.97833333
2023-06-29 04:00:00,0,28.14,26.555
2023-06-29 05:00:00,0,27.6,26.59666667
2023-06-29 06:00:00,0.018600000000000002,29.71,23.19333333
2023-06-29 07:00:00,0.1116,36.13,73.40166667
2023-06-29 08:00:00,0.2697,38.11,32.29416667
2023-06-29 09:00:00,0.41850000000000004,38.1,87.77083333
2023-06-29 10:00:00,0.5673,37.97,39.7375
2023-06-29 11:00:00,0.6882,39.77,39.15083333
2023-06-29 12:00:00,0.7626,40.62,39.67
2023-06-29 13:00:00,0.7905,44.51,38.88416667
2023-06-29 14:00:00,0.7533000000000001,44.33,41.0275
2023-06-29 15:00:00,0.6696,48.51,42.96916667
2023-06-29 16:00:00,0.5394,59.08,40.13785714
2023-06-29 17:00:00,0.3627,63,37.83083333
2023-06-29 18:00:00,0.17670000000000002,59,37.82
2023-06-29 19:00:00,0.037200000000000004,57.98,33.22333333
2023-06-29 20:00:00,0,51.76,36.77166667
2023-06-29 21:00:00,0,42.23,41.3375
2023-06-29 22:00:00,0,37.85,35.49833333
2023-06-29 23:00:00,0,35.3,30.9975
2023-06-30 00:00:00,0,30.28,30.06166667
2023-06-30 01:00:00,0,28.28,26.93833333
2023-06-30 02:00:00,0,28.13,22.01071429
2023-06-30 03:00:00,0,27.13,23.51071429
2023-06-30 04:00:00,0,27,24.51083333
2023-06-30 05:00:00,0,27.35,24.90166667
2023-06-30 06:00:00,0.018600000000000002,29.53,21.45666667
2023-06-30 07:00:00,0.12090000000000001,31.66,24.2825
2023-06-30 08:00:00,0.2883,34.16,29.85333333
2023-06-30 09:00:00,0.47430000000000005,36.08,30.46083333
2023-06-30 10:00:00,0.6324000000000001,36.41,34.86
2023-06-30 11:00:00,0.7440000000000001,38.9,35.77333333
2023-06-30 12:00:00,0.7998000000000001,41.03,35.67642857
2023-06-30 13:00:00,0.8091,43.15,42.34
2023-06-30 14:00:00,0.7719,48.65,35.88285714
2023-06-30 15:00:00,0.6882,50.26,31.99928571
2023-06-30 16:00:00,0.5487,65.59,30.6225
2023-06-30 17:00:00,0.37200000000000005,65,30.175
2023-06-30 18:00:00,0.17670000000000002,55.63,30.7225
2023-06-30 19:00:00,0.037200000000000004,50.57,32.88333333
2023-06-30 20:00:00,0,42.88,32.52333333
2023-06-30 21:00:00,0,38.38,45.48666667
2023-06-30 22:00:00,0,36.35,31.29833333
2023-06-30 23:00:00,0,32.79,30.04333333
2023-07-01 00:00:00,0,31.12,31.93166667
2023-07-01 01:00:00,0,28.08,29.5225
2023-07-01 02:00:00,0,26.95,24.62
2023-07-01 03:00:00,0,25.13,23.06833333
2023-07-01 04:00:00,0,23.71,22.625
2023-07-01 05:00:00,0,24.01,20.8575
2023-07-01 06:00:00,0.018600000000000002,24.47,19.8825
2023-07-01 07:00:00,0.12090000000000001,24.09,20.13916667
2023-07-01 08:00:00,0.3069,27.13,24.075
2023-07-01 09:00:00,0.49290000000000006,28.23,25.8475
2023-07-01 10:00:00,0.6416999999999999,29.96,37.83
2023-07-01 11:00:00,0.7440000000000001,31.31,31.305
2023-07-01 12:00:00,0.7998000000000001,32.73,33.62571429
2023-07-01 13:00:00,0.8184,34.17,33.38916667
2023-07-01 14:00:00,0.7719,34.74,32.91416667
2023-07-01 15:00:00,0.6882,38.16,36.5825
2023-07-01 16:00:00,0.558,46.54,41.64416667
2023-07-01 17:00:00,0.3813,47.52,39.6025
2023-07-01 18:00:00,0.17670000000000002,47.48,29.5775
2023-07-01 19:00:00,0.037200000000000004,37.02,32.57333333
2023-07-01 20:00:00,0,35.01,33.42416667
2023-07-01 21:00:00,0,32.58,31.15083333
2023-07-01 22:00:00,0,31.19,31.68666667
2023-07-01 23:00:00,0,28.55,31.17333333
2023-07-02 00:00:00,0,27.99,33.78
2023-07-02 01:00:00,0,27.91,30.985
2023-07-02 02:00:00,0,25,29.375
2023-07-02 03:00:00,0,23.23,28.34583333
2023-07-02 04:00:00,0,22.56,23.2225
2023-07-02 05:00:00,0,23.81,20.25166667
2023-07-02 06:00:00,0.018600000000000002,22.18,22.68416667
2023-07-02 07:00:00,0.12090000000000001,22.89,21.04166667
2023-07-02 08:00:00,0.3069,24.99,25.19666667
2023-07-02 09:00:00,0.5022000000000001,26.42,27.0675
2023-07-02 10:00:00,0.651,27.7,34.215
2023-07-02 11:00:00,0.7533000000000001,31.4,35.2875
2023-07-02 12:00:00,0.8091,31.29,37.06666667
2023-07-02 13:00:00,0.8184,30.35,40.12916667
2023-07-02 14:00:00,0.7812,31.51,37.00416667
2023-07-02 15:00:00,0.6975,33.84,33.545
2023-07-02 16:00:00,0.558,36.23,41.97666667
2023-07-02 17:00:00,0.3813,38.93,53.575
2023-07-02 18:00:00,0.17670000000000002,38.19,49.65083333
2023-07-02 19:00:00,0.037200000000000004,37.76,66.77833333
2023-07-02 20:00:00,0,36.94,157.63
2023-07-02 21:00:00,0,36.74,47.18333333
2023-07-02 22:00:00,0,33.33,39.56833333
2023-07-02 23:00:00,0,31.35,38.60583333
2023-07-03 00:00:00,0,29.77,35.84166667
2023-07-03 01:00:00,0,27.93,33.865
2023-07-03 02:00:00,0,27.27,31.62916667
2023-07-03 03:00:00,0,25.45,30.39833333
2023-07-03 04:00:00,0,24.6,29.11083333
2023-07-03 05:00:00,0,25.86,31.02583333
2023-07-03 06:00:00,0.018600000000000002,29.12,31.215
2023-07-03 07:00:00,0.1116,33.45,29.21833333
2023-07-03 08:00:00,0.279,36.78,28.54214286
2023-07-03 09:00:00,0.4464,37.88,30.3025
2023-07-03 10:00:00,0.5859000000000001,37.99,34.46166667
2023-07-03 11:00:00,0.7068000000000001,40.14,34.58416667
2023-07-03 12:00:00,0.7905,40.55,35.81166667
2023-07-03 13:00:00,0.8184,44.65,31.58166667
2023-07-03 14:00:00,0.7812,46.77,34.59071429
2023-07-03 15:00:00,0.6975,56.44,39.275
2023-07-03 16:00:00,0.558,76.59,52.48357143
2023-07-03 17:00:00,0.3813,69.59,1033.848333
2023-07-03 18:00:00,0.17670000000000002,63,310.515
2023-07-03 19:00:00,0.037200000000000004,50.71,34.45916667
2023-07-03 20:00:00,0,45.29,34.8775
2023-07-03 21:00:00,0,40.56,32.6775
2023-07-03 22:00:00,0,38.09,35.4325
2023-07-03 23:00:00,0,34.93,31.07333333
2023-07-04 00:00:00,0,34.19,32.73
2023-07-04 01:00:00,0,31.12,31.0775
2023-07-04 02:00:00,0,28.88,25.29083333
2023-07-04 03:00:00,0,27.64,25.8875
2023-07-04 04:00:00,0,27.27,24.3675
2023-07-04 05:00:00,0,27.46,25.79666667
2023-07-04 06:00:00,0.018600000000000002,27.72,27.28333333
2023-07-04 07:00:00,0.1116,26.47,20.94166667
2023-07-04 08:00:00,0.2697,27.66,23.83833333
2023-07-04 09:00:00,0.4371,31.92,27.525
2023-07-04 10:00:00,0.5952000000000001,34.34,29.57833333
2023-07-04 11:00:00,0.7254,35.04,33.4075
2023-07-04 12:00:00,0.7905,38.57,30.46916667
2023-07-04 13:00:00,0.7998000000000001,40.66,34.08083333
2023-07-04 14:00:00,0.7626,38.84,35.92666667
2023-07-04 15:00:00,0.6789000000000001,46.99,35.80583333
2023-07-04 16:00:00,0.5487,51.57,31.48166667
2023-07-04 17:00:00,0.37200000000000005,59.13,30.45083333
2023-07-04 18:00:00,0.17670000000000002,56.03,33.53
2023-07-04 19:00:00,0.037200000000000004,53.4,31.77666667
2023-07-04 20:00:00,0,42.93,30.34583333
2023-07-04 21:00:00,0,40.94,31.40833333
2023-07-04 22:00:00,0,38.07,31.06583333
2023-07-04 23:00:00,0,35.38,30.74333333
2023-07-05 00:00:00,0,35.31,27.30916667
2023-07-05 01:00:00,0,31.19,23.61583333
2023-07-05 02:00:00,0,29.5,22.2875
2023-07-05 03:00:00,0,28.04,18.35666667
2023-07-05 04:00:00,0,27.58,17.92833333
2023-07-05 05:00:00,0,28.18,20.00333333
2023-07-05 06:00:00,0.018600000000000002,31.32,27.05083333
2023-07-05 07:00:00,0.1116,34.09,33.4825
2023-07-05 08:00:00,0.25110000000000005,38.64,26.84083333
2023-07-05 09:00:00,0.39990000000000003,41.1,27.675
2023-07-05 10:00:00,0.5301,42.42,37.7575
2023-07-05 11:00:00,0.6324000000000001,47.28,40.876
2023-07-05 12:00:00,0.7254,52.44,40.11166667
2023-07-05 13:00:00,0.7626,54.23,56.80916667
2023-07-05 14:00:00,0.7440000000000001,55.15,141.1708333
2023-07-05 15:00:00,0.6696,73.6,74.97333333
2023-07-05 16:00:00,0.5394,90,93.14214286
2023-07-05 17:00:00,0.3627,92.35,79.98583333
2023-07-05 18:00:00,0.17670000000000002,86.37,87.86166667
2023-07-05 19:00:00,0.037200000000000004,89.5,92.65333333
2023-07-05 20:00:00,0,55.15,63.89428571
2023-07-05 21:00:00,0,51.09,116.8775
2023-07-05 22:00:00,0,45.22,118.4558333
2023-07-05 23:00:00,0,41.02,63.33333333
2023-07-06 00:00:00,0,35.79,37.49416667
2023-07-06 01:00:00,0,33.01,33.815
2023-07-06 02:00:00,0,31.62,36.91
2023-07-06 03:00:00,0,31.31,37.63083333
2023-07-06 04:00:00,0,30.84,38.95
2023-07-06 05:00:00,0,31.3,37.85857143
2023-07-06 06:00:00,0.018600000000000002,32.07,39.1175
2023-07-06 07:00:00,0.1116,35.16,41.89666667
2023-07-06 08:00:00,0.25110000000000005,38.56,51.31166667
2023-07-06 09:00:00,0.39990000000000003,44.4,63.8075
2023-07-06 10:00:00,0.5115000000000001,49.49,59.32333333
2023-07-06 11:00:00,0.6045,52.01,91.92916667
2023-07-06 12:00:00,0.6696,55.17,81.05083333
2023-07-06 13:00:00,0.7161000000000001,59.88,64.94916667
2023-07-06 14:00:00,0.7068000000000001,69.29,95.195
2023-07-06 15:00:00,0.6603,93.5,71.02333333
2023-07-06 16:00:00,0.5394,110.3,82.34583333
2023-07-06 17:00:00,0.37200000000000005,113.14,126.1791667
2023-07-06 18:00:00,0.17670000000000002,100.48,150.6983333
2023-07-06 19:00:00,0.037200000000000004,79.06,78.245
2023-07-06 20:00:00,0,59.47,71.67
2023-07-06 21:00:00,0,49.84,88.21583333
2023-07-06 22:00:00,0,45.93,58.33083333
2023-07-06 23:00:00,0,38.16,42.68666667
2023-07-07 00:00:00,0,43.12,39.61333333
2023-07-07 01:00:00,0,39.28,36.37083333
2023-07-07 02:00:00,0,35.56,48.01583333
2023-07-07 03:00:00,0,34.84,38.87916667
2023-07-07 04:00:00,0,33.16,38.31583333
2023-07-07 05:00:00,0,34.35,38.82666667
2023-07-07 06:00:00,0.018600000000000002,36.45,37.8125
2023-07-07 07:00:00,0.1116,40.7,38.72916667
2023-07-07 08:00:00,0.25110000000000005,42.16,40.39833333
2023-07-07 09:00:00,0.3906,46.03,40.51833333
2023-07-07 10:00:00,0.5208,46.46,39.45666667
2023-07-07 11:00:00,0.6416999999999999,50.35,44.6325
2023-07-07 12:00:00,0.7254,55.22,56.76583333
2023-07-07 13:00:00,0.7626,60.4,59.7125
2023-07-07 14:00:00,0.7440000000000001,60.4,67.41166667
2023-07-07 15:00:00,0.6696,74.05,40.27583333
2023-07-07 16:00:00,0.5394,80.87,52.465
2023-07-07 17:00:00,0.37200000000000005,86.34,39.55916667
2023-07-07 18:00:00,0.17670000000000002,68.08,55.655
2023-07-07 19:00:00,0.037200000000000004,57,88.67416667
2023-07-07 20:00:00,0,48.13,59.86833333
2023-07-07 21:00:00,0,46.46,50.84
2023-07-07 22:00:00,0,43.72,49.23083333
2023-07-07 23:00:00,0,38,34.90416667
2023-07-08 00:00:00,0,38.05,37.72916667
2023-07-08 01:00:00,0,35.2,36.685
2023-07-08 02:00:00,0,33.71,30.79583333
2023-07-08 03:00:00,0,31.97,29.505
2023-07-08 04:00:00,0,31.99,27.02666667
2023-07-08 05:00:00,0,31.88,28.1
2023-07-08 06:00:00,0.018600000000000002,32.04,25.68916667
2023-07-08 07:00:00,0.1023,30.66,22.96916667
2023-07-08 08:00:00,0.24180000000000001,33.8,27.86583333
2023-07-08 09:00:00,0.39990000000000003,37.46,34.71428571
2023-07-08 10:00:00,0.5301,35.67,33.9075
2023-07-08 11:00:00,0.6324000000000001,38.49,33.8575
2023-07-08 12:00:00,0.7068000000000001,40.7,33.6925
2023-07-08 13:00:00,0.7533000000000001,45.45,36.45785714
2023-07-08 14:00:00,0.7347,45.45,42.21714286
2023-07-08 15:00:00,0.6603,53,39.92666667
2023-07-08 16:00:00,0.5394,58.5,39.38583333
2023-07-08 17:00:00,0.3627,63,45.64916667
2023-07-08 18:00:00,0.17670000000000002,62,31.60583333
2023-07-08 19:00:00,0.037200000000000004,46.95,32.04833333
2023-07-08 20:00:00,0,42.56,34.1375
2023-07-08 21:00:00,0,40.49,32.9475
2023-07-08 22:00:00,0,38.14,33.58416667
2023-07-08 23:00:00,0,34.84,30.58416667
2023-07-09 00:00:00,0,34.08,31.54083333
2023-07-09 01:00:00,0,31.75,27.26416667
2023-07-09 02:00:00,0,29.4,27.58416667
2023-07-09 03:00:00,0,28.85,31.655625
2023-07-09 04:00:00,0,27.54,28.73583333
2023-07-09 05:00:00,0,27.63,27.47333333
2023-07-09 06:00:00,0.018600000000000002,26.26,28.0175
2023-07-09 07:00:00,0.1023,26.12,26.3075
2023-07-09 08:00:00,0.24180000000000001,27.41,26.70916667
2023-07-09 09:00:00,0.3906,29.66,31.91571429
2023-07-09 10:00:00,0.5487,33.55,36.885
2023-07-09 11:00:00,0.6789000000000001,34.73,35.685
2023-07-09 12:00:00,0.7347,38.67,37.22857143
2023-07-09 13:00:00,0.7626,39.17,49.0325
2023-07-09 14:00:00,0.7254,40.15,43.74583333
2023-07-09 15:00:00,0.6416999999999999,43.58,38.97666667
2023-07-09 16:00:00,0.5115000000000001,45.83,36.6325
2023-07-09 17:00:00,0.35340000000000005,47.67,34.10916667
2023-07-09 18:00:00,0.1674,46.95,31.4775
2023-07-09 19:00:00,0.037200000000000004,43.45,29.36583333
2023-07-09 20:00:00,0,40.64,33.43083333
2023-07-09 21:00:00,0,37.18,31.04333333
2023-07-09 22:00:00,0,35.49,30.5325
2023-07-09 23:00:00,0,32.2,28.03
2023-07-10 00:00:00,0,32.26,24.84
2023-07-10 01:00:00,0,28.86,25.405
2023-07-10 02:00:00,0,29.06,26.075
2023-07-10 03:00:00,0,26.26,26.655
2023-07-10 04:00:00,0,26.26,25.78916667
2023-07-10 05:00:00,0,27.4,27.285
2023-07-10 06:00:00,0.018600000000000002,29.67,29.75
2023-07-10 07:00:00,0.1023,32.71,29.70833333
2023-07-10 08:00:00,0.2604,35.26,35.2275
2023-07-10 09:00:00,0.4371,37.84,68.27333333
2023-07-10 10:00:00,0.5673,37.85,36.54333333
2023-07-10 11:00:00,0.6603,39.36,38.7425
2023-07-10 12:00:00,0.7068000000000001,40.51,36.86416667
2023-07-10 13:00:00,0.7254,42.62,35.32
2023-07-10 14:00:00,0.6882,43.04,33.97166667
2023-07-10 15:00:00,0.6045,45.76,33.76083333
2023-07-10 16:00:00,0.49290000000000006,48.62,36.935
2023-07-10 17:00:00,0.3348,52.88,137.49375
2023-07-10 18:00:00,0.15810000000000002,51.34,77.11416667
2023-07-10 19:00:00,0.037200000000000004,47.12,54.37666667
2023-07-10 20:00:00,0,43.15,30.70333333
2023-07-10 21:00:00,0,39.62,32.53071429
2023-07-10 22:00:00,0,36.01,27.77416667
2023-07-10 23:00:00,0,32.31,24.485
2023-07-11 00:00:00,0,28.7,20.12666667
2023-07-11 01:00:00,0,26.26,19.385
2023-07-11 02:00:00,0,24.27,15.89666667
2023-07-11 03:00:00,0,22.39,15.77583333
2023-07-11 04:00:00,0,21.3,15.16083333
2023-07-11 05:00:00,0,22.71,16.2975
2023-07-11 06:00:00,0.018600000000000002,26.09,17.77416667
2023-07-11 07:00:00,0.09300000000000001,27.12,20.32083333
2023-07-11 08:00:00,0.2232,31.51,22.34833333
2023-07-11 09:00:00,0.3813,32.26,22.31166667
2023-07-11 10:00:00,0.5115000000000001,34.38,24.59166667
2023-07-11 11:00:00,0.6138,35.86,32.61583333
2023-07-11 12:00:00,0.6603,36.36,31.43785714
2023-07-11 13:00:00,0.6975,38.15,34.80166667
2023-07-11 14:00:00,0.651,43.89,31.54833333
2023-07-11 15:00:00,0.5952000000000001,49.81,32.13071429
2023-07-11 16:00:00,0.49290000000000006,62.78,33.71083333
2023-07-11 17:00:00,0.3441,69.57,35.08666667
2023-07-11 18:00:00,0.1674,64.05,45.97166667
2023-07-11 19:00:00,0.037200000000000004,57.19,33.406
2023-07-11 20:00:00,0,42.69,42.29083333
2023-07-11 21:00:00,0,37.57,36.38916667
2023-07-11 22:00:00,0,36.36,33.82583333
2023-07-11 23:00:00,0,31.97,31.2875
2023-07-12 00:00:00,0,29.02,22.78833333
2023-07-12 01:00:00,0,26.03,24.16166667
2023-07-12 02:00:00,0,24.17,22.7525
2023-07-12 03:00:00,0,22.53,25.27833333
2023-07-12 04:00:00,0,22.09,21.20333333
2023-07-12 05:00:00,0,23.23,22.2075
2023-07-12 06:00:00,0.018600000000000002,25.57,21.12833333
2023-07-12 07:00:00,0.1023,28.39,20.71333333
2023-07-12 08:00:00,0.279,32.52,22.5175
2023-07-12 09:00:00,0.47430000000000005,34.98,23.02916667
2023-07-12 10:00:00,0.6231000000000001,36.84,30.04416667
2023-07-12 11:00:00,0.7254,38.72,39.6925
2023-07-12 12:00:00,0.7719,42.36,51.08166667
2023-07-12 13:00:00,0.7905,49.89,30.43416667
2023-07-12 14:00:00,0.7533000000000001,49.89,33.1775
2023-07-12 15:00:00,0.6789000000000001,62.94,33.82833333
2023-07-12 16:00:00,0.5394,80.07,30.97416667
2023-07-12 17:00:00,0.37200000000000005,87,34.08916667
2023-07-12 18:00:00,0.17670000000000002,72.87,33.98833333
2023-07-12 19:00:00,0.037200000000000004,61.89,33.1125
2023-07-12 20:00:00,0,46.93,43.34166667
2023-07-12 21:00:00,0,41.67,35.21083333
2023-07-12 22:00:00,0,38.38,34.8
2023-07-12 23:00:00,0,34.12,30.57416667
2023-07-13 00:00:00,0,32.13,28.14583333
2023-07-13 01:00:00,0,28.14,27.14083333
2023-07-13 02:00:00,0,27.01,24.905
2023-07-13 03:00:00,0,24.96,23.5075
2023-07-13 04:00:00,0,24.39,21.41
2023-07-13 05:00:00,0,25.02,22.1575
2023-07-13 06:00:00,0.018600000000000002,27.17,25.5075
2023-07-13 07:00:00,0.1116,29.89,26.695
2023-07-13 08:00:00,0.29760000000000003,35.98,29.08166667
2023-07-13 09:00:00,0.48360000000000003,40.01,36.785
2023-07-13 10:00:00,0.6324000000000001,39.48,34.05666667
2023-07-13 11:00:00,0.7347,42.74,36.1975
2023-07-13 12:00:00,0.7905,45.26,38.19
2023-07-13 13:00:00,0.7998000000000001,46.13,44.6175
2023-07-13 14:00:00,0.7626,49.89,54.69333333
2023-07-13 15:00:00,0.6789000000000001,65.29,53.08666667
2023-07-13 16:00:00,0.5487,80.56,58.65833333
2023-07-13 17:00:00,0.37200000000000005,79.41,60.05071429
2023-07-13 18:00:00,0.17670000000000002,64.76,51.82428571
2023-07-13 19:00:00,0.037200000000000004,57.51,48.52833333
2023-07-13 20:00:00,0,45.92,44.99333333
2023-07-13 21:00:00,0,41.25,47.34833333
2023-07-13 22:00:00,0,38.38,39.59583333
2023-07-13 23:00:00,0,32.93,35.82666667
2023-07-14 00:00:00,0,31.32,35.35666667
2023-07-14 01:00:00,0,27.08,29.63714286
2023-07-14 02:00:00,0,25.43,26.06
2023-07-14 03:00:00,0,24.85,23.51333333
2023-07-14 04:00:00,0,24.54,22.90083333
2023-07-14 05:00:00,0,24.93,23.09833333
2023-07-14 06:00:00,0.018600000000000002,26.09,27.93833333
2023-07-14 07:00:00,0.1116,33.43,25.47166667
2023-07-14 08:00:00,0.29760000000000003,35.17,28.06666667
2023-07-14 09:00:00,0.48360000000000003,37.88,28.58071429
2023-07-14 10:00:00,0.6231000000000001,37.23,32.37333333
2023-07-14 11:00:00,0.7254,38.35,33.71583333
2023-07-14 12:00:00,0.7719,39.85,35.33785714
2023-07-14 13:00:00,0.7812,41.92,35.83166667
2023-07-14 14:00:00,0.7440000000000001,43.66,40.06416667
2023-07-14 15:00:00,0.6603,52.06,38.54166667
2023-07-14 16:00:00,0.5301,57.21,39.725
2023-07-14 17:00:00,0.3627,58.61,43.09166667
2023-07-14 18:00:00,0.1674,53.27,51.6875
2023-07-14 19:00:00,0.037200000000000004,48.73,46.83
2023-07-14 20:00:00,0,37.59,42.52666667
2023-07-14 21:00:00,0,36.34,36.85
2023-07-14 22:00:00,0,33.33,34.02083333
2023-07-14 23:00:00,0,29.2,30.48583333
2023-07-15 00:00:00,0,30.14,26.21166667
2023-07-15 01:00:00,0,26.3,26.35166667
2023-07-15 02:00:00,0,23.89,25.1375
2023-07-15 03:00:00,0,23.02,24.71666667
2023-07-15 04:00:00,0,22.63,22.7125
2023-07-15 05:00:00,0,22.6,23.39166667
2023-07-15 06:00:00,0.018600000000000002,22.79,23.6475
2023-07-15 07:00:00,0.1023,24.56,24.60833333
2023-07-15 08:00:00,0.2883,26.96,25.54083333
2023-07-15 09:00:00,0.465,29.16,47.1
2023-07-15 10:00:00,0.6045,32.21,33.88416667
2023-07-15 11:00:00,0.6975,34.03,63.80833333
2023-07-15 12:00:00,0.7347,37.27,50.21
2023-07-15 13:00:00,0.7254,38.87,37.30083333
2023-07-15 14:00:00,0.6416999999999999,40.49,39.88
2023-07-15 15:00:00,0.5487,50.28,42.13666667
2023-07-15 16:00:00,0.3906,57.92,68.01833333
2023-07-15 17:00:00,0.25110000000000005,60.84,48.635
2023-07-15 18:00:00,0.12090000000000001,59.77,43.82083333
2023-07-15 19:00:00,0.0279,45.57,48.90285714
2023-07-15 20:00:00,0,42.02,48.125
2023-07-15 21:00:00,0,39.48,38.92583333
2023-07-15 22:00:00,0,35.01,37.52666667
2023-07-15 23:00:00,0,32.14,34.39083333
2023-07-16 00:00:00,0,32.57,33.49666667
2023-07-16 01:00:00,0,27.95,33.81
2023-07-16 02:00:00,0,25.9,30.39916667
2023-07-16 03:00:00,0,25.44,28.88333333
2023-07-16 04:00:00,0,24.68,27.62166667
2023-07-16 05:00:00,0,24.32,28.39
2023-07-16 06:00:00,0.009300000000000001,22.79,42.4225
2023-07-16 07:00:00,0.09300000000000001,23.84,32.25916667
2023-07-16 08:00:00,0.2604,25.3,31.0825
2023-07-16 09:00:00,0.4371,28.51,33.67166667
2023-07-16 10:00:00,0.5766,29.29,33.5925
2023-07-16 11:00:00,0.6696,32.24,34.6975
2023-07-16 12:00:00,0.7254,34.51,33.7375
2023-07-16 13:00:00,0.7440000000000001,34.99,32.8825
2023-07-16 14:00:00,0.7068000000000001,35.19,32.755
2023-07-16 15:00:00,0.6324000000000001,39.27,31.51833333
2023-07-16 16:00:00,0.5115000000000001,44.55,31.57916667
2023-07-16 17:00:00,0.35340000000000005,52.55,29.80833333
2023-07-16 18:00:00,0.1674,48.37,29.415
2023-07-16 19:00:00,0.037200000000000004,39.35,30.11416667
2023-07-16 20:00:00,0,38.08,34.21333333
2023-07-16 21:00:00,0,36.81,28.85666667
2023-07-16 22:00:00,0,32.15,23.96083333
2023-07-16 23:00:00,0,30.02,23.83916667
2023-07-17 00:00:00,0,28.31,21.60416667
2023-07-17 01:00:00,0,25.49,20.08666667
2023-07-17 02:00:00,0,23.84,19.25333333
2023-07-17 03:00:00,0,22.79,17.96
2023-07-17 04:00:00,0,22.69,19.53083333
2023-07-17 05:00:00,0,23.34,21.55916667
2023-07-17 06:00:00,0.009300000000000001,25.87,23.56214286
2023-07-17 07:00:00,0.1023,29.15,24.23166667
2023-07-17 08:00:00,0.2883,32.83,36.77
2023-07-17 09:00:00,0.47430000000000005,36.45,32.71166667
2023-07-17 10:00:00,0.6138,37.37,35.64142857
2023-07-17 11:00:00,0.7068000000000001,39.07,36.64583333
2023-07-17 12:00:00,0.7626,40.84,40.29785714
2023-07-17 13:00:00,0.7719,44.87,60.71
2023-07-17 14:00:00,0.7347,48.58,41.57916667
2023-07-17 15:00:00,0.6603,59.6,45.965
2023-07-17 16:00:00,0.5301,80,54.53416667
2023-07-17 17:00:00,0.3627,80.29,79.00642857
2023-07-17 18:00:00,0.1674,73.34,51.39083333
2023-07-17 19:00:00,0.037200000000000004,54.43,73.60666667
2023-07-17 20:00:00,0,48.58,49.01333333
2023-07-17 21:00:00,0,41.25,41.41166667
2023-07-17 22:00:00,0,37.37,36.86166667
2023-07-17 23:00:00,0,33,30.85166667
2023-07-18 00:00:00,0,29.23,30.90666667
2023-07-18 01:00:00,0,26.75,27.45
2023-07-18 02:00:00,0,25.03,23.96916667
2023-07-18 03:00:00,0,23.64,25.00583333
2023-07-18 04:00:00,0,23.23,24.97916667
2023-07-18 05:00:00,0,24.53,26.57166667
2023-07-18 06:00:00,0.009300000000000001,26.67,32.01416667
2023-07-18 07:00:00,0.1023,30.28,35.40333333
2023-07-18 08:00:00,0.2883,33.57,39.9875
2023-07-18 09:00:00,0.47430000000000005,37.62,38.46
2023-07-18 10:00:00,0.6138,35.79,35.11166667
2023-07-18 11:00:00,0.7161000000000001,39.13,35.49
2023-07-18 12:00:00,0.7719,43,36.31833333
2023-07-18 13:00:00,0.7812,44.64,33.69333333
2023-07-18 14:00:00,0.7533000000000001,48.83,32.80076923
2023-07-18 15:00:00,0.6696,68.6,33.71357143
2023-07-18 16:00:00,0.5394,73.55,33.71166667
2023-07-18 17:00:00,0.3627,84.34,35.8475
2023-07-18 18:00:00,0.1674,62.83,32.62333333
2023-07-18 19:00:00,0.037200000000000004,44.64,36.6875
2023-07-18 20:00:00,0,41.29,33.12833333
2023-07-18 21:00:00,0,37.24,34.37416667
2023-07-18 22:00:00,0,34.34,34.57583333
2023-07-18 23:00:00,0,31.23,35.63333333
2023-07-19 00:00:00,0,29.23,24.81916667
2023-07-19 01:00:00,0,25.51,23.70833333
2023-07-19 02:00:00,0,23.77,22.00416667
2023-07-19 03:00:00,0,23.23,21.175
2023-07-19 04:00:00,0,22.41,22.34333333
2023-07-19 05:00:00,0,23.23,22.01833333
2023-07-19 06:00:00,0.009300000000000001,24.93,25.48416667
2023-07-19 07:00:00,0.1023,26.67,25.26916667
2023-07-19 08:00:00,0.2883,31.25,27.26166667
2023-07-19 09:00:00,0.47430000000000005,33.23,26.64
2023-07-19 10:00:00,0.6324000000000001,33.9,26.07166667
2023-07-19 11:00:00,0.7254,35.99,30.21416667
2023-07-19 12:00:00,0.7812,36.95,33.45357143
2023-07-19 13:00:00,0.7998000000000001,39.76,32.15166667
2023-07-19 14:00:00,0.7626,41.76,29.34357143
2023-07-19 15:00:00,0.6696,49.42,27.62083333
2023-07-19 16:00:00,0.5394,56.18,31.39857143
2023-07-19 17:00:00,0.3627,64.85,33.38583333
2023-07-19 18:00:00,0.17670000000000002,55.14,31.8625
2023-07-19 19:00:00,0.037200000000000004,45.22,34.5525
2023-07-19 20:00:00,0,42.15,39.93333333
2023-07-19 21:00:00,0,37.89,49.29416667
2023-07-19 22:00:00,0,36.36,30.21583333
2023-07-19 23:00:00,0,31.23,22.90916667
2023-07-20 00:00:00,0,28.41,28.32333333
2023-07-20 01:00:00,0,26.1,23.71916667
2023-07-20 02:00:00,0,24.88,21.13833333
2023-07-20 03:00:00,0,23.16,20.6775
2023-07-20 04:00:00,0,22.59,20.6325
2023-07-20 05:00:00,0,23.84,22.8575
2023-07-20 06:00:00,0.009300000000000001,24.83,23.56333333
2023-07-20 07:00:00,0.09300000000000001,27.51,26.90583333
2023-07-20 08:00:00,0.2604,30.29,30.54
2023-07-20 09:00:00,0.4371,32.8,33.75333333
2023-07-20 10:00:00,0.5952000000000001,34.34,33.34333333
2023-07-20 11:00:00,0.6975,35.95,33.285
2023-07-20 12:00:00,0.7626,38.38,35.70285714
2023-07-20 13:00:00,0.7905,40.51,35.97666667
2023-07-20 14:00:00,0.7533000000000001,43.43,42.07583333
2023-07-20 15:00:00,0.6696,46.39,42.24833333
2023-07-20 16:00:00,0.5394,55.92,47.83916667
2023-07-20 17:00:00,0.3627,58.29,46.66416667
2023-07-20 18:00:00,0.1674,55,45.86166667
2023-07-20 19:00:00,0.037200000000000004,44.52,43.8425
2023-07-20 20:00:00,0,40.23,38.38714286
2023-07-20 21:00:00,0,37.32,38.12916667
2023-07-20 22:00:00,0,34.34,32.505
2023-07-20 23:00:00,0,30.22,27.21083333
2023-07-21 00:00:00,0,25.14,28.80333333
2023-07-21 01:00:00,0,23.1,25.98833333
2023-07-21 02:00:00,0,21.93,25.3725
2023-07-21 03:00:00,0,20.8,23.44
2023-07-21 04:00:00,0,20.75,21.31083333
2023-07-21 05:00:00,0,22.12,56.26
2023-07-21 06:00:00,0.009300000000000001,23.62,191.171875
2023-07-21 07:00:00,0.1023,27.53,41.37
2023-07-21 08:00:00,0.25110000000000005,31.02,48.75083333
2023-07-21 09:00:00,0.4092,32.4,36.79583333
2023-07-21 10:00:00,0.5673,32.1,38.02083333
2023-07-21 11:00:00,0.6789000000000001,32.83,54.6125
2023-07-21 12:00:00,0.7440000000000001,32.82,45.15333333
2023-07-21 13:00:00,0.7719,33.46,39.42583333
2023-07-21 14:00:00,0.7440000000000001,34.54,39.74166667
2023-07-21 15:00:00,0.6696,36.42,53.54916667
2023-07-21 16:00:00,0.5394,39.8,88.49416667
2023-07-21 17:00:00,0.3627,50,98.09416667
2023-07-21 18:00:00,0.17670000000000002,38.27,83.2725
2023-07-21 19:00:00,0.037200000000000004,34.04,63.81
2023-07-21 20:00:00,0,33.17,48.71333333
2023-07-21 21:00:00,0,31.6,38.61
2023-07-21 22:00:00,0,30.03,36.35
2023-07-21 23:00:00,0,26.2,36.0975
2023-07-22 00:00:00,0,27.62,36.64166667
2023-07-22 01:00:00,0,23.63,32.71666667
2023-07-22 02:00:00,0,21.92,28.6825
2023-07-22 03:00:00,0,20.23,25.40583333
2023-07-22 04:00:00,0,19.87,25.21916667
2023-07-22 05:00:00,0,20.25,24.64666667
2023-07-22 06:00:00,0.009300000000000001,20.53,23.78166667
2023-07-22 07:00:00,0.09300000000000001,21.91,24.0725
2023-07-22 08:00:00,0.25110000000000005,25.3,25.19583333
2023-07-22 09:00:00,0.4278,25.63,27.11666667
2023-07-22 10:00:00,0.5766,26,31.8725
2023-07-22 11:00:00,0.6789000000000001,27,30.27833333
2023-07-22 12:00:00,0.7626,27.58,33.3125
2023-07-22 13:00:00,0.7905,28.35,33.4975
2023-07-22 14:00:00,0.7626,29.29,34.6375
2023-07-22 15:00:00,0.6789000000000001,30.83,34.47583333
2023-07-22 16:00:00,0.5394,34.57,35.25416667
2023-07-22 17:00:00,0.37200000000000005,37.95,34.21833333
2023-07-22 18:00:00,0.1674,38.6,44.57833333
2023-07-22 19:00:00,0.037200000000000004,35.06,39.14083333
2023-07-22 20:00:00,0,32.48,37.23166667
2023-07-22 21:00:00,0,29.29,32.90583333
2023-07-22 22:00:00,0,28.54,30.4175
2023-07-22 23:00:00,0,25.09,27.705
2023-07-23 00:00:00,0,25.06,31.90583333
2023-07-23 01:00:00,0,23.53,25.40166667
2023-07-23 02:00:00,0,22.35,26.09333333
2023-07-23 03:00:00,0,20.91,24.43083333
2023-07-23 04:00:00,0,20.16,23.44416667
2023-07-23 05:00:00,0,20.12,23.2825
2023-07-23 06:00:00,0.009300000000000001,20.09,20.59916667
2023-07-23 07:00:00,0.1023,19.99,21.61583333
2023-07-23 08:00:00,0.279,20.6,24.55166667
2023-07-23 09:00:00,0.465,22.6,24.4
2023-07-23 10:00:00,0.6138,22.92,24.22583333
2023-07-23 11:00:00,0.7161000000000001,24.54,26.32
2023-07-23 12:00:00,0.7719,25.4,32.42666667
2023-07-23 13:00:00,0.7905,28.32,35.52666667
2023-07-23 14:00:00,0.7533000000000001,29.93,43.39583333
2023-07-23 15:00:00,0.6696,33.8,40.615
2023-07-23 16:00:00,0.5394,39.33,44.55
2023-07-23 17:00:00,0.3627,46.31,42.425
2023-07-23 18:00:00,0.1674,45.84,53.95
2023-07-23 19:00:00,0.037200000000000004,40.77,62.1975
2023-07-23 20:00:00,0,37.25,58.25666667
2023-07-23 21:00:00,0,34.33,58.8325
2023-07-23 22:00:00,0,30.26,57.88916667
2023-07-23 23:00:00,0,26.86,36.04833333
2023-07-24 00:00:00,0,27.28,27.65583333
2023-07-24 01:00:00,0,24.78,27.4675
2023-07-24 02:00:00,0,23.8,28.55833333
2023-07-24 03:00:00,0,22.2,25.9
2023-07-24 04:00:00,0,21.42,27.67833333
2023-07-24 05:00:00,0,22.24,27.81583333
2023-07-24 06:00:00,0.009300000000000001,24.99,30.34583333
2023-07-24 07:00:00,0.09300000000000001,26.54,37.25583333
2023-07-24 08:00:00,0.2697,29.45,33.58333333
2023-07-24 09:00:00,0.4557,31.19,49.49416667
2023-07-24 10:00:00,0.6045,32.9,32.34416667
2023-07-24 11:00:00,0.6882,35.38,34.8825
2023-07-24 12:00:00,0.7347,38.67,42.14
2023-07-24 13:00:00,0.7440000000000001,40.8,51.524375
2023-07-24 14:00:00,0.7068000000000001,43.48,49.075
2023-07-24 15:00:00,0.6324000000000001,49.84,41.47
2023-07-24 16:00:00,0.5115000000000001,54.13,48.08416667
2023-07-24 17:00:00,0.35340000000000005,62.37,44.99785714
2023-07-24 18:00:00,0.1674,56.32,46.97916667
2023-07-24 19:00:00,0.037200000000000004,46.68,51.72333333
2023-07-24 20:00:00,0,42.73,38.485
2023-07-24 21:00:00,0,38.08,41.95583333
2023-07-24 22:00:00,0,32.69,36.89
2023-07-24 23:00:00,0,28.01,34.26166667
2023-07-25 00:00:00,0,28.82,34.27416667
2023-07-25 01:00:00,0,26.77,32.43083333
2023-07-25 02:00:00,0,26.12,30.15166667
2023-07-25 03:00:00,0,25.27,31.805
2023-07-25 04:00:00,0,24.9,30.84083333
2023-07-25 05:00:00,0,26.13,28.8975
2023-07-25 06:00:00,0.009300000000000001,27.4,31.26666667
2023-07-25 07:00:00,0.09300000000000001,31.73,28.17916667
2023-07-25 08:00:00,0.2604,34.75,35.55583333
2023-07-25 09:00:00,0.4371,37.61,58.45916667
2023-07-25 10:00:00,0.5673,36.73,36.75583333
2023-07-25 11:00:00,0.6882,40.59,38.3975
2023-07-25 12:00:00,0.7440000000000001,44.04,44.51083333
2023-07-25 13:00:00,0.7440000000000001,47.27,58.87285714
2023-07-25 14:00:00,0.6975,48.13,57.61916667
2023-07-25 15:00:00,0.6231000000000001,59.74,98.03083333
2023-07-25 16:00:00,0.5022000000000001,68.32,36.33583333
2023-07-25 17:00:00,0.3441,71.37,34.23833333
2023-07-25 18:00:00,0.1674,68.23,31.39583333
2023-07-25 19:00:00,0.037200000000000004,50.89,32.56083333
2023-07-25 20:00:00,0,47.59,32.5925
2023-07-25 21:00:00,0,41.44,29.81583333
2023-07-25 22:00:00,0,36.76,24.40916667
2023-07-25 23:00:00,0,33.89,22.36166667
2023-07-26 00:00:00,0,33.24,21.43833333
2023-07-26 01:00:00,0,31.31,23.01666667
2023-07-26 02:00:00,0,29.47,21.57083333
2023-07-26 03:00:00,0,28.82,19.00583333
2023-07-26 04:00:00,0,27.9,19.63583333
2023-07-26 05:00:00,0,29.23,21.4975
2023-07-26 06:00:00,0.009300000000000001,30.83,22.39916667
2023-07-26 07:00:00,0.0837,32.5,21.895
2023-07-26 08:00:00,0.2232,34.65,27.57642857
2023-07-26 09:00:00,0.3813,38.09,26.075
2023-07-26 10:00:00,0.5115000000000001,40.4,35.735
2023-07-26 11:00:00,0.6231000000000001,41.44,36.8825
2023-07-26 12:00:00,0.6882,46.32,36.16416667
2023-07-26 13:00:00,0.7347,50.71,40.865625
2023-07-26 14:00:00,0.7254,53.68,41.81666667
2023-07-26 15:00:00,0.6416999999999999,73.38,42.24166667
2023-07-26 16:00:00,0.5115000000000001,99.07,38.5425
2023-07-26 17:00:00,0.3627,100.4,40.37
2023-07-26 18:00:00,0.1674,96.62,38.22416667
2023-07-26 19:00:00,0.037200000000000004,83.69,35.02833333
2023-07-26 20:00:00,0,77.76,38.8225
2023-07-26 21:00:00,0,51.61,35.425
2023-07-26 22:00:00,0,41.97,35.1
2023-07-26 23:00:00,0,37.93,32.35916667
2023-07-27 00:00:00,0,40.71,28.58833333
2023-07-27 01:00:00,0,38.83,32.6
2023-07-27 02:00:00,0,38,34.43
2023-07-27 03:00:00,0,36.15,30.30166667
2023-07-27 04:00:00,0,35.38,32.73583333
2023-07-27 05:00:00,0,37.23,37.23583333
2023-07-27 06:00:00,0.009300000000000001,40.19,39.1675
2023-07-27 07:00:00,0.09300000000000001,41.36,35.98428571
2023-07-27 08:00:00,0.2325,44.21,39.31333333
2023-07-27 09:00:00,0.39990000000000003,47.33,49.75416667
2023-07-27 10:00:00,0.5487,54.54,48.00166667
2023-07-27 11:00:00,0.6696,57.57,52.51166667
2023-07-27 12:00:00,0.7533000000000001,74.84,50.97583333
2023-07-27 13:00:00,0.7812,76.47,67.51428571
2023-07-27 14:00:00,0.7440000000000001,88.57,114.9033333
2023-07-27 15:00:00,0.6603,132.75,99.26166667
2023-07-27 16:00:00,0.5301,163.05,119.8757143
2023-07-27 17:00:00,0.3627,180.93,110.7841667
2023-07-27 18:00:00,0.1674,144.44,83.82666667
2023-07-27 19:00:00,0.037200000000000004,99.18,108.51
2023-07-27 20:00:00,0,83.66,52.77333333
2023-07-27 21:00:00,0,68,68.23
2023-07-27 22:00:00,0,57.57,48.05583333
2023-07-27 23:00:00,0,46.49,37.29416667
2023-07-28 00:00:00,0,50.46,38.28916667
2023-07-28 01:00:00,0,46.46,30.14833333
2023-07-28 02:00:00,0,44.21,27.86833333
2023-07-28 03:00:00,0,42.21,25.63
2023-07-28 04:00:00,0,43.25,23.03083333
2023-07-28 05:00:00,0,44.03,24.3525
2023-07-28 06:00:00,0.009300000000000001,44.79,26.50333333
2023-07-28 07:00:00,0.09300000000000001,49.54,32.35333333
2023-07-28 08:00:00,0.2697,54.61,32.48833333
2023-07-28 09:00:00,0.4464,58.08,30.86333333
2023-07-28 10:00:00,0.6045,73.99,34.24416667
2023-07-28 11:00:00,0.7161000000000001,87.93,36.11416667
2023-07-28 12:00:00,0.7719,105.2,37.23166667
2023-07-28 13:00:00,0.7905,131.1,42.8125
2023-07-28 14:00:00,0.7533000000000001,136.7,45.3125
2023-07-28 15:00:00,0.6696,209.04,42.97083333
2023-07-28 16:00:00,0.5394,252.77,52.08166667
2023-07-28 17:00:00,0.37200000000000005,252.77,63.17083333
2023-07-28 18:00:00,0.1674,219.58,78.80166667
2023-07-28 19:00:00,0.0279,194.38,68.515
2023-07-28 20:00:00,0,145.59,45.71083333
2023-07-28 21:00:00,0,96.75,43.06166667
2023-07-28 22:00:00,0,77.77,35.86833333
2023-07-28 23:00:00,0,58.62,47.12214286
2023-07-29 00:00:00,0,44.55,42.465
2023-07-29 01:00:00,0,40.73,39.20666667
2023-07-29 02:00:00,0,37.86,34.85333333
2023-07-29 03:00:00,0,36.2,27.1625
2023-07-29 04:00:00,0,35.74,23.515
2023-07-29 05:00:00,0,35.51,23.98583333
2023-07-29 06:00:00,0.009300000000000001,38.17,24.21333333
2023-07-29 07:00:00,0.09300000000000001,35.74,25.38416667
2023-07-29 08:00:00,0.279,39.36,25.85166667
2023-07-29 09:00:00,0.465,42.12,26.65583333
2023-07-29 10:00:00,0.6138,45.18,28.77833333
2023-07-29 11:00:00,0.7161000000000001,56.37,33.41333333
2023-07-29 12:00:00,0.7719,61.11,41.36357143
2023-07-29 13:00:00,0.7812,70.22,44.83666667
2023-07-29 14:00:00,0.7347,79.79,39.24833333
2023-07-29 15:00:00,0.651,73.02,34.61785714
2023-07-29 16:00:00,0.5208,86.69,62.436875
2023-07-29 17:00:00,0.35340000000000005,78.89,57.85916667
2023-07-29 18:00:00,0.15810000000000002,82.42,52.50714286
2023-07-29 19:00:00,0.0279,59.92,37.21
2023-07-29 20:00:00,0,58.96,27.19583333
2023-07-29 21:00:00,0,54.68,28.87333333
2023-07-29 22:00:00,0,43.5,40.6275
2023-07-29 23:00:00,0,41.62,20.90083333
2023-07-30 00:00:00,0,30.84,29.38583333
2023-07-30 01:00:00,0,27.15,26.9075
2023-07-30 02:00:00,0,25.73,23.26833333
2023-07-30 03:00:00,0,24.07,20.32666667
2023-07-30 04:00:00,0,23.34,18.47583333
2023-07-30 05:00:00,0,23.22,14.36166667
2023-07-30 06:00:00,0.009300000000000001,22.69,17.51083333
2023-07-30 07:00:00,0.09300000000000001,22.07,17.11416667
2023-07-30 08:00:00,0.2697,22.68,16.705
2023-07-30 09:00:00,0.4557,23.9,14.6075
2023-07-30 10:00:00,0.6045,25.45,15.21333333
2023-07-30 11:00:00,0.6975,27.07,16.43416667
2023-07-30 12:00:00,0.7440000000000001,27.68,17.27916667
2023-07-30 13:00:00,0.7533000000000001,29.68,17.59333333
2023-07-30 14:00:00,0.7347,30.74,18.34416667
2023-07-30 15:00:00,0.6603,32.04,20.91833333
2023-07-30 16:00:00,0.5208,34.53,23.52083333
2023-07-30 17:00:00,0.35340000000000005,39.33,26.325
2023-07-30 18:00:00,0.1674,39.54,25.33166667
2023-07-30 19:00:00,0.0279,33.08,31.71333333
2023-07-30 20:00:00,0,32.63,31.45666667
2023-07-30 21:00:00,0,31.18,29.65166667
2023-07-30 22:00:00,0,27.78,26.9575
2023-07-30 23:00:00,0,26.05,22.22
2023-07-31 00:00:00,0,25.21,22.77333333
2023-07-31 01:00:00,0,21.32,21.90333333
2023-07-31 02:00:00,0,21.21,20.06666667
2023-07-31 03:00:00,0,20.18,18.94416667
2023-07-31 04:00:00,0,20.14,18.65666667
2023-07-31 05:00:00,0,21.18,21.42083333
2023-07-31 06:00:00,0.009300000000000001,22.76,27.54666667
2023-07-31 07:00:00,0.0837,22.84,28.80583333
2023-07-31 08:00:00,0.24180000000000001,26.85,31.11916667
2023-07-31 09:00:00,0.4092,28.18,29.62
2023-07-31 10:00:00,0.5766,27.97,28.095
2023-07-31 11:00:00,0.7068000000000001,29.3,23.60833333
2023-07-31 12:00:00,0.7626,30.42,30.6825
2023-07-31 13:00:00,0.7812,31.31,37.19833333
2023-07-31 14:00:00,0.7533000000000001,32.24,32.59333333
2023-07-31 15:00:00,0.6603,34.58,32.3075
2023-07-31 16:00:00,0.5208,38.53,47.69833333
2023-07-31 17:00:00,0.3441,46.5,45.9575
2023-07-31 18:00:00,0.15810000000000002,42.2,61.35416667
2023-07-31 19:00:00,0.0279,36.22,64.27916667
2023-07-31 20:00:00,0,34.68,41.54416667
2023-07-31 21:00:00,0,32.04,38.26833333
2023-07-31 22:00:00,0,30.13,30.67333333
2023-07-31 23:00:00,0,26.15,33.9425
2023-08-01 00:00:00,0,22.45,38.43333333
2023-08-01 01:00:00,0,20.46,33.33416667
2023-08-01 02:00:00,0,18.77,27.06
2023-08-01 03:00:00,0,18.09,22.13
2023-08-01 04:00:00,0,18.04,24.09333333
2023-08-01 05:00:00,0,18.48,29.10333333
2023-08-01 06:00:00,0.009300000000000001,20.98,30.16083333
2023-08-01 07:00:00,0.09300000000000001,21.59,33.12583333
2023-08-01 08:00:00,0.2697,22.7,30.1875
2023-08-01 09:00:00,0.4464,23.68,29.94083333
2023-08-01 10:00:00,0.5859000000000001,24.44,26.75166667
2023-08-01 11:00:00,0.6882,25.25,28.61833333
2023-08-01 12:00:00,0.7347,25.37,29.41333333
2023-08-01 13:00:00,0.7533000000000001,27.05,33.21916667
2023-08-01 14:00:00,0.7161000000000001,28.75,32.39083333
2023-08-01 15:00:00,0.6324000000000001,30.86,35.67666667
2023-08-01 16:00:00,0.5022000000000001,32.06,38.71583333
2023-08-01 17:00:00,0.3441,37.58,47.14416667
2023-08-01 18:00:00,0.15810000000000002,35.03,60.85083333
2023-08-01 19:00:00,0.0279,30.6,49.30333333
2023-08-01 20:00:00,0,29.84,33.93
2023-08-01 21:00:00,0,27.51,30.5125
2023-08-01 22:00:00,0,25.12,27.74166667
2023-08-01 23:00:00,0,22.72,29.77083333
2023-08-02 00:00:00,0,24.04,26.74666667
2023-08-02 01:00:00,0,21.97,21.37583333
2023-08-02 02:00:00,0,19.78,19.48583333
2023-08-02 03:00:00,0,19.09,18.92083333
2023-08-02 04:00:00,0,18.45,19.31666667
2023-08-02 05:00:00,0,19.49,22.62583333
2023-08-02 06:00:00,0.009300000000000001,22.73,21.90083333
2023-08-02 07:00:00,0.0837,22.89,23.1175
2023-08-02 08:00:00,0.25110000000000005,24.71,39.09285714
2023-08-02 09:00:00,0.4278,23.26,20.02833333
2023-08-02 10:00:00,0.5766,23.71,22.80166667
2023-08-02 11:00:00,0.6789000000000001,25.67,24.165
2023-08-02 12:00:00,0.7161000000000001,26.64,23.685
2023-08-02 13:00:00,0.7254,29.52,25.2325
2023-08-02 14:00:00,0.6882,30.2,25.3275
2023-08-02 15:00:00,0.6138,31.56,27.24
2023-08-02 16:00:00,0.49290000000000006,37.12,35.2825
2023-08-02 17:00:00,0.3255,40.04,33.7475
2023-08-02 18:00:00,0.15810000000000002,38.8,37.32916667
2023-08-02 19:00:00,0.0279,33.98,40.6575
2023-08-02 20:00:00,0,32.14,33.61333333
2023-08-02 21:00:00,0,29.89,28.26142857
2023-08-02 22:00:00,0,26.33,28.9375
2023-08-02 23:00:00,0,23.65,24.45416667
2023-08-03 00:00:00,0,24.01,25.51333333
2023-08-03 01:00:00,0,21.95,24.6925
2023-08-03 02:00:00,0,20.46,23.1175
2023-08-03 03:00:00,0,19.65,19.93666667
2023-08-03 04:00:00,0,19.59,20.12333333
2023-08-03 05:00:00,0,20.95,25.9025
2023-08-03 06:00:00,0.009300000000000001,21.91,24.14833333
2023-08-03 07:00:00,0.09300000000000001,23.71,28.23714286
2023-08-03 08:00:00,0.279,24.82,26.2
2023-08-03 09:00:00,0.465,25.2,24.94666667
2023-08-03 10:00:00,0.6231000000000001,25.94,23.82583333
2023-08-03 11:00:00,0.7254,27.15,28.8
2023-08-03 12:00:00,0.7905,30.2,24.62166667
2023-08-03 13:00:00,0.7998000000000001,31.2,26.93928571
2023-08-03 14:00:00,0.7719,32.87,29.005
2023-08-03 15:00:00,0.6789000000000001,34.19,29.82571429
2023-08-03 16:00:00,0.5487,41.61,31.11875
2023-08-03 17:00:00,0.3627,47.9,28.99285714
2023-08-03 18:00:00,0.15810000000000002,45.22,28.56083333
2023-08-03 19:00:00,0.0279,40.57,27.20416667
2023-08-03 20:00:00,0,36.94,29.03583333
2023-08-03 21:00:00,0,32.69,29.04583333
2023-08-03 22:00:00,0,28.77,27.47
2023-08-03 23:00:00,0,26.71,23.94583333
2023-08-04 00:00:00,0,26,30.46833333
2023-08-04 01:00:00,0,24.12,29.31583333
2023-08-04 02:00:00,0,22.65,24.03666667
2023-08-04 03:00:00,0,21.19,22.57166667
2023-08-04 04:00:00,0,20.65,22.97
2023-08-04 05:00:00,0,22.54,23.98333333
2023-08-04 06:00:00,0.009300000000000001,24.57,27.05333333
2023-08-04 07:00:00,0.09300000000000001,26.76,26.69833333
2023-08-04 08:00:00,0.2697,29.39,30.245
2023-08-04 09:00:00,0.465,30.72,34.18583333
2023-08-04 10:00:00,0.6231000000000001,30.68,31.85583333
2023-08-04 11:00:00,0.7347,32.29,31.3875
2023-08-04 12:00:00,0.7998000000000001,32.83,42.03166667
2023-08-04 13:00:00,0.8091,34.61,30.33333333
2023-08-04 14:00:00,0.7719,34.79,39.395
2023-08-04 15:00:00,0.6789000000000001,34.06,30.00833333
2023-08-04 16:00:00,0.5487,40.29,29.66916667
2023-08-04 17:00:00,0.3627,42.81,31.94416667
2023-08-04 18:00:00,0.15810000000000002,40.31,30.0975
2023-08-04 19:00:00,0.0279,37.39,27.4225
2023-08-04 20:00:00,0,33.06,31.01916667
2023-08-04 21:00:00,0,31.97,26.71833333
2023-08-04 22:00:00,0,29.91,24.39166667
2023-08-04 23:00:00,0,27.28,23.545
2023-08-05 00:00:00,0,25.89,21.16166667
2023-08-05 01:00:00,0,23.6,20.675
2023-08-05 02:00:00,0,22.4,21.02833333
2023-08-05 03:00:00,0,21.7,21.0675
2023-08-05 04:00:00,0,21.21,21.01333333
2023-08-05 05:00:00,0,21.21,21.29416667
2023-08-05 06:00:00,0.009300000000000001,20.09,19.3375
2023-08-05 07:00:00,0.09300000000000001,20.21,20.2675
2023-08-05 08:00:00,0.2604,22.2,21.70166667
2023-08-05 09:00:00,0.4557,22.71,21.46666667
2023-08-05 10:00:00,0.6231000000000001,23.65,21.66666667
2023-08-05 11:00:00,0.7347,24.89,23.48
2023-08-05 12:00:00,0.7998000000000001,25.59,26.73416667
2023-08-05 13:00:00,0.8091,28.38,28.86833333
2023-08-05 14:00:00,0.7719,29.32,27.58833333
2023-08-05 15:00:00,0.6882,31.05,30.41333333
2023-08-05 16:00:00,0.5487,34.86,29.92166667
2023-08-05 17:00:00,0.3627,39.64,30.32833333
2023-08-05 18:00:00,0.15810000000000002,39.98,29.2825
2023-08-05 19:00:00,0.0279,36.93,32.75357143
2023-08-05 20:00:00,0,31.51,36.5175
2023-08-05 21:00:00,0,29.53,30.71428571
2023-08-05 22:00:00,0,26.15,31.35428571
2023-08-05 23:00:00,0,25.15,28.06083333
2023-08-06 00:00:00,0,25.54,33.80833333
2023-08-06 01:00:00,0,24.06,28.56583333
2023-08-06 02:00:00,0,22.29,26.24083333
2023-08-06 03:00:00,0,21.4,25.3275
2023-08-06 04:00:00,0,20.1,21.9875
2023-08-06 05:00:00,0,20.12,23.54833333
2023-08-06 06:00:00,0.009300000000000001,19.62,21.83083333
2023-08-06 07:00:00,0.0837,18.69,22.08833333
2023-08-06 08:00:00,0.2604,19.47,22.6475
2023-08-06 09:00:00,0.4557,20.31,22.29666667
2023-08-06 10:00:00,0.6324000000000001,20.94,20.43666667
2023-08-06 11:00:00,0.7440000000000001,22.51,22.89416667
2023-08-06 12:00:00,0.7998000000000001,23.75,23.13583333
2023-08-06 13:00:00,0.8184,25.55,35.155
2023-08-06 14:00:00,0.7812,27.79,33.23833333
2023-08-06 15:00:00,0.6882,31.5,36.805
2023-08-06 16:00:00,0.5487,37.11,39.4325
2023-08-06 17:00:00,0.3627,43.12,40.01166667
2023-08-06 18:00:00,0.15810000000000002,43.87,35.44916667
2023-08-06 19:00:00,0.0279,40.73,38.435
2023-08-06 20:00:00,0,36.07,46.06583333
2023-08-06 21:00:00,0,31.53,35.0875
2023-08-06 22:00:00,0,29.51,28.6725
2023-08-06 23:00:00,0,27.05,23.14583333
2023-08-07 00:00:00,0,26.86,23.67083333
2023-08-07 01:00:00,0,24.84,26.42666667
2023-08-07 02:00:00,0,24.06,25.4075
2023-08-07 03:00:00,0,23.43,24.3975
2023-08-07 04:00:00,0,22.88,27.5975
2023-08-07 05:00:00,0,23.39,37.5525
2023-08-07 06:00:00,0.009300000000000001,24.93,28.85916667
2023-08-07 07:00:00,0.0837,28.38,27.96416667
2023-08-07 08:00:00,0.25110000000000005,29.75,30.61857143
2023-08-07 09:00:00,0.4371,32.96,28.5825
2023-08-07 10:00:00,0.6138,31.66,33.66166667
2023-08-07 11:00:00,0.7440000000000001,34.8,32.59083333
2023-08-07 12:00:00,0.8091,36.2,32.9375
2023-08-07 13:00:00,0.8184,35.99,33.64846154
2023-08-07 14:00:00,0.7719,36.38,29.05833333
2023-08-07 15:00:00,0.6696,37.72,38.50714286
2023-08-07 16:00:00,0.5301,42.77,39.948125
2023-08-07 17:00:00,0.35340000000000005,43.9,31.19666667
2023-08-07 18:00:00,0.15810000000000002,42.55,36.03583333
2023-08-07 19:00:00,0.0279,38.39,35.30307692
2023-08-07 20:00:00,0,35.89,34.30923077
2023-08-07 21:00:00,0,32.41,42.81785714
2023-08-07 22:00:00,0,28.94,38.54416667
2023-08-07 23:00:00,0,27.23,23.05583333
2023-08-08 00:00:00,0,26.22,20.30833333
2023-08-08 01:00:00,0,23.42,18.7725
2023-08-08 02:00:00,0,22.26,18.87166667
2023-08-08 03:00:00,0,22.13,18.88666667
2023-08-08 04:00:00,0,21.34,19.11333333
2023-08-08 05:00:00,0,22.22,20.07083333
2023-08-08 06:00:00,0.009300000000000001,23.85,23.00416667
2023-08-08 07:00:00,0.0837,26.78,24.53857143
2023-08-08 08:00:00,0.25110000000000005,28.57,25.55928571
2023-08-08 09:00:00,0.4464,30.82,28.1475
2023-08-08 10:00:00,0.6231000000000001,31.01,53.69214286
2023-08-08 11:00:00,0.7440000000000001,33.12,32.38083333
2023-08-08 12:00:00,0.8091,33.33,33.44583333
2023-08-08 13:00:00,0.8091,33.75,34.58833333
2023-08-08 14:00:00,0.7719,34.38,32.975
2023-08-08 15:00:00,0.6882,36.19,31.23666667
2023-08-08 16:00:00,0.5394,42.38,28.4825
2023-08-08 17:00:00,0.35340000000000005,43.36,28.44083333
2023-08-08 18:00:00,0.15810000000000002,40.9,29.9175
2023-08-08 19:00:00,0.018600000000000002,35.88,27.89666667
2023-08-08 20:00:00,0,33.33,29.7925
2023-08-08 21:00:00,0,31.12,26.07916667
2023-08-08 22:00:00,0,27.87,22.29583333
2023-08-08 23:00:00,0,25.25,21.42583333
2023-08-09 00:00:00,0,24.59,19.25833333
2023-08-09 01:00:00,0,22.39,21.86333333
2023-08-09 02:00:00,0,20.22,20.17833333
2023-08-09 03:00:00,0,18.81,20.01083333
2023-08-09 04:00:00,0,18.03,20.25666667
2023-08-09 05:00:00,0,19.12,20.74833333
2023-08-09 06:00:00,0.009300000000000001,21.33,25.62333333
2023-08-09 07:00:00,0.0837,22.75,24.3625
2023-08-09 08:00:00,0.2697,23.92,25.89
2023-08-09 09:00:00,0.465,24.5,25.48333333
2023-08-09 10:00:00,0.6324000000000001,24.77,27.64333333
2023-08-09 11:00:00,0.7440000000000001,27.27,27.4075
2023-08-09 12:00:00,0.7998000000000001,27.27,45.90142857
2023-08-09 13:00:00,0.8184,29.24,30.21833333
2023-08-09 14:00:00,0.7812,30.6,31.22583333
2023-08-09 15:00:00,0.6882,31.88,35.75
2023-08-09 16:00:00,0.5487,40.02,30.40833333
2023-08-09 17:00:00,0.3627,43.16,37.25666667
2023-08-09 18:00:00,0.15810000000000002,43.19,31.92666667
2023-08-09 19:00:00,0.018600000000000002,39.63,35.765
2023-08-09 20:00:00,0,34.02,36.975
2023-08-09 21:00:00,0,31.67,31.68583333
2023-08-09 22:00:00,0,27.4,44.135
2023-08-09 23:00:00,0,25.22,29.71166667
2023-08-10 00:00:00,0,22.71,29.5625
2023-08-10 01:00:00,0,21.42,28.7425
2023-08-10 02:00:00,0,19.36,25.99833333
2023-08-10 03:00:00,0,18.54,24.1875
2023-08-10 04:00:00,0,19.07,25.095
2023-08-10 05:00:00,0,20.48,25.92916667
2023-08-10 06:00:00,0.009300000000000001,22.06,25.83230769
2023-08-10 07:00:00,0.09300000000000001,24.29,23.97538462
2023-08-10 08:00:00,0.2883,25.69,42.7425
2023-08-10 09:00:00,0.49290000000000006,26.86,32.7625
2023-08-10 10:00:00,0.6416999999999999,27.29,32.3025
2023-08-10 11:00:00,0.7533000000000001,29.11,33.05833333
2023-08-10 12:00:00,0.8091,30.3,36.30666667
2023-08-10 13:00:00,0.8184,31.48,38.60166667
2023-08-10 14:00:00,0.7812,32.32,42.82916667
2023-08-10 15:00:00,0.6882,32.04,35.03583333
2023-08-10 16:00:00,0.5487,34.54,34.59583333
2023-08-10 17:00:00,0.3627,36.22,33.0625
2023-08-10 18:00:00,0.14880000000000002,34.34,30.16916667
2023-08-10 19:00:00,0.018600000000000002,32.57,32.43833333
2023-08-10 20:00:00,0,30.51,31.7825
2023-08-10 21:00:00,0,27.26,30.33916667
2023-08-10 22:00:00,0,24.98,28.075
2023-08-10 23:00:00,0,22.58,28.93416667
2023-08-11 00:00:00,0,26.93,26.43916667
2023-08-11 01:00:00,0,24.7,21.85583333
2023-08-11 02:00:00,0,23.16,21.35083333
2023-08-11 03:00:00,0,22.31,21.46666667
2023-08-11 04:00:00,0,20.53,21.43833333
2023-08-11 05:00:00,0,21.87,23.50666667
2023-08-11 06:00:00,0.009300000000000001,23.13,25.7875
2023-08-11 07:00:00,0.0837,24.96,23.03666667
2023-08-11 08:00:00,0.2604,25.92,23.65
2023-08-11 09:00:00,0.4557,26.3,26.75916667
2023-08-11 10:00:00,0.6324000000000001,28.08,26.13166667
2023-08-11 11:00:00,0.7440000000000001,28.28,26.70357143
2023-08-11 12:00:00,0.7998000000000001,28.28,29.425
2023-08-11 13:00:00,0.8184,29.72,30.72083333
2023-08-11 14:00:00,0.7812,30.89,29.40583333
2023-08-11 15:00:00,0.6882,32.13,31.72416667
2023-08-11 16:00:00,0.5487,35.3,141.0528571
2023-08-11 17:00:00,0.3627,39.89,374.0308333
2023-08-11 18:00:00,0.14880000000000002,38.48,228.2558333
2023-08-11 19:00:00,0.018600000000000002,36.1,218.805
2023-08-11 20:00:00,0,32.92,31.29333333
2023-08-11 21:00:00,0,29.64,30.26083333
2023-08-11 22:00:00,0,28.28,31.205
2023-08-11 23:00:00,0,24.62,27.8375
2023-08-12 00:00:00,0,22.54,27.39
2023-08-12 01:00:00,0,21.68,24.73916667
2023-08-12 02:00:00,0,19.76,21.6525
2023-08-12 03:00:00,0,18.05,21.47333333
2023-08-12 04:00:00,0,17.54,20.04416667
2023-08-12 05:00:00,0,17.57,20.0525
2023-08-12 06:00:00,0.009300000000000001,18.06,18.96
2023-08-12 07:00:00,0.0837,18.68,19.48916667
2023-08-12 08:00:00,0.2697,19.95,19.82083333
2023-08-12 09:00:00,0.47430000000000005,20.99,20.18666667
2023-08-12 10:00:00,0.6416999999999999,22.15,23.87666667
2023-08-12 11:00:00,0.7440000000000001,25.25,22.94833333
2023-08-12 12:00:00,0.8091,25.25,27.41928571
2023-08-12 13:00:00,0.8277000000000001,26.66,33.8725
2023-08-12 14:00:00,0.7812,27.81,72.1825
2023-08-12 15:00:00,0.6882,29.24,31.6675
2023-08-12 16:00:00,0.5487,40.59,38.0425
2023-08-12 17:00:00,0.35340000000000005,45.59,47.22666667
2023-08-12 18:00:00,0.14880000000000002,46.75,40.43166667
2023-08-12 19:00:00,0.018600000000000002,41.38,34.505
2023-08-12 20:00:00,0,34.09,33.89166667
2023-08-12 21:00:00,0,34.07,37.97666667
2023-08-12 22:00:00,0,28.34,41.39333333
2023-08-12 23:00:00,0,28,42.70166667
2023-08-13 00:00:00,0,26.12,29.925
2023-08-13 01:00:00,0,24.51,25.975
2023-08-13 02:00:00,0,23.22,24.60583333
2023-08-13 03:00:00,0,21.95,22.57416667
2023-08-13 04:00:00,0,21.65,22.515
2023-08-13 05:00:00,0,21.07,21.33916667
2023-08-13 06:00:00,0.009300000000000001,20.45,21.68166667
2023-08-13 07:00:00,0.0837,21.7,19.56166667
2023-08-13 08:00:00,0.279,22.78,24.25
2023-08-13 09:00:00,0.47430000000000005,24.96,22.84166667
2023-08-13 10:00:00,0.6324000000000001,25.75,27.96083333
2023-08-13 11:00:00,0.7440000000000001,27.3,36.87833333
2023-08-13 12:00:00,0.8091,34.09,34.9525
2023-08-13 13:00:00,0.8184,31.16,35.66
2023-08-13 14:00:00,0.7812,34.09,31.39083333
2023-08-13 15:00:00,0.6882,34.17,80.05214286
2023-08-13 16:00:00,0.5487,49.3,147.27
2023-08-13 17:00:00,0.35340000000000005,50,126.9558333
2023-08-13 18:00:00,0.14880000000000002,48.47,174.3758333
2023-08-13 19:00:00,0.018600000000000002,43.61,46.09083333
2023-08-13 20:00:00,0,35.54,46.24333333
2023-08-13 21:00:00,0,32.98,55.99083333
2023-08-13 22:00:00,0,29.1,41.45
2023-08-13 23:00:00,0,26.49,48.82416667
2023-08-14 00:00:00,0,23.82,31.125
2023-08-14 01:00:00,0,22.7,25.12833333
2023-08-14 02:00:00,0,21.11,21.73583333
2023-08-14 03:00:00,0,20.05,21.7375
2023-08-14 04:00:00,0,19.4,24.46333333
2023-08-14 05:00:00,0,22,24.3475
2023-08-14 06:00:00,0.009300000000000001,23.07,26.71
2023-08-14 07:00:00,0.0837,25.53,26.49583333
2023-08-14 08:00:00,0.2604,27.62,32.50916667
2023-08-14 09:00:00,0.4557,28.45,31.74166667
2023-08-14 10:00:00,0.6138,29.22,31.28
2023-08-14 11:00:00,0.7254,30.5,31.62
2023-08-14 12:00:00,0.7905,32.77,31.50666667
2023-08-14 13:00:00,0.8091,35.45,33.06583333
2023-08-14 14:00:00,0.7626,36.69,43.36666667
2023-08-14 15:00:00,0.6789000000000001,38.03,55.21
2023-08-14 16:00:00,0.5301,47.63,63.91
2023-08-14 17:00:00,0.3441,48.56,37.21333333
2023-08-14 18:00:00,0.14880000000000002,42.35,35.37166667
2023-08-14 19:00:00,0.018600000000000002,40.45,41.29416667
2023-08-14 20:00:00,0,36.02,59.59333333
2023-08-14 21:00:00,0,32.23,52.3125
2023-08-14 22:00:00,0,29.58,42.18416667
2023-08-14 23:00:00,0,26.02,33.34666667
2023-08-15 00:00:00,0,25.79,28.22416667
2023-08-15 01:00:00,0,23.66,27.07666667
2023-08-15 02:00:00,0,22.75,25.2825
2023-08-15 03:00:00,0,22.63,24.425
2023-08-15 04:00:00,0,22.49,24.68666667
2023-08-15 05:00:00,0,23.24,26.7725
2023-08-15 06:00:00,0,24.6,27.1725
2023-08-15 07:00:00,0.0837,28.38,27.63583333
2023-08-15 08:00:00,0.2604,31.22,31.12583333
2023-08-15 09:00:00,0.4557,32.42,28.5425
2023-08-15 10:00:00,0.6138,32.42,29.875
2023-08-15 11:00:00,0.7161000000000001,33.81,32.005
2023-08-15 12:00:00,0.7812,35.45,32.08416667
2023-08-15 13:00:00,0.7905,35.45,33.03333333
2023-08-15 14:00:00,0.7533000000000001,35.45,47.63142857
2023-08-15 15:00:00,0.6603,35.58,31.15
2023-08-15 16:00:00,0.5301,52,29.27333333
2023-08-15 17:00:00,0.3441,52,34.44333333
2023-08-15 18:00:00,0.1395,44.21,29.37666667
2023-08-15 19:00:00,0.018600000000000002,40.21,29.5775
2023-08-15 20:00:00,0,35.29,34.13083333
2023-08-15 21:00:00,0,33.04,30.26833333
2023-08-15 22:00:00,0,30.22,31.43142857
2023-08-15 23:00:00,0,26.24,27.48333333
2023-08-16 00:00:00,0,26.14,32.47583333
2023-08-16 01:00:00,0,24.9,28.3775
2023-08-16 02:00:00,0,23.99,23.31583333
2023-08-16 03:00:00,0,23.2,19.65833333
2023-08-16 04:00:00,0,23.18,20.89
2023-08-16 05:00:00,0,25.04,25.5825
2023-08-16 06:00:00,0,25.08,27.93416667
2023-08-16 07:00:00,0.0837,29.34,26.23833333
2023-08-16 08:00:00,0.2697,30,27.07714286
2023-08-16 09:00:00,0.465,30.38,27.74583333
2023-08-16 10:00:00,0.6231000000000001,31.44,32.62583333
2023-08-16 11:00:00,0.7254,32.32,33.3875
2023-08-16 12:00:00,0.7812,33,34.97666667
2023-08-16 13:00:00,0.7905,34.58,38.11357143
2023-08-16 14:00:00,0.7440000000000001,37.89,37.81916667
2023-08-16 15:00:00,0.651,40.22,36.3425
2023-08-16 16:00:00,0.5115000000000001,50.79,30.8025
2023-08-16 17:00:00,0.3255,59.6,30.19083333
2023-08-16 18:00:00,0.1395,48.36,30.02166667
2023-08-16 19:00:00,0.018600000000000002,43.5,30.03916667
2023-08-16 20:00:00,0,40,33.94428571
2023-08-16 21:00:00,0,35.49,32.27
2023-08-16 22:00:00,0,32.56,27.575
2023-08-16 23:00:00,0,27.41,28
2023-08-17 00:00:00,0,25.78,28.1125
2023-08-17 01:00:00,0,23.93,23.40416667
2023-08-17 02:00:00,0,22.71,20.39083333
2023-08-17 03:00:00,0,22.22,22.88666667
2023-08-17 04:00:00,0,22.22,21.72916667
2023-08-17 05:00:00,0,22.7,22.01166667
2023-08-17 06:00:00,0,25.37,24.65083333
2023-08-17 07:00:00,0.0837,25.88,24.57166667
2023-08-17 08:00:00,0.2697,27.49,22.60142857
2023-08-17 09:00:00,0.4557,28.93,24.7225
2023-08-17 10:00:00,0.6045,29.83,25.2
2023-08-17 11:00:00,0.7161000000000001,31.31,34.3025
2023-08-17 12:00:00,0.7719,31.51,31.43142857
2023-08-17 13:00:00,0.7719,33.54,32.1725
2023-08-17 14:00:00,0.7161000000000001,36.2,34.12333333
2023-08-17 15:00:00,0.6324000000000001,36.73,32.31285714
2023-08-17 16:00:00,0.49290000000000006,47.84,30.57083333
2023-08-17 17:00:00,0.31620000000000004,52.47,29.11833333
2023-08-17 18:00:00,0.1302,44,24.925
2023-08-17 19:00:00,0.018600000000000002,38.29,27.17583333
2023-08-17 20:00:00,0,34.1,39.7575
2023-08-17 21:00:00,0,31.31,29.68416667
2023-08-17 22:00:00,0,29.21,23.745
2023-08-17 23:00:00,0,25.58,26.32083333
2023-08-18 00:00:00,0,25.65,33.25666667
2023-08-18 01:00:00,0,24.01,31.32833333
2023-08-18 02:00:00,0,22.6,26.765
2023-08-18 03:00:00,0,21.84,25.65857143
2023-08-18 04:00:00,0,21.41,26.75416667
2023-08-18 05:00:00,0,23.35,27.69416667
2023-08-18 06:00:00,0,24.96,28.76
2023-08-18 07:00:00,0.07440000000000001,27.51,32.53833333
2023-08-18 08:00:00,0.25110000000000005,28.45,45.47214286
2023-08-18 09:00:00,0.4464,30.9,31.71416667
2023-08-18 10:00:00,0.6045,29.3,37.32785714
2023-08-18 11:00:00,0.6882,31.04,34.49928571
2023-08-18 12:00:00,0.7533000000000001,31.51,26.63
2023-08-18 13:00:00,0.7533000000000001,32.74,31.02916667
2023-08-18 14:00:00,0.7161000000000001,34.1,69.46214286
2023-08-18 15:00:00,0.6324000000000001,34.13,37.8125
2023-08-18 16:00:00,0.5022000000000001,47.54,36.95
2023-08-18 17:00:00,0.3348,46.77,31.9825
2023-08-18 18:00:00,0.1302,36.06,50.2975
2023-08-18 19:00:00,0.009300000000000001,33.13,30.73166667
2023-08-18 20:00:00,0,29.65,30.21
2023-08-18 21:00:00,0,28.28,26.06833333
2023-08-18 22:00:00,0,26.7,24.54
2023-08-18 23:00:00,0,23.21,21.87583333
2023-08-19 00:00:00,0,22.06,23.11333333
2023-08-19 01:00:00,0,20.11,20.12583333
2023-08-19 02:00:00,0,19.06,18.62833333
2023-08-19 03:00:00,0,17.8,17.94333333
2023-08-19 04:00:00,0,18.53,17.87916667
2023-08-19 05:00:00,0,19.08,15.8125
2023-08-19 06:00:00,0,18.86,14.23416667
2023-08-19 07:00:00,0.0837,18.82,13.57
2023-08-19 08:00:00,0.2697,19.58,13.465
2023-08-19 09:00:00,0.47430000000000005,20.51,18.22416667
2023-08-19 10:00:00,0.6324000000000001,20.9,17.99916667
2023-08-19 11:00:00,0.7347,21.62,21.08083333
2023-08-19 12:00:00,0.7998000000000001,22.26,19.18416667
2023-08-19 13:00:00,0.7998000000000001,23.1,19.08916667
2023-08-19 14:00:00,0.7626,23.24,25.19583333
2023-08-19 15:00:00,0.6696,23.5,21.186
2023-08-19 16:00:00,0.5301,27.21,24.62555556
2023-08-19 17:00:00,0.3348,30.06,24.16333333
2023-08-19 18:00:00,0.1302,38.81,23.3275
2023-08-19 19:00:00,0.009300000000000001,27.11,20.6975
2023-08-19 20:00:00,0,24.63,24.99571429
2023-08-19 21:00:00,0,23.26,17.84416667
2023-08-19 22:00:00,0,22.19,20.67583333
2023-08-19 23:00:00,0,20.79,18.03333333
2023-08-20 00:00:00,0,20.55,15.86833333
2023-08-20 01:00:00,0,18.88,16.08333333
2023-08-20 02:00:00,0,18.18,15.665
2023-08-20 03:00:00,0,17.56,15.37916667
2023-08-20 04:00:00,0,16.63,16.564
2023-08-20 05:00:00,0,16.42,15.85333333
2023-08-20 06:00:00,0,16.33,11.62857143
2023-08-20 07:00:00,0.0837,16.24,13.30583333
2023-08-20 08:00:00,0.2697,17.05,13.20583333
2023-08-20 09:00:00,0.465,17.72,17.02
2023-08-20 10:00:00,0.6231000000000001,20.13,17.645
2023-08-20 11:00:00,0.7347,21.02,21.7375
2023-08-20 12:00:00,0.7905,22.22,17.99333333
2023-08-20 13:00:00,0.7998000000000001,23.23,25.81333333
2023-08-20 14:00:00,0.7533000000000001,25.12,21.34333333
2023-08-20 15:00:00,0.6603,27.03,28.96583333
2023-08-20 16:00:00,0.5208,35.03,39.05416667
2023-08-20 17:00:00,0.3348,41.94,64.69333333
2023-08-20 18:00:00,0.1302,45.68,38.26833333
2023-08-20 19:00:00,0.009300000000000001,40.64,32.28583333
2023-08-20 20:00:00,0,32.32,33.40166667
2023-08-20 21:00:00,0,29.85,36.23428571
2023-08-20 22:00:00,0,26.33,32.88416667
2023-08-20 23:00:00,0,24.37,29.77333333
2023-08-21 00:00:00,0,26.78,28.765
2023-08-21 01:00:00,0,25.31,21.43333333
2023-08-21 02:00:00,0,22.97,18.20916667
2023-08-21 03:00:00,0,21.45,16.43833333
2023-08-21 04:00:00,0,20.59,15.30916667
2023-08-21 05:00:00,0,22.25,16.50666667
2023-08-21 06:00:00,0,24.17,19.63083333
2023-08-21 07:00:00,0.07440000000000001,28.62,20.075
2023-08-21 08:00:00,0.2697,29.31,28.1375
2023-08-21 09:00:00,0.4557,30.91,31.705
2023-08-21 10:00:00,0.6138,30.83,33.09
2023-08-21 11:00:00,0.7254,33.09,29.54166667
2023-08-21 12:00:00,0.7719,36.78,29.36769231
2023-08-21 13:00:00,0.7812,37.71,29.74933333
2023-08-21 14:00:00,0.7440000000000001,38.46,38.03333333
2023-08-21 15:00:00,0.651,41.28,45.3125
2023-08-21 16:00:00,0.5115000000000001,68.03,41.90714286
2023-08-21 17:00:00,0.3255,74.36,45.955
2023-08-21 18:00:00,0.1302,63.49,66.015
2023-08-21 19:00:00,0.009300000000000001,52.6,38.15666667
2023-08-21 20:00:00,0,38.54,44.14833333
2023-08-21 21:00:00,0,36.81,38.10166667
2023-08-21 22:00:00,0,34.88,34.86333333
2023-08-21 23:00:00,0,29.97,34.315
2023-08-22 00:00:00,0,24.19,34.5475
2023-08-22 01:00:00,0,21.9,30.10083333
2023-08-22 02:00:00,0,20.35,24.60333333
2023-08-22 03:00:00,0,19.4,19.2625
2023-08-22 04:00:00,0,19.67,18.62833333
2023-08-22 05:00:00,0,20.83,23.34416667
2023-08-22 06:00:00,0,22.11,24.795
2023-08-22 07:00:00,0.07440000000000001,23.18,21.35
2023-08-22 08:00:00,0.2604,25.08,23.48166667
2023-08-22 09:00:00,0.4464,24.76,19.90166667
2023-08-22 10:00:00,0.6045,24.19,21.58142857
2023-08-22 11:00:00,0.7068000000000001,25.44,20.27166667
2023-08-22 12:00:00,0.7812,27.32,23.3525
2023-08-22 13:00:00,0.7905,29.09,26.54333333
2023-08-22 14:00:00,0.7533000000000001,30.4,24.52916667
2023-08-22 15:00:00,0.6603,30.33,48.36666667
2023-08-22 16:00:00,0.5208,32.41,28.89833333
2023-08-22 17:00:00,0.3348,37.61,32.35583333
2023-08-22 18:00:00,0.1302,35.08,35.25083333
2023-08-22 19:00:00,0.009300000000000001,31.94,35.86583333
2023-08-22 20:00:00,0,31.96,30.705
2023-08-22 21:00:00,0,29.5,25.76166667
2023-08-22 22:00:00,0,25.82,26.4925
2023-08-22 23:00:00,0,23.63,23.11
2023-08-23 00:00:00,0,21.55,20.34333333
2023-08-23 01:00:00,0,19.07,22.8925
2023-08-23 02:00:00,0,17.58,18.75833333
2023-08-23 03:00:00,0,17.53,17.8225
2023-08-23 04:00:00,0,17.52,18.02833333
2023-08-23 05:00:00,0,18.18,19.94916667
2023-08-23 06:00:00,0,19.39,22.9125
2023-08-23 07:00:00,0.0837,21.31,22.58333333
2023-08-23 08:00:00,0.279,22.09,20.1775
2023-08-23 09:00:00,0.47430000000000005,20.89,20.35333333
2023-08-23 10:00:00,0.6231000000000001,22.16,17.80166667
2023-08-23 11:00:00,0.7254,22.88,17.70666667
2023-08-23 12:00:00,0.7812,23.35,19.35166667
2023-08-23 13:00:00,0.7812,24.2,19.65916667
2023-08-23 14:00:00,0.7347,24.98,19.6075
2023-08-23 15:00:00,0.651,25.25,23.4425
2023-08-23 16:00:00,0.5115000000000001,31.88,26.615
2023-08-23 17:00:00,0.3255,32.83,31.53416667
2023-08-23 18:00:00,0.12090000000000001,31.48,31.54833333
2023-08-23 19:00:00,0.009300000000000001,30.23,31.30916667
2023-08-23 20:00:00,0,27.89,30.89
2023-08-23 21:00:00,0,24.58,29.0425
2023-08-23 22:00:00,0,22.75,26.21166667
2023-08-23 23:00:00,0,22.65,28.75
2023-08-24 00:00:00,0,21.89,32.68333333
2023-08-24 01:00:00,0,19.35,28.35333333
2023-08-24 02:00:00,0,17.59,26.30583333
2023-08-24 03:00:00,0,16.84,23.97166667
2023-08-24 04:00:00,0,17.57,22.17333333
2023-08-24 05:00:00,0,19.45,22.42166667
2023-08-24 06:00:00,0,19.98,30.60166667
2023-08-24 07:00:00,0.07440000000000001,22.1,31.44166667
2023-08-24 08:00:00,0.2697,23.28,30.15583333
2023-08-24 09:00:00,0.465,24.88,30.60333333
2023-08-24 10:00:00,0.6138,23.41,33.42833333
2023-08-24 11:00:00,0.7161000000000001,24.37,34.59666667
2023-08-24 12:00:00,0.7719,24.88,33.23666667
2023-08-24 13:00:00,0.7719,26.27,33.39416667
2023-08-24 14:00:00,0.7254,25.69,34.96
2023-08-24 15:00:00,0.6324000000000001,25.01,29.51666667
2023-08-24 16:00:00,0.49290000000000006,29.04,30.43
2023-08-24 17:00:00,0.31620000000000004,33.22,33.20083333
2023-08-24 18:00:00,0.12090000000000001,32.32,29.07833333
2023-08-24 19:00:00,0.009300000000000001,29.42,31.04916667
2023-08-24 20:00:00,0,25.93,30.7375
2023-08-24 21:00:00,0,24.27,28.2075
2023-08-24 22:00:00,0,22.84,26.11666667
2023-08-24 23:00:00,0,22.69,26.93833333
2023-08-25 00:00:00,0,23.15,23.43916667
2023-08-25 01:00:00,0,21,21.03166667
2023-08-25 02:00:00,0,19.07,18.27416667
2023-08-25 03:00:00,0,19.06,17.17166667
2023-08-25 04:00:00,0,19.09,20.92416667
2023-08-25 05:00:00,0,21.5,24.055
2023-08-25 06:00:00,0,22.73,28.43916667
2023-08-25 07:00:00,0.07440000000000001,24.51,24.63
2023-08-25 08:00:00,0.2604,26.27,30.40416667
2023-08-25 09:00:00,0.4557,27.87,35.595
2023-08-25 10:00:00,0.6045,27.28,35.80666667
2023-08-25 11:00:00,0.7068000000000001,28.6,37.45166667
2023-08-25 12:00:00,0.7440000000000001,29.27,33.215
2023-08-25 13:00:00,0.7161000000000001,31.87,36.10214286
2023-08-25 14:00:00,0.6324000000000001,32.05,34.62833333
2023-08-25 15:00:00,0.5115000000000001,33.13,35.98666667
2023-08-25 16:00:00,0.3906,38.36,33.20166667
2023-08-25 17:00:00,0.24180000000000001,42.28,33.0925
2023-08-25 18:00:00,0.09300000000000001,37.04,32.31916667
2023-08-25 19:00:00,0.009300000000000001,34.09,34.21166667
2023-08-25 20:00:00,0,33.03,50.8175
2023-08-25 21:00:00,0,29.22,30.31083333
2023-08-25 22:00:00,0,27.77,39.51916667
2023-08-25 23:00:00,0,26.01,31.25333333
2023-08-26 00:00:00,0,27,30.08583333
2023-08-26 01:00:00,0,23.89,28.97916667
2023-08-26 02:00:00,0,21.82,25.11416667
2023-08-26 03:00:00,0,21.13,24.085
2023-08-26 04:00:00,0,20.31,25.87071429
2023-08-26 05:00:00,0,21.81,23.7325
2023-08-26 06:00:00,0,21.82,25.62916667
2023-08-26 07:00:00,0.07440000000000001,22.54,24.0625
2023-08-26 08:00:00,0.2604,22.68,25.08583333
2023-08-26 09:00:00,0.4557,23.64,29.02428571
2023-08-26 10:00:00,0.6045,23.18,29.80166667
2023-08-26 11:00:00,0.7068000000000001,24.11,28.28416667
2023-08-26 12:00:00,0.7347,26.28,35.56666667
2023-08-26 13:00:00,0.6975,27.85,28.69
2023-08-26 14:00:00,0.6231000000000001,28.47,33.62416667
2023-08-26 15:00:00,0.5115000000000001,28.63,32.68857143
2023-08-26 16:00:00,0.3906,36.81,33.95833333
2023-08-26 17:00:00,0.2604,40.54,33.25666667
2023-08-26 18:00:00,0.1023,36.17,37.41083333
2023-08-26 19:00:00,0.009300000000000001,34.93,35.0525
2023-08-26 20:00:00,0,30.29,38.20916667
2023-08-26 21:00:00,0,27.27,29.03833333
2023-08-26 22:00:00,0,24.84,30.16666667
2023-08-26 23:00:00,0,26.1,30.13166667
2023-08-27 00:00:00,0,26.32,29.92666667
2023-08-27 01:00:00,0,22.16,25.18083333
2023-08-27 02:00:00,0,20.07,21.78333333
2023-08-27 03:00:00,0,19.63,21.83
2023-08-27 04:00:00,0,18.06,20.2225
2023-08-27 05:00:00,0,19.09,20.48083333
2023-08-27 06:00:00,0,17.61,20.75166667
2023-08-27 07:00:00,0.07440000000000001,17.74,21.3125
2023-08-27 08:00:00,0.2604,19.3,18.80083333
2023-08-27 09:00:00,0.465,20.03,23.81833333
2023-08-27 10:00:00,0.6231000000000001,20.34,25.0875
2023-08-27 11:00:00,0.7347,21.17,30.135
2023-08-27 12:00:00,0.7905,21.84,47.93846154
2023-08-27 13:00:00,0.7998000000000001,22.97,30.07230769
2023-08-27 14:00:00,0.7533000000000001,23.23,31.311875
2023-08-27 15:00:00,0.651,24.36,33.15916667
2023-08-27 16:00:00,0.5022000000000001,29.3,33.97583333
2023-08-27 17:00:00,0.3069,32.12,47.70583333
2023-08-27 18:00:00,0.1116,31.41,49.515
2023-08-27 19:00:00,0.009300000000000001,30.74,40.3875
2023-08-27 20:00:00,0,27.93,50.28571429
2023-08-27 21:00:00,0,23.47,37.94416667
2023-08-27 22:00:00,0,22.81,33.57833333
2023-08-27 23:00:00,0,22.79,29.42
2023-08-28 00:00:00,0,23.1,21.71333333
2023-08-28 01:00:00,0,19.96,21.6275
2023-08-28 02:00:00,0,18.99,21.8875
2023-08-28 03:00:00,0,18.15,21.18666667
2023-08-28 04:00:00,0,18.18,22.07916667
2023-08-28 05:00:00,0,19.46,27.0875
2023-08-28 06:00:00,0,21.83,30.06916667
2023-08-28 07:00:00,0.07440000000000001,23,29.85
2023-08-28 08:00:00,0.2325,24.05,31.7
2023-08-28 09:00:00,0.4278,25.1,41.92
2023-08-28 10:00:00,0.5952000000000001,24.44,39.56083333
2023-08-28 11:00:00,0.7254,25.17,38.27083333
2023-08-28 12:00:00,0.8091,25.58,31.95416667
2023-08-28 13:00:00,0.8277000000000001,26.58,50.42928571
2023-08-28 14:00:00,0.7812,27.55,45.21416667
2023-08-28 15:00:00,0.6789000000000001,28.29,42.88166667
2023-08-28 16:00:00,0.5301,32.26,44.30916667
2023-08-28 17:00:00,0.3255,36.11,44.02083333
2023-08-28 18:00:00,0.1116,35.19,49.18916667
2023-08-28 19:00:00,0.009300000000000001,33.4,43.51
2023-08-28 20:00:00,0,31.59,49.09416667
2023-08-28 21:00:00,0,28.13,31.4075
2023-08-28 22:00:00,0,25.01,29.3775
2023-08-28 23:00:00,0,23.81,26.61
2023-08-29 00:00:00,0,23.18,23.98166667
2023-08-29 01:00:00,0,20.77,21.09166667
2023-08-29 02:00:00,0,19.63,20.53916667
2023-08-29 03:00:00,0,18.59,19.575
2023-08-29 04:00:00,0,19.01,18.63916667
2023-08-29 05:00:00,0,21.39,24.8
2023-08-29 06:00:00,0,23.42,24.93083333
2023-08-29 07:00:00,0.07440000000000001,25,26.64166667
2023-08-29 08:00:00,0.25110000000000005,26.13,30.99
2023-08-29 09:00:00,0.4557,26.5,26.825
2023-08-29 10:00:00,0.6324000000000001,25.56,38.07333333
2023-08-29 11:00:00,0.7533000000000001,27.24,30.3575
2023-08-29 12:00:00,0.8277000000000001,27.92,32.41142857
2023-08-29 13:00:00,0.8277000000000001,28.67,31.66
2023-08-29 14:00:00,0.7905,29.28,40.18416667
2023-08-29 15:00:00,0.6882,29.53,44.82416667
2023-08-29 16:00:00,0.5301,33.69,42.19916667
2023-08-29 17:00:00,0.3255,38.34,43.9125
2023-08-29 18:00:00,0.1116,35.84,45.28166667
2023-08-29 19:00:00,0.009300000000000001,34.81,38.9575
2023-08-29 20:00:00,0,30.85,43.92333333
2023-08-29 21:00:00,0,28.39,32.98833333
2023-08-29 22:00:00,0,25.25,28.2925
2023-08-29 23:00:00,0,23.9,28.44
2023-08-30 00:00:00,0,25.52,29.86916667
2023-08-30 01:00:00,0,23.61,28.395
2023-08-30 02:00:00,0,21.59,28.49166667
2023-08-30 03:00:00,0,20.92,31.8425
2023-08-30 04:00:00,0,20.63,30.36583333
2023-08-30 05:00:00,0,22.94,30.57
2023-08-30 06:00:00,0,25.14,31.79166667
2023-08-30 07:00:00,0.07440000000000001,27.78,31.17666667
2023-08-30 08:00:00,0.279,28.06,31.53333333
2023-08-30 09:00:00,0.49290000000000006,29.83,31.01166667
2023-08-30 10:00:00,0.6603,28.44,30.06428571
2023-08-30 11:00:00,0.7719,30.19,30.07230769
2023-08-30 12:00:00,0.8277000000000001,30.95,33.36583333
2023-08-30 13:00:00,0.8370000000000001,33.05,30.185
2023-08-30 14:00:00,0.7812,32.57,30.91625
2023-08-30 15:00:00,0.6789000000000001,32.36,36.74142857
2023-08-30 16:00:00,0.5301,39.96,29.80071429
2023-08-30 17:00:00,0.3255,42.86,44.35416667
2023-08-30 18:00:00,0.1116,39.23,36.26583333
2023-08-30 19:00:00,0.009300000000000001,35.73,31.72916667
2023-08-30 20:00:00,0,31.7,34.98642857
2023-08-30 21:00:00,0,27.55,39.3075
2023-08-30 22:00:00,0,26.01,25.77833333
2023-08-30 23:00:00,0,23.82,26.1275
2023-08-31 00:00:00,0,22.06,23.12416667
2023-08-31 01:00:00,0,20.82,21.4525
2023-08-31 02:00:00,0,19.06,21.6625
2023-08-31 03:00:00,0,18.46,19.53583333
2023-08-31 04:00:00,0,18.24,18.51333333
2023-08-31 05:00:00,0,19.87,19.79
2023-08-31 06:00:00,0,22.34,20.82
2023-08-31 07:00:00,0.07440000000000001,23.76,18.14916667
2023-08-31 08:00:00,0.279,24.07,17.38
2023-08-31 09:00:00,0.48360000000000003,22.88,17.44833333
2023-08-31 10:00:00,0.6416999999999999,21.22,18.13
2023-08-31 11:00:00,0.7440000000000001,21.25,18.13916667
2023-08-31 12:00:00,0.7998000000000001,21.63,19.73666667
2023-08-31 13:00:00,0.7998000000000001,22.44,19.365
2023-08-31 14:00:00,0.7626,23.03,18.85
2023-08-31 15:00:00,0.6696,23.87,18.66333333
2023-08-31 16:00:00,0.5115000000000001,27.81,26.09333333
2023-08-31 17:00:00,0.31620000000000004,31.68,27.84166667
2023-08-31 18:00:00,0.1116,31.88,32.4625
2023-08-31 19:00:00,0.009300000000000001,30.63,30.09666667
2023-08-31 20:00:00,0,27.48,26.82666667
2023-08-31 21:00:00,0,24.8,21.03416667
2023-08-31 22:00:00,0,22.4,20.43083333
2023-08-31 23:00:00,0,21.83,19.95166667
2023-09-01 00:00:00,0,20.18,23.87833333
2023-09-01 01:00:00,0,18.22,21.125
2023-09-01 02:00:00,0,18.12,20.94166667
2023-09-01 03:00:00,0,18.09,20.10666667
2023-09-01 04:00:00,0,18.18,20.45083333
2023-09-01 05:00:00,0,18.6,23.5075
2023-09-01 06:00:00,0,21,25.23916667
2023-09-01 07:00:00,0.07440000000000001,21.8,24.18916667
2023-09-01 08:00:00,0.2697,21.59,20.76416667
2023-09-01 09:00:00,0.47430000000000005,21.2,19.4625
2023-09-01 10:00:00,0.6324000000000001,19.8,19.48083333
2023-09-01 11:00:00,0.7347,20.21,21.16133333
2023-09-01 12:00:00,0.7905,20.79,21.46833333
2023-09-01 13:00:00,0.7905,21.7,21.1425
2023-09-01 14:00:00,0.7440000000000001,22.67,19.64666667
2023-09-01 15:00:00,0.651,22.95,20.24642857
2023-09-01 16:00:00,0.5115000000000001,25.75,25.03333333
2023-09-01 17:00:00,0.3069,30.88,34.515
2023-09-01 18:00:00,0.1023,30.92,32.7325
2023-09-01 19:00:00,0.009300000000000001,28.61,31.68166667
2023-09-01 20:00:00,0,25.3,32.90416667
2023-09-01 21:00:00,0,22.96,26.5
2023-09-01 22:00:00,0,21.36,25.5375
2023-09-01 23:00:00,0,20.18,24.50333333
2023-09-02 00:00:00,0,20.32,14.91166667
2023-09-02 01:00:00,0,18.43,-0.43
2023-09-02 02:00:00,0,18.3,12.05916667
2023-09-02 03:00:00,0,17.77,14.16916667
2023-09-02 04:00:00,0,17.24,16.20083333
2023-09-02 05:00:00,0,17.49,14.49666667
2023-09-02 06:00:00,0,16.95,19.77357143
2023-09-02 07:00:00,0.07440000000000001,17.98,22.33666667
2023-09-02 08:00:00,0.2697,17.9,16.45583333
2023-09-02 09:00:00,0.47430000000000005,17.99,18.9925
2023-09-02 10:00:00,0.6231000000000001,18.25,5.794166667
2023-09-02 11:00:00,0.7254,18.63,18.91916667
2023-09-02 12:00:00,0.7812,19.83,23.36083333
2023-09-02 13:00:00,0.7812,20.91,21.23583333
2023-09-02 14:00:00,0.7440000000000001,21,195.9014286
2023-09-02 15:00:00,0.651,22.68,18.37666667
2023-09-02 16:00:00,0.5022000000000001,27.5,23.63333333
2023-09-02 17:00:00,0.3069,29.7,32.00083333
2023-09-02 18:00:00,0.1023,30.59,33.7025
2023-09-02 19:00:00,0,29.54,30.43583333
2023-09-02 20:00:00,0,25.56,33.91416667
2023-09-02 21:00:00,0,22.66,25.81166667
2023-09-02 22:00:00,0,21.6,24.96333333
2023-09-02 23:00:00,0,20.4,24.25166667
2023-09-03 00:00:00,0,21.14,18.76333333
2023-09-03 01:00:00,0,19.27,16.47583333
2023-09-03 02:00:00,0,18.23,15.385
2023-09-03 03:00:00,0,17.87,18.47083333
2023-09-03 04:00:00,0,16.95,19.9525
2023-09-03 05:00:00,0,17.57,10.21166667
2023-09-03 06:00:00,0,16.78,15.37916667
2023-09-03 07:00:00,0.07440000000000001,17.16,15.66833333
2023-09-03 08:00:00,0.2697,17.68,17.44
2023-09-03 09:00:00,0.47430000000000005,21.17,19.56583333
2023-09-03 10:00:00,0.6231000000000001,22.73,6.13
2023-09-03 11:00:00,0.7254,24.22,24.47666667
2023-09-03 12:00:00,0.7812,26.01,28.74666667
2023-09-03 13:00:00,0.7812,29.7,35.58666667
2023-09-03 14:00:00,0.7440000000000001,33.64,35.63583333
2023-09-03 15:00:00,0.651,37.15,35.36583333
2023-09-03 16:00:00,0.5022000000000001,42.27,38.38166667
2023-09-03 17:00:00,0.3069,51.33,74.075
2023-09-03 18:00:00,0.1023,48.08,50.74083333
2023-09-03 19:00:00,0,43.8,41.62833333
2023-09-03 20:00:00,0,38.57,42.5625
2023-09-03 21:00:00,0,34.69,35.72642857
2023-09-03 22:00:00,0,31.72,35.78083333
2023-09-03 23:00:00,0,28.3,27.435
2023-09-04 00:00:00,0,28.61,27.16083333
2023-09-04 01:00:00,0,25.91,22.4175
2023-09-04 02:00:00,0,23.88,27.47083333
2023-09-04 03:00:00,0,22.97,26.44083333
2023-09-04 04:00:00,0,22.19,44.09333333
2023-09-04 05:00:00,0,22.79,49.455
2023-09-04 06:00:00,0,23.21,26.34916667
2023-09-04 07:00:00,0.07440000000000001,24.12,19.32416667
2023-09-04 08:00:00,0.2697,26.28,22.08583333
2023-09-04 09:00:00,0.465,30.56,22.34416667
2023-09-04 10:00:00,0.6231000000000001,34.46,25.80571429
2023-09-04 11:00:00,0.7347,36.51,35.79
2023-09-04 12:00:00,0.7905,41.1,37.08083333
2023-09-04 13:00:00,0.7905,41.89,37.30583333
2023-09-04 14:00:00,0.7440000000000001,44.72,36.2175
2023-09-04 15:00:00,0.651,48.43,38.7225
2023-09-04 16:00:00,0.5022000000000001,62.84,49.49166667
2023-09-04 17:00:00,0.29760000000000003,76.09,63.57416667
2023-09-04 18:00:00,0.09300000000000001,70.34,54.105
2023-09-04 19:00:00,0,63.74,56.08285714
2023-09-04 20:00:00,0,48.68,60.7775
2023-09-04 21:00:00,0,43.15,48.93416667
2023-09-04 22:00:00,0,39.47,44.29583333
2023-09-04 23:00:00,0,35.73,40.51416667
2023-09-05 00:00:00,0,33.43,37.71166667
2023-09-05 01:00:00,0,31.07,35.36083333
2023-09-05 02:00:00,0,28.39,29.4475
2023-09-05 03:00:00,0,27.27,28.17833333
2023-09-05 04:00:00,0,26.91,29.88916667
2023-09-05 05:00:00,0,28.07,33.89916667
2023-09-05 06:00:00,0,31.95,32.62583333
2023-09-05 07:00:00,0.07440000000000001,35.86,36.25916667
2023-09-05 08:00:00,0.2697,38.93,39.21857143
2023-09-05 09:00:00,0.47430000000000005,40.75,41.93583333
2023-09-05 10:00:00,0.6416999999999999,45.45,44.23833333
2023-09-05 11:00:00,0.7533000000000001,46.43,47.14916667
2023-09-05 12:00:00,0.8091,53.14,75.50583333
2023-09-05 13:00:00,0.8091,59.9,190.6428571
2023-09-05 14:00:00,0.7626,64.31,204.5316667
2023-09-05 15:00:00,0.6603,68,302.6441667
2023-09-05 16:00:00,0.5115000000000001,95.45,269.7408333
2023-09-05 17:00:00,0.3069,97.82,918.2941667
2023-09-05 18:00:00,0.09300000000000001,95.45,220.9375
2023-09-05 19:00:00,0,77.23,106.2991667
2023-09-05 20:00:00,0,61.36,202.29
2023-09-05 21:00:00,0,50.96,115.4416667
2023-09-05 22:00:00,0,44.96,49.41666667
2023-09-05 23:00:00,0,39.52,42.98583333
2023-09-06 00:00:00,0,37.22,43.23928571
2023-09-06 01:00:00,0,34.47,40.98583333
2023-09-06 02:00:00,0,32.14,40.98166667
2023-09-06 03:00:00,0,30.98,40.38333333
2023-09-06 04:00:00,0,31.38,40.55333333
2023-09-06 05:00:00,0,32.44,41.875
2023-09-06 06:00:00,0,35.31,41.6925
2023-09-06 07:00:00,0.0651,38.65,41.56833333
2023-09-06 08:00:00,0.25110000000000005,40.6,58.99142857
2023-09-06 09:00:00,0.4464,41.72,48.15083333
2023-09-06 10:00:00,0.6138,44.98,46.025
2023-09-06 11:00:00,0.7254,52.25,72.59416667
2023-09-06 12:00:00,0.7812,53.72,72.53833333
2023-09-06 13:00:00,0.7905,60.49,94.58416667
2023-09-06 14:00:00,0.7440000000000001,72.81,197.5158333
2023-09-06 15:00:00,0.6416999999999999,74.94,199.3666667
2023-09-06 16:00:00,0.49290000000000006,108,243.2541667
2023-09-06 17:00:00,0.29760000000000003,123.53,523.32
2023-09-06 18:00:00,0.09300000000000001,100.09,402.195
2023-09-06 19:00:00,0,84.55,223.0366667
2023-09-06 20:00:00,0,67.53,303.034375
2023-09-06 21:00:00,0,53.53,88.125
2023-09-06 22:00:00,0,46.68,65.18083333
2023-09-06 23:00:00,0,40.37,57.20166667
2023-09-07 00:00:00,0,39.29,44.9175
2023-09-07 01:00:00,0,36.46,41.78166667
2023-09-07 02:00:00,0,35.54,36.15083333
2023-09-07 03:00:00,0,33.06,33.96333333
2023-09-07 04:00:00,0,32.92,34.67
2023-09-07 05:00:00,0,35.35,40.69666667
2023-09-07 06:00:00,0,38.76,51.17166667
2023-09-07 07:00:00,0.0558,40.85,44.24
2023-09-07 08:00:00,0.2139,42.82,44.7525
2023-09-07 09:00:00,0.3627,45.09,45.01416667
2023-09-07 10:00:00,0.49290000000000006,51.95,46.63166667
2023-09-07 11:00:00,0.5766,54.06,64.515
2023-09-07 12:00:00,0.6416999999999999,62.81,142.4175
2023-09-07 13:00:00,0.6696,73.53,106.3016667
2023-09-07 14:00:00,0.6603,80,119.4033333
2023-09-07 15:00:00,0.5952000000000001,90.05,164.7341667
2023-09-07 16:00:00,0.465,121.92,189.3664286
2023-09-07 17:00:00,0.2883,126.35,474.1608333
2023-09-07 18:00:00,0.0837,102,107.2883333
2023-09-07 19:00:00,0,90.03,122.4391667
2023-09-07 20:00:00,0,62.95,285.0473333
2023-09-07 21:00:00,0,52.52,61.91666667
2023-09-07 22:00:00,0,46.03,44.51833333
2023-09-07 23:00:00,0,39.04,39.66538462
2023-09-08 00:00:00,0,41.09,35.68692308
2023-09-08 01:00:00,0,39.59,36.7025
2023-09-08 02:00:00,0,39.36,28.1
2023-09-08 03:00:00,0,37.62,23.3725
2023-09-08 04:00:00,0,37.23,23.27833333
2023-09-08 05:00:00,0,39.59,25.57833333
2023-09-08 06:00:00,0,40,28.89583333
2023-09-08 07:00:00,0.0558,42.44,28.195
2023-09-08 08:00:00,0.2046,43.5,27.45583333
2023-09-08 09:00:00,0.3627,45.94,28.42857143
2023-09-08 10:00:00,0.48360000000000003,48.5,33.27416667
2023-09-08 11:00:00,0.5487,52.01,41.33916667
2023-09-08 12:00:00,0.5952000000000001,57.57,122.5115385
2023-09-08 13:00:00,0.6138,73.19,75.60857143
2023-09-08 14:00:00,0.5859000000000001,80.6,72.40142857
2023-09-08 15:00:00,0.5208,99.16,113.3091667
2023-09-08 16:00:00,0.39990000000000003,102.13,66.27
2023-09-08 17:00:00,0.24180000000000001,111.21,40.33
2023-09-08 18:00:00,0.07440000000000001,86.78,34.62916667
2023-09-08 19:00:00,0,75.76,32.345
2023-09-08 20:00:00,0,59.91,24.74083333
2023-09-08 21:00:00,0,49.51,22.2475
2023-09-08 22:00:00,0,42.77,26.9475
2023-09-08 23:00:00,0,40.01,21.51083333
2023-09-09 00:00:00,0,33.6,58.1075
2023-09-09 01:00:00,0,31.93,30.9675
2023-09-09 02:00:00,0,31.06,23.65666667
2023-09-09 03:00:00,0,29.89,22.28916667
2023-09-09 04:00:00,0,28.39,26.09666667
2023-09-09 05:00:00,0,29.36,24.36916667
2023-09-09 06:00:00,0,28.34,24.53416667
2023-09-09 07:00:00,0.0651,27.95,22.8
2023-09-09 08:00:00,0.25110000000000005,28.07,26.77833333
2023-09-09 09:00:00,0.4464,30.76,32.43166667
2023-09-09 10:00:00,0.6138,32.36,36.03
2023-09-09 11:00:00,0.7254,33.77,103.3625
2023-09-09 12:00:00,0.7998000000000001,37.56,43.81333333
2023-09-09 13:00:00,0.8184,38.02,46.38833333
2023-09-09 14:00:00,0.7719,39.69,101.9383333
2023-09-09 15:00:00,0.6696,41.01,66.12833333
2023-09-09 16:00:00,0.5115000000000001,46.2,62.94
2023-09-09 17:00:00,0.29760000000000003,50.27,46.63416667
2023-09-09 18:00:00,0.0837,45.36,68.27916667
2023-09-09 19:00:00,0,41.65,65.80916667
2023-09-09 20:00:00,0,39.1,42.28333333
2023-09-09 21:00:00,0,36.64,39.2675
2023-09-09 22:00:00,0,36.52,37.77666667
2023-09-09 23:00:00,0,34.32,37.19166667
2023-09-10 00:00:00,0,31.42,35.3075
2023-09-10 01:00:00,0,27.84,21.63833333
2023-09-10 02:00:00,0,24.65,22.69666667
2023-09-10 03:00:00,0,24.24,20.4525
2023-09-10 04:00:00,0,24.24,20.82083333
2023-09-10 05:00:00,0,24.24,20.5375
2023-09-10 06:00:00,0,24.24,19.77583333
2023-09-10 07:00:00,0.07440000000000001,24.31,21.93833333
2023-09-10 08:00:00,0.279,25.1,23.94333333
2023-09-10 09:00:00,0.48360000000000003,27.76,29.88666667
2023-09-10 10:00:00,0.651,29.69,29.42166667
2023-09-10 11:00:00,0.7533000000000001,30.3,28.24833333
2023-09-10 12:00:00,0.8091,30.99,27.78166667
2023-09-10 13:00:00,0.8091,31.68,28.64083333
2023-09-10 14:00:00,0.7626,33.94,31.37833333
2023-09-10 15:00:00,0.6603,34.35,32.16333333
2023-09-10 16:00:00,0.5022000000000001,38.05,31.01
2023-09-10 17:00:00,0.2883,43.44,33.03166667
2023-09-10 18:00:00,0.0837,39.98,33.17583333
2023-09-10 19:00:00,0,38.48,32.2325
2023-09-10 20:00:00,0,35.4,33.67833333
2023-09-10 21:00:00,0,32.03,34.51833333
2023-09-10 22:00:00,0,30.42,32.44583333
2023-09-10 23:00:00,0,28.47,28.03416667
2023-09-11 00:00:00,0,27.55,26.89666667
2023-09-11 01:00:00,0,25.4,22.76916667
2023-09-11 02:00:00,0,24.24,21.61416667
2023-09-11 03:00:00,0,23.03,20.95416667
2023-09-11 04:00:00,0,23.12,23.1475
2023-09-11 05:00:00,0,24.94,30.3625
2023-09-11 06:00:00,0,27.12,33.71785714
2023-09-11 07:00:00,0.0651,28.46,32.13416667
2023-09-11 08:00:00,0.2697,29.73,34.02916667
2023-09-11 09:00:00,0.47430000000000005,30.91,34.58666667
2023-09-11 10:00:00,0.6324000000000001,30.88,35.275
2023-09-11 11:00:00,0.7440000000000001,31.81,42.12857143
2023-09-11 12:00:00,0.7998000000000001,35.89,36.2475
2023-09-11 13:00:00,0.7998000000000001,37.11,39.36916667
2023-09-11 14:00:00,0.7440000000000001,39,50.13916667
2023-09-11 15:00:00,0.6416999999999999,39.27,58.22083333
2023-09-11 16:00:00,0.48360000000000003,43.3,103.0333333
2023-09-11 17:00:00,0.279,50.56,41.60833333
2023-09-11 18:00:00,0.07440000000000001,44.33,38.91166667
2023-09-11 19:00:00,0,43.46,40.37083333
2023-09-11 20:00:00,0,37.3,41.0525
2023-09-11 21:00:00,0,32.69,35.33166667
2023-09-11 22:00:00,0,30.3,33.91916667
2023-09-11 23:00:00,0,27.37,31.47
2023-09-12 00:00:00,0,28.5,26.5975
2023-09-12 01:00:00,0,27.18,27.75083333
2023-09-12 02:00:00,0,24.24,25.0125
2023-09-12 03:00:00,0,24.24,22.60833333
2023-09-12 04:00:00,0,23.65,26.77666667
2023-09-12 05:00:00,0,25.69,28.49166667
2023-09-12 06:00:00,0,29.06,30.22833333
2023-09-12 07:00:00,0.0651,31.1,29.99785714
2023-09-12 08:00:00,0.25110000000000005,31.2,29.29583333
2023-09-12 09:00:00,0.4557,32.39,29.1125
2023-09-12 10:00:00,0.6231000000000001,31.27,30.98294118
2023-09-12 11:00:00,0.7254,31.71,37.155
2023-09-12 12:00:00,0.7812,34.61,31.48
2023-09-12 13:00:00,0.7905,34.77,36.83916667
2023-09-12 14:00:00,0.7347,38.96,37.73
2023-09-12 15:00:00,0.6416999999999999,40.91,49.76352941
2023-09-12 16:00:00,0.48360000000000003,48.6,42.36416667
2023-09-12 17:00:00,0.279,51.32,45.77166667
2023-09-12 18:00:00,0.07440000000000001,47.14,48.65583333
2023-09-12 19:00:00,0,45.91,38.00133333
2023-09-12 20:00:00,0,36.88,37.87416667
2023-09-12 21:00:00,0,33.07,35.20538462
2023-09-12 22:00:00,0,30.38,34.4425
2023-09-12 23:00:00,0,29.65,33.51333333
2023-09-13 00:00:00,0,31.33,34.32833333
2023-09-13 01:00:00,0,28.11,36.1325
2023-09-13 02:00:00,0,25.72,32.19833333
2023-09-13 03:00:00,0,24.73,24.65166667
2023-09-13 04:00:00,0,23.91,24.27166667
2023-09-13 05:00:00,0,25.8,28.88666667
2023-09-13 06:00:00,0,29.64,40.3175
2023-09-13 07:00:00,0.0651,35.14,38.56166667
2023-09-13 08:00:00,0.2604,35.96,36.02785714
2023-09-13 09:00:00,0.4557,36.57,36.67142857
2023-09-13 10:00:00,0.6138,35.12,33.35833333
2023-09-13 11:00:00,0.7254,36.14,41.96428571
2023-09-13 12:00:00,0.7719,36.25,58.35153846
2023-09-13 13:00:00,0.7719,35.96,35.80916667
2023-09-13 14:00:00,0.7254,36.57,35.81
2023-09-13 15:00:00,0.6231000000000001,35.63,35.07214286
2023-09-13 16:00:00,0.47430000000000005,38.87,60.95333333
2023-09-13 17:00:00,0.2697,41.31,94.98
2023-09-13 18:00:00,0.07440000000000001,37.69,48.77916667
2023-09-13 19:00:00,0,37.95,41.69833333
2023-09-13 20:00:00,0,33.52,41.91666667
2023-09-13 21:00:00,0,29.09,35.46333333
2023-09-13 22:00:00,0,27.27,39.31166667
2023-09-13 23:00:00,0,24.96,37.84
2023-09-14 00:00:00,0,26.61,34.97428571
2023-09-14 01:00:00,0,22.74,27.86
2023-09-14 02:00:00,0,21.25,27.48166667
2023-09-14 03:00:00,0,20.78,25.24583333
2023-09-14 04:00:00,0,21.1,25.04083333
2023-09-14 05:00:00,0,22.64,28.12916667
2023-09-14 06:00:00,0,26.15,80.75583333
2023-09-14 07:00:00,0.0651,29.19,54.91166667
2023-09-14 08:00:00,0.2697,28.12,33.805
2023-09-14 09:00:00,0.47430000000000005,27.25,39.25357143
2023-09-14 10:00:00,0.6416999999999999,26.13,18.96583333
2023-09-14 11:00:00,0.7440000000000001,25.81,27.20333333
2023-09-14 12:00:00,0.7998000000000001,25.59,28.65
2023-09-14 13:00:00,0.7998000000000001,26.26,35.27166667
2023-09-14 14:00:00,0.7533000000000001,26.32,32.56166667
2023-09-14 15:00:00,0.651,26.71,38.41583333
2023-09-14 16:00:00,0.48360000000000003,34.05,34.86833333
2023-09-14 17:00:00,0.279,36,38.595
2023-09-14 18:00:00,0.07440000000000001,38.06,35.87166667
2023-09-14 19:00:00,0,36.06,36.1075
2023-09-14 20:00:00,0,31.2,37.1825
2023-09-14 21:00:00,0,27.49,29.615
2023-09-14 22:00:00,0,25.84,24.86666667
2023-09-14 23:00:00,0,23.21,22.52333333
2023-09-15 00:00:00,0,22.06,23.3425
2023-09-15 01:00:00,0,19.47,21.025
2023-09-15 02:00:00,0,18.92,20.57916667
2023-09-15 03:00:00,0,18.51,20.45416667
2023-09-15 04:00:00,0,18.56,18.925
2023-09-15 05:00:00,0,20.9,19.6125
2023-09-15 06:00:00,0,24.21,26.31333333
2023-09-15 07:00:00,0.0651,24.92,25.31916667
2023-09-15 08:00:00,0.2697,24.99,23.79583333
2023-09-15 09:00:00,0.47430000000000005,23.17,36.02416667
2023-09-15 10:00:00,0.6324000000000001,21.41,23.10416667
2023-09-15 11:00:00,0.7347,20.85,22.94083333
2023-09-15 12:00:00,0.7998000000000001,21.02,21.8
2023-09-15 13:00:00,0.8091,22.5,22.38
2023-09-15 14:00:00,0.7533000000000001,23.11,20.41333333
2023-09-15 15:00:00,0.651,24.22,20.21666667
2023-09-15 16:00:00,0.48360000000000003,26.94,19.90416667
2023-09-15 17:00:00,0.279,33.89,21.24333333
2023-09-15 18:00:00,0.0651,32.69,20.35666667
2023-09-15 19:00:00,0,30.83,20.12916667
2023-09-15 20:00:00,0,25.75,22.36916667
2023-09-15 21:00:00,0,24.24,19.76333333
2023-09-15 22:00:00,0,23.16,19.2175
2023-09-15 23:00:00,0,21.23,19.92571429
2023-09-16 00:00:00,0,20.65,23.31166667
2023-09-16 01:00:00,0,18.5,22.15
2023-09-16 02:00:00,0,18.09,17.68666667
2023-09-16 03:00:00,0,18.24,18.3775
2023-09-16 04:00:00,0,17.89,17.05416667
2023-09-16 05:00:00,0,18.6,18.40666667
2023-09-16 06:00:00,0,19.73,20.23333333
2023-09-16 07:00:00,0.0651,20.07,18.04916667
2023-09-16 08:00:00,0.2697,20.52,21.26285714
2023-09-16 09:00:00,0.47430000000000005,21.06,21.6025
2023-09-16 10:00:00,0.6324000000000001,20.65,16.50083333
2023-09-16 11:00:00,0.7347,20.4,16.22833333
2023-09-16 12:00:00,0.7905,20.85,14.66
2023-09-16 13:00:00,0.7905,20.86,11.8775
2023-09-16 14:00:00,0.7347,20.59,13.75333333
2023-09-16 15:00:00,0.6324000000000001,21.53,16.43666667
2023-09-16 16:00:00,0.47430000000000005,25.11,18.16583333
2023-09-16 17:00:00,0.2697,30.32,29.67083333
2023-09-16 18:00:00,0.0651,29.74,34.46583333
2023-09-16 19:00:00,0,28.45,27.62166667
2023-09-16 20:00:00,0,25.45,21.05416667
2023-09-16 21:00:00,0,22.95,17.17583333
2023-09-16 22:00:00,0,21.53,19.91666667
2023-09-16 23:00:00,0,20.6,14.86
2023-09-17 00:00:00,0,18.89,17.2625
2023-09-17 01:00:00,0,17.21,16.55583333
2023-09-17 02:00:00,0,16.21,14.2425
2023-09-17 03:00:00,0,15.1,14.14
2023-09-17 04:00:00,0,15.36,13.005
2023-09-17 05:00:00,0,16.03,14.17333333
2023-09-17 06:00:00,0,17.58,12.36416667
2023-09-17 07:00:00,0.0651,16.86,14.07666667
2023-09-17 08:00:00,0.25110000000000005,17.05,14.43333333
2023-09-17 09:00:00,0.4557,17.55,14.19
2023-09-17 10:00:00,0.6138,17.36,14.42083333
2023-09-17 11:00:00,0.7254,17.55,14.68916667
2023-09-17 12:00:00,0.7812,18.6,12.5925
2023-09-17 13:00:00,0.7812,19.69,15.03333333
2023-09-17 14:00:00,0.7254,21.21,15.13166667
2023-09-17 15:00:00,0.6231000000000001,21.67,18.3175
2023-09-17 16:00:00,0.465,26.63,18.65083333
2023-09-17 17:00:00,0.2604,32.38,22.81916667
2023-09-17 18:00:00,0.0651,32.14,28.02666667
2023-09-17 19:00:00,0,33.64,25.33916667
2023-09-17 20:00:00,0,28.63,26.2425
2023-09-17 21:00:00,0,23.94,27.85066667
2023-09-17 22:00:00,0,22.27,25.0875
2023-09-17 23:00:00,0,20.98,17.78666667
2023-09-18 00:00:00,0,20.39,24.52416667
2023-09-18 01:00:00,0,18.66,20.98083333
2023-09-18 02:00:00,0,17.58,19.01166667
2023-09-18 03:00:00,0,17.49,16.95833333
2023-09-18 04:00:00,0,17.82,17.33666667
2023-09-18 05:00:00,0,19.19,20.6275
2023-09-18 06:00:00,0,24.5,23.6975
2023-09-18 07:00:00,0.0558,26.5,27.54
2023-09-18 08:00:00,0.24180000000000001,28.55,32.44
2023-09-18 09:00:00,0.4464,28.81,35.7175
2023-09-18 10:00:00,0.6045,28.44,34.44916667
2023-09-18 11:00:00,0.7161000000000001,28.94,39.493125
2023-09-18 12:00:00,0.7719,29.04,35.03428571
2023-09-18 13:00:00,0.7812,28.93,35.2
2023-09-18 14:00:00,0.7254,29.11,32.92083333
2023-09-18 15:00:00,0.6324000000000001,30.06,31.42166667
2023-09-18 16:00:00,0.465,31.35,30.92941176
2023-09-18 17:00:00,0.2604,34.4,30.75416667
2023-09-18 18:00:00,0.0558,34.95,34.95882353
2023-09-18 19:00:00,0,33.9,29.6425
2023-09-18 20:00:00,0,30.86,26.21833333
2023-09-18 21:00:00,0,26.23,25.45916667
2023-09-18 22:00:00,0,24.3,23.835
2023-09-18 23:00:00,0,23.02,22.37416667
2023-09-19 00:00:00,0,20.49,22.085
2023-09-19 01:00:00,0,18.23,27.57666667
2023-09-19 02:00:00,0,17.1,17.95666667
2023-09-19 03:00:00,0,15.4,17.85166667
2023-09-19 04:00:00,0,16.17,16.35166667
2023-09-19 05:00:00,0,18.79,18.47333333
2023-09-19 06:00:00,0,26.64,27.62666667
2023-09-19 07:00:00,0.0558,27.78,30.64583333
2023-09-19 08:00:00,0.25110000000000005,27.61,26.18428571
2023-09-19 09:00:00,0.4557,27.56,28.19583333
2023-09-19 10:00:00,0.6045,23.61,26.705
2023-09-19 11:00:00,0.6975,24.03,53.965
2023-09-19 12:00:00,0.7533000000000001,25.54,22.29416667
2023-09-19 13:00:00,0.7533000000000001,24.43,24.6825
2023-09-19 14:00:00,0.7068000000000001,26.31,22.98625
2023-09-19 15:00:00,0.6138,27.44,26.9575
2023-09-19 16:00:00,0.4557,32.21,31.42166667
2023-09-19 17:00:00,0.25110000000000005,39.64,33.08916667
2023-09-19 18:00:00,0.0558,36.63,44.55916667
2023-09-19 19:00:00,0,33.47,25.45583333
2023-09-19 20:00:00,0,29.14,29.40666667
2023-09-19 21:00:00,0,24.82,24.6475
2023-09-19 22:00:00,0,23.22,22.185
2023-09-19 23:00:00,0,21.21,23.51666667
2023-09-20 00:00:00,0,19.59,18.095
2023-09-20 01:00:00,0,17.94,16.58166667
2023-09-20 02:00:00,0,16.33,13.65333333
2023-09-20 03:00:00,0,15.51,14.17416667
2023-09-20 04:00:00,0,16.68,14.08833333
2023-09-20 05:00:00,0,18.98,17.94916667
2023-09-20 06:00:00,0,23.41,26.72
2023-09-20 07:00:00,0.0558,27.65,29.01
2023-09-20 08:00:00,0.2604,25.58,27.195
2023-09-20 09:00:00,0.465,23.52,22.73333333
2023-09-20 10:00:00,0.6324000000000001,22.69,22.02083333
2023-09-20 11:00:00,0.7440000000000001,22.22,43.79428571
2023-09-20 12:00:00,0.7905,22.38,18.17166667
2023-09-20 13:00:00,0.7905,23.03,20.235
2023-09-20 14:00:00,0.7347,25.64,22.2625
2023-09-20 15:00:00,0.6324000000000001,26.31,36.74
2023-09-20 16:00:00,0.465,29.16,28.58083333
2023-09-20 17:00:00,0.25110000000000005,33.77,34.37666667
2023-09-20 18:00:00,0.0558,34.31,54.2325
2023-09-20 19:00:00,0,33.69,29.47916667
2023-09-20 20:00:00,0,30,29.875
2023-09-20 21:00:00,0,24.94,28.68333333
2023-09-20 22:00:00,0,22.9,25.68333333
2023-09-20 23:00:00,0,20.91,26.18916667
2023-09-21 00:00:00,0,18.18,23.75166667
2023-09-21 01:00:00,0,16.91,20.74
2023-09-21 02:00:00,0,15.74,16.15583333
2023-09-21 03:00:00,0,15.3,15.63083333
2023-09-21 04:00:00,0,15.5,17.29916667
2023-09-21 05:00:00,0,18.68,20.13166667
2023-09-21 06:00:00,0,25.06,31.5625
2023-09-21 07:00:00,0.04650000000000001,27.44,47.98583333
2023-09-21 08:00:00,0.2232,24.78,26.91916667
2023-09-21 09:00:00,0.3906,25.31,20.97666667
2023-09-21 10:00:00,0.5301,21.68,23.12416667
2023-09-21 11:00:00,0.6416999999999999,21.53,23.12833333
2023-09-21 12:00:00,0.7068000000000001,21.89,23.14
2023-09-21 13:00:00,0.7347,23.04,21.48833333
2023-09-21 14:00:00,0.6975,25.31,23.06916667
2023-09-21 15:00:00,0.6045,25.82,22.47416667
2023-09-21 16:00:00,0.4464,28.53,26.35
2023-09-21 17:00:00,0.24180000000000001,33.74,40.5175
2023-09-21 18:00:00,0.04650000000000001,34.37,38.2975
2023-09-21 19:00:00,0,33.91,34.58166667
2023-09-21 20:00:00,0,29.91,34.23666667
2023-09-21 21:00:00,0,25.44,27.64916667
2023-09-21 22:00:00,0,22.46,23.5475
2023-09-21 23:00:00,0,20.95,23.94
2023-09-22 00:00:00,0,18.61,18.97333333
2023-09-22 01:00:00,0,17.32,18.34916667
2023-09-22 02:00:00,0,15.37,17.22916667
2023-09-22 03:00:00,0,15.1,16.8225
2023-09-22 04:00:00,0,15.12,19.30071429
2023-09-22 05:00:00,0,16.81,18.65333333
2023-09-22 06:00:00,0,24.66,29.62083333
2023-09-22 07:00:00,0.0558,27.03,32.02333333
2023-09-22 08:00:00,0.24180000000000001,25.62,31.7525
2023-09-22 09:00:00,0.4371,23.22,25.94416667
2023-09-22 10:00:00,0.5673,22.34,25.00083333
2023-09-22 11:00:00,0.6696,21.78,22.32416667
2023-09-22 12:00:00,0.7254,21.24,24.41416667
2023-09-22 13:00:00,0.7440000000000001,21.85,25.51916667
2023-09-22 14:00:00,0.7068000000000001,22.55,25.83357143
2023-09-22 15:00:00,0.6045,23.53,23.9675
2023-09-22 16:00:00,0.4464,28,23.79928571
2023-09-22 17:00:00,0.24180000000000001,31.12,26.33833333
2023-09-22 18:00:00,0.04650000000000001,31.09,26.315
2023-09-22 19:00:00,0,29.5,26.28583333
2023-09-22 20:00:00,0,26.92,29.67166667
2023-09-22 21:00:00,0,23.26,25.04
2023-09-22 22:00:00,0,21.44,22.72416667
2023-09-22 23:00:00,0,20.37,21.26166667
2023-09-23 00:00:00,0,20.6,19.96333333
2023-09-23 01:00:00,0,18.05,17.65416667
2023-09-23 02:00:00,0,17.73,15.96333333
2023-09-23 03:00:00,0,15.62,15.97083333
2023-09-23 04:00:00,0,16.64,16.3175
2023-09-23 05:00:00,0,18.15,16.74785714
2023-09-23 06:00:00,0,19.02,16.00666667
2023-09-23 07:00:00,0.0558,20.24,19.89
2023-09-23 08:00:00,0.2697,22.66,24.455
2023-09-23 09:00:00,0.48360000000000003,23.55,26.0675
2023-09-23 10:00:00,0.6416999999999999,22.54,27.23166667
2023-09-23 11:00:00,0.7440000000000001,21.76,27.8125
2023-09-23 12:00:00,0.7905,22.14,25.83833333
2023-09-23 13:00:00,0.7905,22.06,26.78583333
2023-09-23 14:00:00,0.7347,21.94,27.86916667
2023-09-23 15:00:00,0.6231000000000001,22.05,28.34928571
2023-09-23 16:00:00,0.4557,24.47,28.8625
2023-09-23 17:00:00,0.24180000000000001,26.92,27.2075
2023-09-23 18:00:00,0.04650000000000001,28.3,27.49666667
2023-09-23 19:00:00,0,28.61,30.01416667
2023-09-23 20:00:00,0,24.59,27.28333333
2023-09-23 21:00:00,0,22.68,23.41833333
2023-09-23 22:00:00,0,21.44,20.30833333
2023-09-23 23:00:00,0,18.6,19.495
2023-09-24 00:00:00,0,16.98,20.9975
2023-09-24 01:00:00,0,16.14,17.08
2023-09-24 02:00:00,0,14.42,14.2975
2023-09-24 03:00:00,0,14.14,14.28916667
2023-09-24 04:00:00,0,14.04,12.4975
2023-09-24 05:00:00,0,14.39,13.14833333
2023-09-24 06:00:00,0,14.05,14.85666667
2023-09-24 07:00:00,0.0558,15.64,13.79333333
2023-09-24 08:00:00,0.2604,18.17,19.12416667
2023-09-24 09:00:00,0.47430000000000005,21.3,20.6075
2023-09-24 10:00:00,0.6324000000000001,21.21,24.69666667
2023-09-24 11:00:00,0.7347,20.76,23.875
2023-09-24 12:00:00,0.7812,21.09,27.895
2023-09-24 13:00:00,0.7812,21.02,28.90583333
2023-09-24 14:00:00,0.7254,21.21,28.2125
2023-09-24 15:00:00,0.6138,21.21,28.19333333
2023-09-24 16:00:00,0.4557,22.78,27.53916667
2023-09-24 17:00:00,0.24180000000000001,26.25,31.19916667
2023-09-24 18:00:00,0.04650000000000001,28.12,33.43
2023-09-24 19:00:00,0,30.37,32.41333333
2023-09-24 20:00:00,0,25.92,31.87083333
2023-09-24 21:00:00,0,23.51,31.01083333
2023-09-24 22:00:00,0,21.14,24.12166667
2023-09-24 23:00:00,0,18.36,25.09083333
2023-09-25 00:00:00,0,18.73,20.57
2023-09-25 01:00:00,0,16.74,20.5225
2023-09-25 02:00:00,0,14.87,18.535
2023-09-25 03:00:00,0,14.31,17.475
2023-09-25 04:00:00,0,15.12,18.27333333
2023-09-25 05:00:00,0,18.17,18.23666667
2023-09-25 06:00:00,0,24.02,20.84916667
2023-09-25 07:00:00,0.0558,26.87,79.86
2023-09-25 08:00:00,0.2604,28.34,30.51166667
2023-09-25 09:00:00,0.47430000000000005,28.82,33.08666667
2023-09-25 10:00:00,0.6231000000000001,27.79,32.96916667
2023-09-25 11:00:00,0.7254,27.41,33.15916667
2023-09-25 12:00:00,0.7719,26.39,31.8975
2023-09-25 13:00:00,0.7626,26.24,30.98416667
2023-09-25 14:00:00,0.7161000000000001,26.38,29.785
2023-09-25 15:00:00,0.6045,27.65,27.09
2023-09-25 16:00:00,0.4464,30.01,30.105
2023-09-25 17:00:00,0.2325,32.96,27.19416667
2023-09-25 18:00:00,0.04650000000000001,35.57,35.05166667
2023-09-25 19:00:00,0,36.41,28.83416667
2023-09-25 20:00:00,0,30.28,30.57416667
2023-09-25 21:00:00,0,27.32,24.2175
2023-09-25 22:00:00,0,23.24,23.67916667
2023-09-25 23:00:00,0,21.32,29.5625
2023-09-26 00:00:00,0,20.28,21.615
2023-09-26 01:00:00,0,18.36,20.27916667
2023-09-26 02:00:00,0,15.54,18.0775
2023-09-26 03:00:00,0,15.5,17
2023-09-26 04:00:00,0,15.63,18.01
2023-09-26 05:00:00,0,19.8,20.3025
2023-09-26 06:00:00,0,28.13,25.50333333
2023-09-26 07:00:00,0.0558,30.03,27.5675
2023-09-26 08:00:00,0.25110000000000005,30.15,31.79916667
2023-09-26 09:00:00,0.4557,28.68,27.34083333
2023-09-26 10:00:00,0.6138,27.08,24.02
2023-09-26 11:00:00,0.7068000000000001,26.6,22.6675
2023-09-26 12:00:00,0.7533000000000001,25.64,23.31083333
2023-09-26 13:00:00,0.7533000000000001,25.5,22.72583333
2023-09-26 14:00:00,0.6975,24.74,22.39714286
2023-09-26 15:00:00,0.5952000000000001,25.04,27.145
2023-09-26 16:00:00,0.4278,26.8,20.60583333
2023-09-26 17:00:00,0.2232,32.09,23.6475
2023-09-26 18:00:00,0.037200000000000004,30.82,26.7225
2023-09-26 19:00:00,0,32.6,27.13583333
2023-09-26 20:00:00,0,29.03,28.66666667
2023-09-26 21:00:00,0,24.79,25.74666667
2023-09-26 22:00:00,0,23.23,25.3375
2023-09-26 23:00:00,0,20.89,23.1175
2023-09-27 00:00:00,0,20.91,23.14
2023-09-27 01:00:00,0,19.86,19.5175
2023-09-27 02:00:00,0,18.81,18.70166667
2023-09-27 03:00:00,0,18.24,19.61
2023-09-27 04:00:00,0,18.74,20.1275
2023-09-27 05:00:00,0,21.26,19.27666667
2023-09-27 06:00:00,0,30.22,27.06583333
2023-09-27 07:00:00,0.0558,33.59,36.71583333
2023-09-27 08:00:00,0.25110000000000005,31.77,29.48
2023-09-27 09:00:00,0.4557,29.06,26.93333333
2023-09-27 10:00:00,0.6045,27.45,23.85166667
2023-09-27 11:00:00,0.7068000000000001,24.55,25.12416667
2023-09-27 12:00:00,0.7440000000000001,23.44,25.88214286
2023-09-27 13:00:00,0.7347,23.83,34.77
2023-09-27 14:00:00,0.6789000000000001,24.04,21.04333333
2023-09-27 15:00:00,0.5766,25.99,20.7775
2023-09-27 16:00:00,0.41850000000000004,30.14,22.435
2023-09-27 17:00:00,0.2139,32.53,26.655
2023-09-27 18:00:00,0.037200000000000004,34.79,28.45166667
2023-09-27 19:00:00,0,35.82,31.925
2023-09-27 20:00:00,0,31.52,30.51416667
2023-09-27 21:00:00,0,28.11,23.71833333
2023-09-27 22:00:00,0,24.85,23.05916667
2023-09-27 23:00:00,0,22.46,20.6625
2023-09-28 00:00:00,0,22.12,16.95214286
2023-09-28 01:00:00,0,19.8,17.64916667
2023-09-28 02:00:00,0,18.19,16.12916667
2023-09-28 03:00:00,0,18.18,15.13166667
2023-09-28 04:00:00,0,18.33,17.13416667
2023-09-28 05:00:00,0,21.03,18.13833333
2023-09-28 06:00:00,0,29.66,21.26916667
2023-09-28 07:00:00,0.037200000000000004,31.96,25.205
2023-09-28 08:00:00,0.17670000000000002,31.61,23.13083333
2023-09-28 09:00:00,0.35340000000000005,28.61,21.28083333
2023-09-28 10:00:00,0.49290000000000006,26.55,23.12
2023-09-28 11:00:00,0.5673,25.94,23.27
2023-09-28 12:00:00,0.6231000000000001,25.74,24.42083333
2023-09-28 13:00:00,0.6231000000000001,26.2,24.44583333
2023-09-28 14:00:00,0.558,26.44,23.845
2023-09-28 15:00:00,0.4557,27.28,25.4275
2023-09-28 16:00:00,0.29760000000000003,30.24,27.18916667
2023-09-28 17:00:00,0.14880000000000002,34.37,26.155
2023-09-28 18:00:00,0.0279,34.46,32.72166667
2023-09-28 19:00:00,0,36.52,38.73833333
2023-09-28 20:00:00,0,31.34,30.2075
2023-09-28 21:00:00,0,26.71,27.2225
2023-09-28 22:00:00,0,23.77,25.75166667
2023-09-28 23:00:00,0,22.36,23
2023-09-29 00:00:00,0,22.32,17.5475
2023-09-29 01:00:00,0,20.16,21.2675
2023-09-29 02:00:00,0,19.07,21.02083333
2023-09-29 03:00:00,0,18.74,16.49916667
2023-09-29 04:00:00,0,19.41,16.46333333
2023-09-29 05:00:00,0,22.98,17.155
2023-09-29 06:00:00,0,31.57,20.49833333
2023-09-29 07:00:00,0.037200000000000004,34.64,42.13333333
2023-09-29 08:00:00,0.2046,34.31,29.68785714
2023-09-29 09:00:00,0.3906,34.25,43.6175
2023-09-29 10:00:00,0.5115000000000001,32.81,36.92083333
2023-09-29 11:00:00,0.5952000000000001,32.31,32.39333333
2023-09-29 12:00:00,0.6416999999999999,31.81,30.17785714
2023-09-29 13:00:00,0.6416999999999999,31.56,29.78833333
2023-09-29 14:00:00,0.558,31.48,28.82166667
2023-09-29 15:00:00,0.4557,31.82,27.8125
2023-09-29 16:00:00,0.29760000000000003,34.22,29.6925
2023-09-29 17:00:00,0.14880000000000002,35.05,29.67666667
2023-09-29 18:00:00,0.0279,35.21,32.15
2023-09-29 19:00:00,0,35.88,29.08666667
2023-09-29 20:00:00,0,31.64,27.85833333
2023-09-29 21:00:00,0,29.69,26.48166667
2023-09-29 22:00:00,0,28.3,27.22833333
2023-09-29 23:00:00,0,26.42,26.79416667
2023-09-30 00:00:00,0,23.8,26.165
2023-09-30 01:00:00,0,21.98,23.85833333
2023-09-30 02:00:00,0,20.19,22.185
2023-09-30 03:00:00,0,19.48,18.77583333
2023-09-30 04:00:00,0,19.7,18.72
2023-09-30 05:00:00,0,20.71,19.85666667
2023-09-30 06:00:00,0,23.69,18.57666667
2023-09-30 07:00:00,0.037200000000000004,23.12,22.585
2023-09-30 08:00:00,0.17670000000000002,25.1,26.86666667
2023-09-30 09:00:00,0.3441,26.49,28.89916667
2023-09-30 10:00:00,0.4557,25.73,25.23583333
2023-09-30 11:00:00,0.5394,25.13,24.14583333
2023-09-30 12:00:00,0.5673,25.02,23.67
2023-09-30 13:00:00,0.558,25.29,19.58916667
2023-09-30 14:00:00,0.48360000000000003,25.78,20.0775
2023-09-30 15:00:00,0.3906,24.6,20.7575
2023-09-30 16:00:00,0.2697,26.77,24.92083333
2023-09-30 17:00:00,0.1395,27.84,29.50333333
2023-09-30 18:00:00,0.018600000000000002,31.39,29.51916667
2023-09-30 19:00:00,0,31.66,32.93166667
2023-09-30 20:00:00,0,27.27,32.42
2023-09-30 21:00:00,0,25.32,26.8125
2023-09-30 22:00:00,0,24.17,21.44416667
2023-09-30 23:00:00,0,22.06,24.64166667
2023-10-01 00:00:00,0,23.54,23.5975
2023-10-01 01:00:00,0,22.6,22.65916667
2023-10-01 02:00:00,0,19.98,17.40416667
2023-10-01 03:00:00,0,19.78,18.07666667
2023-10-01 04:00:00,0,18.51,16.01083333
2023-10-01 05:00:00,0,18.87,16.59666667
2023-10-01 06:00:00,0,19.29,20.60916667
2023-10-01 07:00:00,0.037200000000000004,19.49,20.71416667
2023-10-01 08:00:00,0.1953,20.22,19.32833333
2023-10-01 09:00:00,0.35340000000000005,21.98,20.215
2023-10-01 10:00:00,0.465,21.21,15.88166667
2023-10-01 11:00:00,0.5394,21.21,18.03833333
2023-10-01 12:00:00,0.5673,21.21,18.44583333
2023-10-01 13:00:00,0.5487,22.79,19.22416667
2023-10-01 14:00:00,0.465,23.4,20.8975
2023-10-01 15:00:00,0.3813,25.28,22.90166667
2023-10-01 16:00:00,0.2697,27.91,24.06583333
2023-10-01 17:00:00,0.1395,34.93,30.0325
2023-10-01 18:00:00,0.018600000000000002,36.5,34.41666667
2023-10-01 19:00:00,0,37.27,33.205
2023-10-01 20:00:00,0,28.76,30.30083333
2023-10-01 21:00:00,0,27.72,25.0675
2023-10-01 22:00:00,0,24.81,23.6175
2023-10-01 23:00:00,0,22.95,23.21166667
2023-10-02 00:00:00,0,25.19,18.81833333
2023-10-02 01:00:00,0,22.49,16.715
2023-10-02 02:00:00,0,20,19.01583333
2023-10-02 03:00:00,0,19.38,18.61583333
2023-10-02 04:00:00,0,19.46,17.33833333
2023-10-02 05:00:00,0,21.8,15.84666667
2023-10-02 06:00:00,0,27.61,22.49
2023-10-02 07:00:00,0.0279,31.24,21.975
2023-10-02 08:00:00,0.14880000000000002,28.29,41.72666667
2023-10-02 09:00:00,0.2604,27.95,16.905
2023-10-02 10:00:00,0.3627,26.49,25.18916667
2023-10-02 11:00:00,0.4371,27.27,23.55142857
2023-10-02 12:00:00,0.5301,27.89,24.9225
2023-10-02 13:00:00,0.5208,29.22,24.46466667
2023-10-02 14:00:00,0.465,30.58,24.95
2023-10-02 15:00:00,0.41850000000000004,32.37,30.22416667
2023-10-02 16:00:00,0.29760000000000003,34.92,36.62916667
2023-10-02 17:00:00,0.1674,42.12,39.9325
2023-10-02 18:00:00,0.018600000000000002,44.58,35.27333333
2023-10-02 19:00:00,0,42.04,32.18583333
2023-10-02 20:00:00,0,33.79,33.78333333
2023-10-02 21:00:00,0,29.68,21.57666667
2023-10-02 22:00:00,0,26.91,17.395
2023-10-02 23:00:00,0,24.46,17.15833333
2023-10-03 00:00:00,0,22.74,17.90583333
2023-10-03 01:00:00,0,20.39,16.37083333
2023-10-03 02:00:00,0,19.17,16.64083333
2023-10-03 03:00:00,0,18.46,16.78083333
2023-10-03 04:00:00,0,18.42,16.4225
2023-10-03 05:00:00,0,19.63,15.07583333
2023-10-03 06:00:00,0,25.61,19.77857143
2023-10-03 07:00:00,0.0279,28.46,19.14166667
2023-10-03 08:00:00,0.17670000000000002,27.69,18.05083333
2023-10-03 09:00:00,0.3441,27.4,17.785
2023-10-03 10:00:00,0.5115000000000001,26.04,23.05583333
2023-10-03 11:00:00,0.6416999999999999,27.41,22.87666667
2023-10-03 12:00:00,0.6975,29.06,31.45066667
2023-10-03 13:00:00,0.6975,31.33,25.36166667
2023-10-03 14:00:00,0.6231000000000001,34.09,29.68428571
2023-10-03 15:00:00,0.5301,38.99,32.46833333
2023-10-03 16:00:00,0.37200000000000005,42.75,35.27066667
2023-10-03 17:00:00,0.17670000000000002,53.56,38.97583333
2023-10-03 18:00:00,0.018600000000000002,54.3,27.15583333
2023-10-03 19:00:00,0,47.62,28.20666667
2023-10-03 20:00:00,0,36.9,28.58916667
2023-10-03 21:00:00,0,32.09,23.73083333
2023-10-03 22:00:00,0,27.12,19.41
2023-10-03 23:00:00,0,26.03,16.65333333
2023-10-04 00:00:00,0,22.64,20.8575
2023-10-04 01:00:00,0,21.13,20.17583333
2023-10-04 02:00:00,0,19.67,19.87083333
2023-10-04 03:00:00,0,18.87,18.9175
2023-10-04 04:00:00,0,19.27,18.57916667
2023-10-04 05:00:00,0,20.9,19.075
2023-10-04 06:00:00,0,28.52,21.5125
2023-10-04 07:00:00,0.0279,31.95,25.99416667
2023-10-04 08:00:00,0.1674,32.34,27.3175
2023-10-04 09:00:00,0.3069,30.33,25.375
2023-10-04 10:00:00,0.39990000000000003,32.44,28.72333333
2023-10-04 11:00:00,0.4557,32.68,60.0275
2023-10-04 12:00:00,0.4371,33.46,39.25411765
2023-10-04 13:00:00,0.4092,36.3,44.48083333
2023-10-04 14:00:00,0.3813,38.38,54.97571429
2023-10-04 15:00:00,0.3348,41.61,48.72416667
2023-10-04 16:00:00,0.25110000000000005,46.69,122.0807143
2023-10-04 17:00:00,0.1302,58.14,73.88416667
2023-10-04 18:00:00,0.018600000000000002,57,39.7875
2023-10-04 19:00:00,0,46.29,44.99666667
2023-10-04 20:00:00,0,36.81,45.59083333
2023-10-04 21:00:00,0,31.7,31.89333333
2023-10-04 22:00:00,0,27.3,27.05285714
2023-10-04 23:00:00,0,24.56,25.97666667
2023-10-05 00:00:00,0,22.79,22.65833333
2023-10-05 01:00:00,0,20.32,22.815
2023-10-05 02:00:00,0,19.63,20.1925
2023-10-05 03:00:00,0,18.13,19.70166667
2023-10-05 04:00:00,0,18.59,18.7525
2023-10-05 05:00:00,0,19.97,20.95583333
2023-10-05 06:00:00,0,25.99,28.20333333
2023-10-05 07:00:00,0.037200000000000004,30,31.57583333
2023-10-05 08:00:00,0.2139,29.99,27.90416667
2023-10-05 09:00:00,0.39990000000000003,28.6,27.80166667
2023-10-05 10:00:00,0.48360000000000003,28.18,26.64666667
2023-10-05 11:00:00,0.5208,28.09,28.1
2023-10-05 12:00:00,0.5301,29.94,35.07375
2023-10-05 13:00:00,0.49290000000000006,30,83.62785714
2023-10-05 14:00:00,0.4464,31.12,37.21
2023-10-05 15:00:00,0.3813,33.08,54.205
2023-10-05 16:00:00,0.279,34.24,40.865
2023-10-05 17:00:00,0.1302,45,85.8
2023-10-05 18:00:00,0.018600000000000002,40.95,50.85833333
2023-10-05 19:00:00,0,38.05,36.79666667
2023-10-05 20:00:00,0,30.84,34.36
2023-10-05 21:00:00,0,27.03,29.2225
2023-10-05 22:00:00,0,25.36,25.86083333
2023-10-05 23:00:00,0,22.48,29.9475
2023-10-06 00:00:00,0,21.85,26.375
2023-10-06 01:00:00,0,19.68,24.91166667
2023-10-06 02:00:00,0,18.69,21.17166667
2023-10-06 03:00:00,0,17.77,19.95416667
2023-10-06 04:00:00,0,17.8,20.06583333
2023-10-06 05:00:00,0,20.3,24.18166667
2023-10-06 06:00:00,0,26.57,27.95333333
2023-10-06 07:00:00,0.0279,30.82,36.43166667
2023-10-06 08:00:00,0.14880000000000002,32.06,36.17583333
2023-10-06 09:00:00,0.279,31.69,38.13916667
2023-10-06 10:00:00,0.3813,32.6,37.55916667
2023-10-06 11:00:00,0.4371,33.64,65.985
2023-10-06 12:00:00,0.465,31.99,37.61416667
2023-10-06 13:00:00,0.4371,33.3,39.96833333
2023-10-06 14:00:00,0.3813,32.83,45.1275
2023-10-06 15:00:00,0.3255,34.09,41.67
2023-10-06 16:00:00,0.24180000000000001,34.09,42.705
2023-10-06 17:00:00,0.1395,40.09,37.51
2023-10-06 18:00:00,0.009300000000000001,38.53,39.87
2023-10-06 19:00:00,0,37.3,37.84416667
2023-10-06 20:00:00,0,31.16,40.22
2023-10-06 21:00:00,0,27.05,32.08333333
2023-10-06 22:00:00,0,24.98,37.59
2023-10-06 23:00:00,0,22.79,36.53666667
2023-10-07 00:00:00,0,23.91,33.9975
2023-10-07 01:00:00,0,21.96,32.71083333
2023-10-07 02:00:00,0,20.37,29.21416667
2023-10-07 03:00:00,0,19.16,22.64166667
2023-10-07 04:00:00,0,19.26,17.67666667
2023-10-07 05:00:00,0,19.68,20.53166667
2023-10-07 06:00:00,0,22.7,20.10583333
2023-10-07 07:00:00,0.037200000000000004,24.55,21.74416667
2023-10-07 08:00:00,0.2325,28.41,26.45333333
2023-10-07 09:00:00,0.4371,28.59,35.00083333
2023-10-07 10:00:00,0.5952000000000001,29.62,32.21166667
2023-10-07 11:00:00,0.651,29.78,40.72666667
2023-10-07 12:00:00,0.6975,28.81,30.05083333
2023-10-07 13:00:00,0.6882,28.68,28.21916667
2023-10-07 14:00:00,0.6324000000000001,28.28,26.9925
2023-10-07 15:00:00,0.5394,28.28,27.45166667
2023-10-07 16:00:00,0.3813,29.55,27.15
2023-10-07 17:00:00,0.18600000000000003,31.84,25.75333333
2023-10-07 18:00:00,0.018600000000000002,35.35,24.18166667
2023-10-07 19:00:00,0,35,23.8775
2023-10-07 20:00:00,0,29.38,26.47083333
2023-10-07 21:00:00,0,25.7,22.65615385
2023-10-07 22:00:00,0,23.21,17.55461538
2023-10-07 23:00:00,0,20.5,17.56666667
2023-10-08 00:00:00,0,17.6,12.6475
2023-10-08 01:00:00,0,16.16,11.055
2023-10-08 02:00:00,0,15.1,9.545
2023-10-08 03:00:00,0,14.9,12.66583333
2023-10-08 04:00:00,0,15.16,8.836666667
2023-10-08 05:00:00,0,15.71,6.871666667
2023-10-08 06:00:00,0,19.2,12.8825
2023-10-08 07:00:00,0.04650000000000001,20.71,14.47416667
2023-10-08 08:00:00,0.24180000000000001,21.21,13.2875
2023-10-08 09:00:00,0.465,20.47,10.24916667
2023-10-08 10:00:00,0.6231000000000001,20.84,9.061666667
2023-10-08 11:00:00,0.7254,19.89,10.46166667
2023-10-08 12:00:00,0.7719,19.5,11.45333333
2023-10-08 13:00:00,0.7626,19.43,11.6275
2023-10-08 14:00:00,0.6882,19.91,5.295833333
2023-10-08 15:00:00,0.5859000000000001,21.03,8.5325
2023-10-08 16:00:00,0.4092,23.07,14.698125
2023-10-08 17:00:00,0.18600000000000003,29.73,15.20666667
2023-10-08 18:00:00,0.018600000000000002,34.99,19.37642857
2023-10-08 19:00:00,0,36.48,20.9375
2023-10-08 20:00:00,0,29.49,27.22416667
2023-10-08 21:00:00,0,24.03,18.98666667
2023-10-08 22:00:00,0,20.29,14.33
2023-10-08 23:00:00,0,18.04,9.4
2023-10-09 00:00:00,0,16.11,8.6675
2023-10-09 01:00:00,0,14.69,11.07916667
2023-10-09 02:00:00,0,13.74,8.468333333
2023-10-09 03:00:00,0,13.74,9.248333333
2023-10-09 04:00:00,0,15.04,7.8375
2023-10-09 05:00:00,0,16.17,11.52333333
2023-10-09 06:00:00,0,25.05,14.59083333
2023-10-09 07:00:00,0.037200000000000004,30.08,45.68833333
2023-10-09 08:00:00,0.24180000000000001,28.91,15.765
2023-10-09 09:00:00,0.4557,25.35,14.45083333
2023-10-09 10:00:00,0.6231000000000001,25,15.45125
2023-10-09 11:00:00,0.7254,23.47,14.06666667
2023-10-09 12:00:00,0.7719,21.21,15.43666667
2023-10-09 13:00:00,0.7626,21.21,18.65916667
2023-10-09 14:00:00,0.6975,21.21,18.76083333
2023-10-09 15:00:00,0.5766,23.32,22.2425
2023-10-09 16:00:00,0.39990000000000003,25.71,24.51285714
2023-10-09 17:00:00,0.17670000000000002,33.21,27.39333333
2023-10-09 18:00:00,0.018600000000000002,40.8,137.5341667
2023-10-09 19:00:00,0,40.27,39.065
2023-10-09 20:00:00,0,29.72,32.86416667
2023-10-09 21:00:00,0,25.16,25.0175
2023-10-09 22:00:00,0,21.33,22.87583333
2023-10-09 23:00:00,0,18.57,21.48666667
2023-10-10 00:00:00,0,18.1,22.8075
2023-10-10 01:00:00,0,16.62,23.08916667
2023-10-10 02:00:00,0,15.44,19.06166667
2023-10-10 03:00:00,0,15.15,19.2525
2023-10-10 04:00:00,0,15.61,18.6875
2023-10-10 05:00:00,0,17.42,18.54416667
2023-10-10 06:00:00,0,26.45,29.38416667
2023-10-10 07:00:00,0.037200000000000004,33.09,341.9933333
2023-10-10 08:00:00,0.2325,47.22,36.9025
2023-10-10 09:00:00,0.4557,25.98,86.50642857
2023-10-10 10:00:00,0.6138,26.46,38.6725
2023-10-10 11:00:00,0.7161000000000001,26.43,34.6275
2023-10-10 12:00:00,0.7626,25.82,42.47666667
2023-10-10 13:00:00,0.7533000000000001,25.38,31.3525
2023-10-10 14:00:00,0.6882,24.87,30.40583333
2023-10-10 15:00:00,0.5673,25.1,29.24583333
2023-10-10 16:00:00,0.3906,26.48,50.5275
2023-10-10 17:00:00,0.17670000000000002,41.57,39.36166667
2023-10-10 18:00:00,0.018600000000000002,39.28,42.395
2023-10-10 19:00:00,0,41.11,48.37083333
2023-10-10 20:00:00,0,30,34.13333333
2023-10-10 21:00:00,0,26.4,30.33166667
2023-10-10 22:00:00,0,23.27,27.40583333
2023-10-10 23:00:00,0,20.49,23.78083333
2023-10-11 00:00:00,0,19.02,24.34916667
2023-10-11 01:00:00,0,17.16,22.05166667
2023-10-11 02:00:00,0,15.98,20.35583333
2023-10-11 03:00:00,0,15.58,16.8925
2023-10-11 04:00:00,0,16.74,18.25166667
2023-10-11 05:00:00,0,19.09,25.47416667
2023-10-11 06:00:00,0,31.72,34.1725
2023-10-11 07:00:00,0.037200000000000004,39.9,46.43
2023-10-11 08:00:00,0.2325,33.54,35.64333333
2023-10-11 09:00:00,0.4371,27.65,36.17
2023-10-11 10:00:00,0.5952000000000001,27.84,29.99083333
2023-10-11 11:00:00,0.6975,27.6,28.73
2023-10-11 12:00:00,0.7440000000000001,26,26.3625
2023-10-11 13:00:00,0.7347,26,28.28642857
2023-10-11 14:00:00,0.6696,25.18,25.22071429
2023-10-11 15:00:00,0.558,26.16,25.99333333
2023-10-11 16:00:00,0.3906,27.41,32.164
2023-10-11 17:00:00,0.1674,37.05,32.29166667
2023-10-11 18:00:00,0.009300000000000001,46.91,41.17083333
2023-10-11 19:00:00,0,45.45,38.35
2023-10-11 20:00:00,0,30.33,29.4925
2023-10-11 21:00:00,0,27,25.11166667
2023-10-11 22:00:00,0,23.08,22.7
2023-10-11 23:00:00,0,20.72,21.4575
2023-10-12 00:00:00,0,22.63,19.74333333
2023-10-12 01:00:00,0,19.63,19.08083333
2023-10-12 02:00:00,0,18.91,18.3625
2023-10-12 03:00:00,0,18.43,17.8875
2023-10-12 04:00:00,0,19.77,17.92916667
2023-10-12 05:00:00,0,22.6,18.91
2023-10-12 06:00:00,0,34.01,23.805
2023-10-12 07:00:00,0.037200000000000004,39.83,29.5525
2023-10-12 08:00:00,0.2139,34.13,29.11857143
2023-10-12 09:00:00,0.41850000000000004,26.2,26.83583333
2023-10-12 10:00:00,0.6045,24.24,21.39583333
2023-10-12 11:00:00,0.7068000000000001,24.24,21.79416667
2023-10-12 12:00:00,0.7533000000000001,23.86,21.08916667
2023-10-12 13:00:00,0.7440000000000001,24.24,25.96
2023-10-12 14:00:00,0.6696,24.75,24.19416667
2023-10-12 15:00:00,0.558,26.21,34.01928571
2023-10-12 16:00:00,0.3813,30.18,30.98083333
2023-10-12 17:00:00,0.1674,39.21,27.04833333
2023-10-12 18:00:00,0.009300000000000001,48.96,30.56333333
2023-10-12 19:00:00,0,44.97,28.40416667
2023-10-12 20:00:00,0,33,23.645
2023-10-12 21:00:00,0,29.7,26.64
2023-10-12 22:00:00,0,25.29,28.6625
2023-10-12 23:00:00,0,22.73,23.71083333
2023-10-13 00:00:00,0,21.18,21.10083333
2023-10-13 01:00:00,0,19.67,20.51833333
2023-10-13 02:00:00,0,18.37,19.63583333
2023-10-13 03:00:00,0,18.18,19.39333333
2023-10-13 04:00:00,0,18.9,18.41857143
2023-10-13 05:00:00,0,21.24,20.71916667
2023-10-13 06:00:00,0,31.24,25.75916667
2023-10-13 07:00:00,0.037200000000000004,37.06,44.8725
2023-10-13 08:00:00,0.2232,32.49,30.42166667
2023-10-13 09:00:00,0.4371,26.17,23.615
2023-10-13 10:00:00,0.5952000000000001,24.65,22.86666667
2023-10-13 11:00:00,0.6975,23.47,24.98333333
2023-10-13 12:00:00,0.7440000000000001,23.23,24.72666667
2023-10-13 13:00:00,0.7347,23.34,25.19666667
2023-10-13 14:00:00,0.6696,23.75,22.87916667
2023-10-13 15:00:00,0.558,24.86,23.48333333
2023-10-13 16:00:00,0.3813,28.4,31.87583333
2023-10-13 17:00:00,0.1674,35.29,33.83583333
2023-10-13 18:00:00,0.009300000000000001,42.29,37.5675
2023-10-13 19:00:00,0,38.79,37.01583333
2023-10-13 20:00:00,0,31.65,33.11
2023-10-13 21:00:00,0,28.26,32.20416667
2023-10-13 22:00:00,0,24.77,27.02666667
2023-10-13 23:00:00,0,22.24,21.83083333
2023-10-14 00:00:00,0,19.25,24.79416667
2023-10-14 01:00:00,0,17.17,23.10833333
2023-10-14 02:00:00,0,17.15,22.38583333
2023-10-14 03:00:00,0,16.2,18.51166667
2023-10-14 04:00:00,0,16.22,20.86916667
2023-10-14 05:00:00,0,17.16,20.44583333
2023-10-14 06:00:00,0,19.75,20.54833333
2023-10-14 07:00:00,0.0279,21.89,28.1125
2023-10-14 08:00:00,0.18600000000000003,21.93,29.90333333
2023-10-14 09:00:00,0.3813,21.21,33.70833333
2023-10-14 10:00:00,0.5487,21.16,31.47333333
2023-10-14 11:00:00,0.6416999999999999,21.11,30.84916667
2023-10-14 12:00:00,0.6696,21.01,29.5025
2023-10-14 13:00:00,0.6324000000000001,21.21,36.17
2023-10-14 14:00:00,0.5301,21.02,30.62916667
2023-10-14 15:00:00,0.4557,21.21,33.48666667
2023-10-14 16:00:00,0.3069,21.63,32.5975
2023-10-14 17:00:00,0.1395,27.2,33.10333333
2023-10-14 18:00:00,0.009300000000000001,31.33,31.97666667
2023-10-14 19:00:00,0,28.75,34.27916667
2023-10-14 20:00:00,0,24.96,32.045
2023-10-14 21:00:00,0,21.21,26.16666667
2023-10-14 22:00:00,0,19.86,22.31416667
2023-10-14 23:00:00,0,17.1,21.2725
2023-10-15 00:00:00,0,20.52,16.99833333
2023-10-15 01:00:00,0,18.92,18.48583333
2023-10-15 02:00:00,0,17.35,17.4275
2023-10-15 03:00:00,0,16.86,16.30416667
2023-10-15 04:00:00,0,16.35,17.88916667
2023-10-15 05:00:00,0,17.22,17.205
2023-10-15 06:00:00,0,18.79,13.9975
2023-10-15 07:00:00,0.018600000000000002,21.24,16.39
2023-10-15 08:00:00,0.15810000000000002,21.83,17.48916667
2023-10-15 09:00:00,0.31620000000000004,21.31,17.61666667
2023-10-15 10:00:00,0.4371,20.53,17.83333333
2023-10-15 11:00:00,0.5208,19.81,16.82
2023-10-15 12:00:00,0.5952000000000001,19.19,16.0125
2023-10-15 13:00:00,0.5952000000000001,19.21,16.09083333
2023-10-15 14:00:00,0.558,19.25,17.14333333
2023-10-15 15:00:00,0.465,19.7,18.9225
2023-10-15 16:00:00,0.31620000000000004,24.16,19.79
2023-10-15 17:00:00,0.1395,30.95,19.84083333
2023-10-15 18:00:00,0.009300000000000001,34.95,22.36166667
2023-10-15 19:00:00,0,35.33,26.28166667
2023-10-15 20:00:00,0,28.92,29.63083333
2023-10-15 21:00:00,0,26.06,24.40333333
2023-10-15 22:00:00,0,22.48,21.4675
2023-10-15 23:00:00,0,21.48,17.26083333
2023-10-16 00:00:00,0,19.44,16.89416667
2023-10-16 01:00:00,0,17.17,17.0275
2023-10-16 02:00:00,0,17.05,16.76833333
2023-10-16 03:00:00,0,16.83,16.96666667
2023-10-16 04:00:00,0,17.23,17.6225
2023-10-16 05:00:00,0,19.62,15.95833333
2023-10-16 06:00:00,0,29.35,24.04416667
2023-10-16 07:00:00,0.0279,36.82,27.19666667
2023-10-16 08:00:00,0.17670000000000002,31.97,24.15666667
2023-10-16 09:00:00,0.3348,29.04,26.13166667
2023-10-16 10:00:00,0.4557,28.43,22.92333333
2023-10-16 11:00:00,0.5394,27.1,23.67
2023-10-16 12:00:00,0.5859000000000001,25.96,25.75333333
2023-10-16 13:00:00,0.5673,26.15,25.8775
2023-10-16 14:00:00,0.48360000000000003,25.3,23.87416667
2023-10-16 15:00:00,0.37200000000000005,26.07,22.5075
2023-10-16 16:00:00,0.24180000000000001,28.45,24.74416667
2023-10-16 17:00:00,0.1023,36.1,29.085
2023-10-16 18:00:00,0,40.78,45.42
2023-10-16 19:00:00,0,40.28,39.25666667
2023-10-16 20:00:00,0,32.68,29.28083333
2023-10-16 21:00:00,0,27.32,24.745
2023-10-16 22:00:00,0,25.5,22.68583333
2023-10-16 23:00:00,0,22.17,20.51833333
2023-10-17 00:00:00,0,21.73,24.68916667
2023-10-17 01:00:00,0,19.01,21.72916667
2023-10-17 02:00:00,0,18.03,19.05666667
2023-10-17 03:00:00,0,17.61,18.7775
2023-10-17 04:00:00,0,18.27,21.62083333
2023-10-17 05:00:00,0,20.55,22.92833333
2023-10-17 06:00:00,0,32.14,28.72416667
2023-10-17 07:00:00,0.018600000000000002,38.38,38.6225
2023-10-17 08:00:00,0.1302,36.86,32.11214286
2023-10-17 09:00:00,0.2604,31.67,30.09083333
2023-10-17 10:00:00,0.3441,29.75,62.80583333
2023-10-17 11:00:00,0.3813,28.27,38.05625
2023-10-17 12:00:00,0.37200000000000005,25.81,28.85285714
2023-10-17 13:00:00,0.35340000000000005,27.22,32.0875
2023-10-17 14:00:00,0.279,26.89,32.22142857
2023-10-17 15:00:00,0.2325,28.2,28.61916667
2023-10-17 16:00:00,0.1674,29.35,30.11214286
2023-10-17 17:00:00,0.0837,38.03,27.11916667
2023-10-17 18:00:00,0,50.49,31.955
2023-10-17 19:00:00,0,44.17,31.96333333
2023-10-17 20:00:00,0,32.9,34.98
2023-10-17 21:00:00,0,28.84,33.70333333
2023-10-17 22:00:00,0,26.59,28.175
2023-10-17 23:00:00,0,23.38,20.5
2023-10-18 00:00:00,0,20.17,23.7775
2023-10-18 01:00:00,0,17.38,22.6125
2023-10-18 02:00:00,0,17.11,19.48916667
2023-10-18 03:00:00,0,16.96,18.46416667
2023-10-18 04:00:00,0,16.96,20.52583333
2023-10-18 05:00:00,0,18.69,23.19333333
2023-10-18 06:00:00,0,28.21,31.16083333
2023-10-18 07:00:00,0.018600000000000002,35.29,32.77583333
2023-10-18 08:00:00,0.1395,33.52,33.00333333
2023-10-18 09:00:00,0.2697,27.59,38.895
2023-10-18 10:00:00,0.3627,25.25,36.32583333
2023-10-18 11:00:00,0.39990000000000003,25.01,35.8375
2023-10-18 12:00:00,0.4278,23.25,32.7575
2023-10-18 13:00:00,0.39990000000000003,23.83,31.25083333
2023-10-18 14:00:00,0.3627,23.74,28.75916667
2023-10-18 15:00:00,0.2883,24.68,30.80916667
2023-10-18 16:00:00,0.2046,26.66,30.8375
2023-10-18 17:00:00,0.09300000000000001,34.3,31.65833333
2023-10-18 18:00:00,0,41.33,38.041875
2023-10-18 19:00:00,0,38.23,35.3075
2023-10-18 20:00:00,0,29.64,32.97083333
2023-10-18 21:00:00,0,25.25,23.035
2023-10-18 22:00:00,0,21.83,23.71416667
2023-10-18 23:00:00,0,20.11,20.54833333
2023-10-19 00:00:00,0,19.58,19.5075
2023-10-19 01:00:00,0,18.6,19.13416667
2023-10-19 02:00:00,0,17.22,18.11916667
2023-10-19 03:00:00,0,17.17,17.95416667
2023-10-19 04:00:00,0,17.7,19.38583333
2023-10-19 05:00:00,0,20.51,21.0825
2023-10-19 06:00:00,0,29.25,27.78833333
2023-10-19 07:00:00,0.018600000000000002,38.89,31.95066667
2023-10-19 08:00:00,0.12090000000000001,33.78,28.89066667
2023-10-19 09:00:00,0.24180000000000001,26.98,23.85166667
2023-10-19 10:00:00,0.3069,25.24,29.20583333
2023-10-19 11:00:00,0.3348,24.12,25.01
2023-10-19 12:00:00,0.37200000000000005,23.23,21.17833333
2023-10-19 13:00:00,0.41850000000000004,23.23,21.56083333
2023-10-19 14:00:00,0.4092,23.23,22.62333333
2023-10-19 15:00:00,0.3069,23.66,24.74
2023-10-19 16:00:00,0.18600000000000003,28.11,30.1925
2023-10-19 17:00:00,0.0837,36.07,38.595
2023-10-19 18:00:00,0,47.59,35.1175
2023-10-19 19:00:00,0,37.68,34.88416667
2023-10-19 20:00:00,0,30.61,32.925
2023-10-19 21:00:00,0,26.23,29.84416667
2023-10-19 22:00:00,0,23.05,22.21583333
2023-10-19 23:00:00,0,19.85,20.86416667
2023-10-20 00:00:00,0,22.15,20.06333333
2023-10-20 01:00:00,0,20.79,15.34
2023-10-20 02:00:00,0,19.64,18.41583333
2023-10-20 03:00:00,0,19.45,18.60083333
2023-10-20 04:00:00,0,20,19.76916667
2023-10-20 05:00:00,0,22.1,19.66166667
2023-10-20 06:00:00,0,29.23,22.86357143
2023-10-20 07:00:00,0.009300000000000001,36.79,22.17333333
2023-10-20 08:00:00,0.1023,35.39,22.44
2023-10-20 09:00:00,0.2232,31.87,20.05
2023-10-20 10:00:00,0.3069,32.57,20.56571429
2023-10-20 11:00:00,0.3906,32.44,21.8375
2023-10-20 12:00:00,0.4278,31.91,24.59571429
2023-10-20 13:00:00,0.4371,32.2,23.39461538
2023-10-20 14:00:00,0.3813,31.7,28.274
2023-10-20 15:00:00,0.31620000000000004,31.58,27.40333333
2023-10-20 16:00:00,0.2139,32.03,29.08083333
2023-10-20 17:00:00,0.09300000000000001,39.49,26.52166667
2023-10-20 18:00:00,0,39.57,35.12833333
2023-10-20 19:00:00,0,36.67,32.70333333
2023-10-20 20:00:00,0,31.04,27.47416667
2023-10-20 21:00:00,0,28.96,21.20416667
2023-10-20 22:00:00,0,27.99,20.43166667
2023-10-20 23:00:00,0,24.54,20.40166667
2023-10-21 00:00:00,0,24.52,36.36583333
2023-10-21 01:00:00,0,21.82,31.545
2023-10-21 02:00:00,0,20.83,25.09833333
2023-10-21 03:00:00,0,19.9,24.5575
2023-10-21 04:00:00,0,20.7,22.80083333
2023-10-21 05:00:00,0,19.05,19.48166667
2023-10-21 06:00:00,0,22.71,18.56916667
2023-10-21 07:00:00,0.018600000000000002,26.39,23.81666667
2023-10-21 08:00:00,0.1674,28.77,25.395
2023-10-21 09:00:00,0.31620000000000004,31.99,27.17833333
2023-10-21 10:00:00,0.41850000000000004,30.87,33.445
2023-10-21 11:00:00,0.4371,31.56,33.04333333
2023-10-21 12:00:00,0.4464,30.89,31.37666667
2023-10-21 13:00:00,0.4278,31.01,28.82083333
2023-10-21 14:00:00,0.3906,29.61,28.4725
2023-10-21 15:00:00,0.3255,29.02,26.46416667
2023-10-21 16:00:00,0.2232,29.56,33.81416667
2023-10-21 17:00:00,0.09300000000000001,33.51,34.0225
2023-10-21 18:00:00,0,37.59,50.36166667
2023-10-21 19:00:00,0,35.86,53.73785714
2023-10-21 20:00:00,0,31.22,40.68833333
2023-10-21 21:00:00,0,28.83,32.80166667
2023-10-21 22:00:00,0,25.33,27.49333333
2023-10-21 23:00:00,0,23.57,24.18583333
2023-10-22 00:00:00,0,22.74,22.365
2023-10-22 01:00:00,0,21.06,21.66416667
2023-10-22 02:00:00,0,20,23.24166667
2023-10-22 03:00:00,0,19.13,22.92916667
2023-10-22 04:00:00,0,18.94,19.2575
2023-10-22 05:00:00,0,19.03,21.86083333
2023-10-22 06:00:00,0,20,22.35214286
2023-10-22 07:00:00,0.018600000000000002,22.8,22.77083333
2023-10-22 08:00:00,0.14880000000000002,24.42,27.25583333
2023-10-22 09:00:00,0.31620000000000004,26.38,23.67571429
2023-10-22 10:00:00,0.4557,27.27,25.43833333
2023-10-22 11:00:00,0.5115000000000001,27.74,25.265
2023-10-22 12:00:00,0.558,28.81,21.68416667
2023-10-22 13:00:00,0.558,28.73,20.12
2023-10-22 14:00:00,0.48360000000000003,29.01,19.91916667
2023-10-22 15:00:00,0.3906,30.08,24.78
2023-10-22 16:00:00,0.2604,32.58,25.14583333
2023-10-22 17:00:00,0.1023,39.02,26.36833333
2023-10-22 18:00:00,0,51.75,38.40083333
2023-10-22 19:00:00,0,45.26,39.86666667
2023-10-22 20:00:00,0,34.84,31.815
2023-10-22 21:00:00,0,32.54,29.87333333
2023-10-22 22:00:00,0,27.56,21.5675
2023-10-22 23:00:00,0,22.63,21.4075
2023-10-23 00:00:00,0,24.17,30.27
2023-10-23 01:00:00,0,23.04,26.2925
2023-10-23 02:00:00,0,20.54,30.06833333
2023-10-23 03:00:00,0,20.1,30.68166667
2023-10-23 04:00:00,0,21.9,26.29583333
2023-10-23 05:00:00,0,25.24,25.62166667
2023-10-23 06:00:00,0,38.84,51.87833333
2023-10-23 07:00:00,0.018600000000000002,47.31,39.1725
2023-10-23 08:00:00,0.1395,38.29,218.7416667
2023-10-23 09:00:00,0.29760000000000003,32.56,27.3425
2023-10-23 10:00:00,0.41850000000000004,28.72,21.73666667
2023-10-23 11:00:00,0.47430000000000005,27.02,21.16166667
2023-10-23 12:00:00,0.49290000000000006,25.48,21.30833333
2023-10-23 13:00:00,0.47430000000000005,25.53,21.95583333
2023-10-23 14:00:00,0.4371,25.54,22.52166667
2023-10-23 15:00:00,0.3441,27.27,23.35
2023-10-23 16:00:00,0.2232,32.88,32.3375
2023-10-23 17:00:00,0.09300000000000001,42.52,41.265
2023-10-23 18:00:00,0,67.55,61.08416667
2023-10-23 19:00:00,0,54.87,62.325
2023-10-23 20:00:00,0,37.47,43.53833333
2023-10-23 21:00:00,0,34.57,24.305
2023-10-23 22:00:00,0,32.02,20.24916667
2023-10-23 23:00:00,0,27.9,19.77083333
2023-10-24 00:00:00,0,25.21,20.16833333
2023-10-24 01:00:00,0,21.97,19.44166667
2023-10-24 02:00:00,0,20.82,20.08
2023-10-24 03:00:00,0,20.55,19.86583333
2023-10-24 04:00:00,0,20.24,20.28666667
2023-10-24 05:00:00,0,23.8,21.80166667
2023-10-24 06:00:00,0,38.12,23.17333333
2023-10-24 07:00:00,0.009300000000000001,52.98,29.015
2023-10-24 08:00:00,0.12090000000000001,42.54,23.89583333
2023-10-24 09:00:00,0.25110000000000005,33,23.905
2023-10-24 10:00:00,0.35340000000000005,29.36,25.45333333
2023-10-24 11:00:00,0.4278,27.27,27.24214286
2023-10-24 12:00:00,0.465,27.27,26.805
2023-10-24 13:00:00,0.4557,26.08,27.07916667
2023-10-24 14:00:00,0.3627,26,31.37
2023-10-24 15:00:00,0.25110000000000005,27.27,27.725
2023-10-24 16:00:00,0.15810000000000002,31.14,29.73916667
2023-10-24 17:00:00,0.0651,45.8,36.88083333
2023-10-24 18:00:00,0,62.24,70.03916667
2023-10-24 19:00:00,0,54.14,35.9025
2023-10-24 20:00:00,0,34.82,31.645
2023-10-24 21:00:00,0,32.75,27.36428571
2023-10-24 22:00:00,0,27.27,22.73333333
2023-10-24 23:00:00,0,23.17,21.02785714
2023-10-25 00:00:00,0,23.18,19.7275
2023-10-25 01:00:00,0,21.28,18.6525
2023-10-25 02:00:00,0,20.32,17.97692308
2023-10-25 03:00:00,0,19.76,16.70461538
2023-10-25 04:00:00,0,20.99,19.05583333
2023-10-25 05:00:00,0,24.83,20.835
2023-10-25 06:00:00,0,38.94,27.65333333
2023-10-25 07:00:00,0.009300000000000001,56.02,23.17461538
2023-10-25 08:00:00,0.1116,38.73,25.98857143
2023-10-25 09:00:00,0.2232,31.12,21.35785714
2023-10-25 10:00:00,0.31620000000000004,32.8,27.11583333
2023-10-25 11:00:00,0.41850000000000004,32.02,26.60416667
2023-10-25 12:00:00,0.48360000000000003,30.5,30.08928571
2023-10-25 13:00:00,0.5208,32.33,29.505
2023-10-25 14:00:00,0.5208,34.09,30.4275
2023-10-25 15:00:00,0.465,34.09,34.68166667
2023-10-25 16:00:00,0.31620000000000004,33.77,33.63642857
2023-10-25 17:00:00,0.12090000000000001,52.59,33.37
2023-10-25 18:00:00,0,66.06,37.63
2023-10-25 19:00:00,0,43.05,30.61
2023-10-25 20:00:00,0,33.91,30.77833333
2023-10-25 21:00:00,0,32.27,28.11583333
2023-10-25 22:00:00,0,24.79,21.7625
2023-10-25 23:00:00,0,23.73,20.91166667
2023-10-26 00:00:00,0,21.16,20.56333333
2023-10-26 01:00:00,0,18.24,20.28916667
2023-10-26 02:00:00,0,18.47,19.555
2023-10-26 03:00:00,0,18.39,19.465
2023-10-26 04:00:00,0,18.52,19.44083333
2023-10-26 05:00:00,0,20.14,25.13083333
2023-10-26 06:00:00,0,30.8,26.47333333
2023-10-26 07:00:00,0.018600000000000002,39.15,43.13166667
2023-10-26 08:00:00,0.2139,33.1,36.09916667
2023-10-26 09:00:00,0.4371,24.8,311.1583333
2023-10-26 10:00:00,0.6138,24.24,31.70357143
2023-10-26 11:00:00,0.7254,27.68,33.83083333
2023-10-26 12:00:00,0.7719,29.22,26.30166667
2023-10-26 13:00:00,0.7626,29.2,26.9775
2023-10-26 14:00:00,0.6975,29.61,29.80333333
2023-10-26 15:00:00,0.558,31.41,28.85166667
2023-10-26 16:00:00,0.37200000000000005,33.71,33.36583333
2023-10-26 17:00:00,0.1395,46.72,39.25142857
2023-10-26 18:00:00,0,53.25,37.9625
2023-10-26 19:00:00,0,40.44,33.48666667
2023-10-26 20:00:00,0,32.09,26.90166667
2023-10-26 21:00:00,0,27.36,23.94333333
2023-10-26 22:00:00,0,24.14,23.1125
2023-10-26 23:00:00,0,22.16,20.44083333
2023-10-27 00:00:00,0,22.17,19.095
2023-10-27 01:00:00,0,19.82,19.00333333
2023-10-27 02:00:00,0,18.78,19.37
2023-10-27 03:00:00,0,18.69,18.05833333
2023-10-27 04:00:00,0,18.73,18.69833333
2023-10-27 05:00:00,0,20.63,20.51333333
2023-10-27 06:00:00,0,29.44,29.38166667
2023-10-27 07:00:00,0.018600000000000002,36.59,30.37333333
2023-10-27 08:00:00,0.2046,34.42,28.8925
2023-10-27 09:00:00,0.4278,29.63,31.29
2023-10-27 10:00:00,0.6045,29.55,30.31916667
2023-10-27 11:00:00,0.7161000000000001,29.49,29.29416667
2023-10-27 12:00:00,0.7533000000000001,29.49,29.02666667
2023-10-27 13:00:00,0.7254,30.62,29.93083333
2023-10-27 14:00:00,0.6416999999999999,31.77,26.69083333
2023-10-27 15:00:00,0.5115000000000001,33.69,26.4375
2023-10-27 16:00:00,0.3348,40.02,29.58916667
2023-10-27 17:00:00,0.12090000000000001,58.24,30.13833333
2023-10-27 18:00:00,0,54.59,25.71666667
2023-10-27 19:00:00,0,42.39,26.69666667
2023-10-27 20:00:00,0,33.43,27.2025
2023-10-27 21:00:00,0,30.35,26.07666667
2023-10-27 22:00:00,0,26.46,18.88833333
2023-10-27 23:00:00,0,23.66,18.45583333
2023-10-28 00:00:00,0,23.26,20.13916667
2023-10-28 01:00:00,0,19.99,23.25666667
2023-10-28 02:00:00,0,18.98,19.47083333
2023-10-28 03:00:00,0,18.26,17.125
2023-10-28 04:00:00,0,18.41,17.99416667
2023-10-28 05:00:00,0,19.17,17.10071429
2023-10-28 06:00:00,0,22.38,18.25833333
2023-10-28 07:00:00,0.018600000000000002,26.55,18.0275
2023-10-28 08:00:00,0.1953,27.67,23.80333333
2023-10-28 09:00:00,0.39990000000000003,25.52,25.8
2023-10-28 10:00:00,0.5487,27.83,30.03
2023-10-28 11:00:00,0.6696,29.14,23.97166667
2023-10-28 12:00:00,0.7254,29.39,28.72
2023-10-28 13:00:00,0.7068000000000001,30.16,26.75
2023-10-28 14:00:00,0.6416999999999999,32.74,28.05333333
2023-10-28 15:00:00,0.5022000000000001,32.8,26.72916667
2023-10-28 16:00:00,0.3255,39.54,28.72166667
2023-10-28 17:00:00,0.1116,49.78,51.22133333
2023-10-28 18:00:00,0,53.06,30.8925
2023-10-28 19:00:00,0,43.47,42.63666667
2023-10-28 20:00:00,0,34.7,36.81428571
2023-10-28 21:00:00,0,30.07,28.365
2023-10-28 22:00:00,0,27.97,26.85166667
2023-10-28 23:00:00,0,25.82,962.1075
2023-10-29 00:00:00,0,26.39,657.9583333
2023-10-29 01:00:00,0,23.97,32.20416667
2023-10-29 02:00:00,0,21.78,23.59666667
2023-10-29 03:00:00,0,21.43,17.82166667
2023-10-29 04:00:00,0,20.8,20.34583333
2023-10-29 05:00:00,0,22.15,22.575
2023-10-29 06:00:00,0,23.05,20.525
2023-10-29 07:00:00,0.018600000000000002,25,18.80083333
2023-10-29 08:00:00,0.1674,27.25,26.30714286
2023-10-29 09:00:00,0.35340000000000005,27.15,133.2433333
2023-10-29 10:00:00,0.5022000000000001,30.75,33.72333333
2023-10-29 11:00:00,0.6045,32.36,51.475
2023-10-29 12:00:00,0.6416999999999999,31.65,36.84583333
2023-10-29 13:00:00,0.6324000000000001,32.51,33.25
2023-10-29 14:00:00,0.5673,33.56,36.08583333
2023-10-29 15:00:00,0.4464,34.09,32.6075
2023-10-29 16:00:00,0.2697,35.35,36.5575
2023-10-29 17:00:00,0.09300000000000001,43,37.98
2023-10-29 18:00:00,0,51.41,29.18666667
2023-10-29 19:00:00,0,41.57,33.00833333
2023-10-29 20:00:00,0,35.07,34.89
2023-10-29 21:00:00,0,32.36,30.8375
2023-10-29 22:00:00,0,29.51,32.23583333
2023-10-29 23:00:00,0,27.02,24.10666667
2023-10-30 00:00:00,0,24.19,28.62166667
2023-10-30 01:00:00,0,22.15,112.595
2023-10-30 02:00:00,0,21.2,89.67
2023-10-30 03:00:00,0,20.9,22.73333333
2023-10-30 04:00:00,0,21.24,23.18833333
2023-10-30 05:00:00,0,23.27,27.33416667
2023-10-30 06:00:00,0,31.96,35.56071429
2023-10-30 07:00:00,0.018600000000000002,43.16,84.925
2023-10-30 08:00:00,0.1674,44.66,31.4925
2023-10-30 09:00:00,0.35340000000000005,41.84,33.7675
2023-10-30 10:00:00,0.48360000000000003,44.66,38.7225
2023-10-30 11:00:00,0.5766,45.01,35.19833333
2023-10-30 12:00:00,0.6231000000000001,40.89,38.82916667
2023-10-30 13:00:00,0.6231000000000001,39.54,55.46166667
2023-10-30 14:00:00,0.5766,38.35,36.58166667
2023-10-30 15:00:00,0.48360000000000003,38.89,33.085
2023-10-30 16:00:00,0.3069,42.35,30.625
2023-10-30 17:00:00,0.1023,56.27,27.94083333
2023-10-30 18:00:00,0,57.52,29.99833333
2023-10-30 19:00:00,0,46.58,29.77
2023-10-30 20:00:00,0,36.74,31.12833333
2023-10-30 21:00:00,0,32.41,32.48583333
2023-10-30 22:00:00,0,29.34,37.435
2023-10-30 23:00:00,0,27.85,29.57083333
2023-10-31 00:00:00,0,26.4,25.04416667
2023-10-31 01:00:00,0,25.16,25.52857143
2023-10-31 02:00:00,0,23.47,26.93769231
2023-10-31 03:00:00,0,23.02,25.66
2023-10-31 04:00:00,0,24.63,19.82666667
2023-10-31 05:00:00,0,27.15,22.48
2023-10-31 06:00:00,0,41.46,38.10166667
2023-10-31 07:00:00,0.009300000000000001,53.65,32.87416667
2023-10-31 08:00:00,0.1674,45.6,53.9725
2023-10-31 09:00:00,0.35340000000000005,38.59,23.17833333
2023-10-31 10:00:00,0.5301,36.34,28.2825
2023-10-31 11:00:00,0.6696,31.72,29.355
2023-10-31 12:00:00,0.7254,31.2,28.83333333
2023-10-31 13:00:00,0.7254,31.91,32.49583333
2023-10-31 14:00:00,0.651,32.04,30.71083333
2023-10-31 15:00:00,0.5301,34.58,28.6825
2023-10-31 16:00:00,0.3441,37.79,28.32083333
2023-10-31 17:00:00,0.1116,53.3,29.565
2023-10-31 18:00:00,0,65,33.36333333
2023-10-31 19:00:00,0,55.74,28.53
2023-10-31 20:00:00,0,47.61,27.11
2023-10-31 21:00:00,0,40.7,27.30916667
2023-10-31 22:00:00,0,34.92,24.98416667
2023-10-31 23:00:00,0,30.82,27
2023-11-01 00:00:00,0,36.08,26.35333333
2023-11-01 01:00:00,0,32.15,26.17
2023-11-01 02:00:00,0,30.71,25.9125
2023-11-01 03:00:00,0,30.64,22.44583333
2023-11-01 04:00:00,0,30.69,20.24416667
2023-11-01 05:00:00,0,36.73,23.41083333
2023-11-01 06:00:00,0,50.04,27.06
2023-11-01 07:00:00,0.018600000000000002,64.26,33.8825
2023-11-01 08:00:00,0.1953,55.17,30.705
2023-11-01 09:00:00,0.41850000000000004,46.48,26.95916667
2023-11-01 10:00:00,0.5952000000000001,44.97,30.13916667
2023-11-01 11:00:00,0.6975,42.99,32.60916667
2023-11-01 12:00:00,0.7440000000000001,41.71,31.96666667
2023-11-01 13:00:00,0.7254,41.31,32.215
2023-11-01 14:00:00,0.6603,39.91,29.41916667
2023-11-01 15:00:00,0.5301,39.25,30.36166667
2023-11-01 16:00:00,0.3441,42.18,34.26833333
2023-11-01 17:00:00,0.1116,55.87,35.28333333
2023-11-01 18:00:00,0,72.01,50.90583333
2023-11-01 19:00:00,0,60.83,35.19583333
2023-11-01 20:00:00,0,48.82,31.84916667
2023-11-01 21:00:00,0,43.85,30.06
2023-11-01 22:00:00,0,41.24,29.50833333
2023-11-01 23:00:00,0,38.09,26.38916667
2023-11-02 00:00:00,0,36.35,26.38333333
2023-11-02 01:00:00,0,31.28,26.5525
2023-11-02 02:00:00,0,30.71,25.63166667
2023-11-02 03:00:00,0,30.5,24.3675
2023-11-02 04:00:00,0,31.08,21.48916667
2023-11-02 05:00:00,0,35.82,23.76833333
2023-11-02 06:00:00,0,50.58,33.96666667
2023-11-02 07:00:00,0.018600000000000002,66.41,37.54666667
2023-11-02 08:00:00,0.1953,54.95,35.80416667
2023-11-02 09:00:00,0.41850000000000004,41.07,30.145
2023-11-02 10:00:00,0.5859000000000001,35.72,30.43333333
2023-11-02 11:00:00,0.6882,32.88,27.60615385
2023-11-02 12:00:00,0.7347,31.97,27.15307692
2023-11-02 13:00:00,0.7161000000000001,31.42,27.25083333
2023-11-02 14:00:00,0.651,31.57,26.00333333
2023-11-02 15:00:00,0.5208,32.11,26.6575
2023-11-02 16:00:00,0.3348,37.94,25.83333333
2023-11-02 17:00:00,0.1116,47.29,29.89583333
2023-11-02 18:00:00,0,59.84,35.37583333
2023-11-02 19:00:00,0,51.02,36.57916667
2023-11-02 20:00:00,0,40.84,32.38083333
2023-11-02 21:00:00,0,39.15,29.06083333
2023-11-02 22:00:00,0,37.01,25.64833333
2023-11-02 23:00:00,0,33.97,23.36083333
2023-11-03 00:00:00,0,27.49,20.3825
2023-11-03 01:00:00,0,24.8,21.04071429
2023-11-03 02:00:00,0,23.68,20.1475
2023-11-03 03:00:00,0,23.65,21.05166667
2023-11-03 04:00:00,0,23.67,21.73916667
2023-11-03 05:00:00,0,28.61,24.57666667
2023-11-03 06:00:00,0,39,57.133125
2023-11-03 07:00:00,0.009300000000000001,46.15,38.92916667
2023-11-03 08:00:00,0.18600000000000003,42.64,34.63333333
2023-11-03 09:00:00,0.4092,33.49,22.73333333
2023-11-03 10:00:00,0.5673,27.99,23.96416667
2023-11-03 11:00:00,0.6696,25.1,21.60833333
2023-11-03 12:00:00,0.7161000000000001,24.04,22.18083333
2023-11-03 13:00:00,0.6975,23.37,20.14166667
2023-11-03 14:00:00,0.6231000000000001,23.68,16.80416667
2023-11-03 15:00:00,0.5022000000000001,25,19.22916667
2023-11-03 16:00:00,0.31620000000000004,30.34,22.344375
2023-11-03 17:00:00,0.1023,38.64,32.30428571
2023-11-03 18:00:00,0,43.4,39.99083333
2023-11-03 19:00:00,0,37.74,32.89285714
2023-11-03 20:00:00,0,31.92,27.41333333
2023-11-03 21:00:00,0,29.12,23.26857143
2023-11-03 22:00:00,0,25.5,24.04
2023-11-03 23:00:00,0,24.53,21.35333333
2023-11-04 00:00:00,0,26.52,19.55833333
2023-11-04 01:00:00,0,23.94,17.5425
2023-11-04 02:00:00,0,22.6,18.31214286
2023-11-04 03:00:00,0,22.39,20.1825
2023-11-04 04:00:00,0,21.75,22.27583333
2023-11-04 05:00:00,0,25.83,26.82583333
2023-11-04 06:00:00,0,24.77,57.1525
2023-11-04 07:00:00,0.009300000000000001,32.02,34.47333333
2023-11-04 08:00:00,0.1674,32,40.40166667
2023-11-04 09:00:00,0.37200000000000005,31.78,27.76
2023-11-04 10:00:00,0.5394,25.92,24.60916667
2023-11-04 11:00:00,0.6324000000000001,25.86,24.34416667
2023-11-04 12:00:00,0.6789000000000001,22.85,28.44916667
2023-11-04 13:00:00,0.6603,21.94,25.82916667
2023-11-04 14:00:00,0.5952000000000001,23.07,23.52583333
2023-11-04 15:00:00,0.47430000000000005,23.01,23.85333333
2023-11-04 16:00:00,0.3069,26.81,26.11333333
2023-11-04 17:00:00,0.09300000000000001,30.64,28.66416667
2023-11-04 18:00:00,0,36.61,33.56083333
2023-11-04 19:00:00,0,33.38,30.79916667
2023-11-04 20:00:00,0,27.41,31.73833333
2023-11-04 21:00:00,0,25.91,27.9325
2023-11-04 22:00:00,0,23.35,25.57916667
2023-11-04 23:00:00,0,23.89,28.15166667
2023-11-05 00:00:00,0,24.48,37.21583333
2023-11-05 01:00:00,0,22.65,33.64229167
2023-11-05 01:00:00,0,22.05,30.06875
2023-11-05 02:00:00,0,21.44,31.13
2023-11-05 03:00:00,0,21.11,26.73666667
2023-11-05 04:00:00,0,20.95,26.31333333
2023-11-05 05:00:00,0,22.27,25.71666667
2023-11-05 06:00:00,0.009300000000000001,22.49,21.16583333
2023-11-05 07:00:00,0.1674,22.74,20.89916667
2023-11-05 08:00:00,0.37200000000000005,23.61,23.19083333
2023-11-05 09:00:00,0.5301,23.98,25.17166667
2023-11-05 10:00:00,0.651,22.18,23.49166667
2023-11-05 11:00:00,0.6975,22.27,23.59333333
2023-11-05 12:00:00,0.6882,22.22,19.69833333
2023-11-05 13:00:00,0.6231000000000001,21.79,17.25333333
2023-11-05 14:00:00,0.49290000000000006,22.22,17.78833333
2023-11-05 15:00:00,0.3069,23.39,21.09583333
2023-11-05 16:00:00,0.09300000000000001,30.45,24.43416667
2023-11-05 17:00:00,0,38.9,30.87666667
2023-11-05 18:00:00,0,38.16,33.15
2023-11-05 19:00:00,0,34.67,27.02166667
2023-11-05 20:00:00,0,30,28.23833333
2023-11-05 21:00:00,0,26.89,22.28416667
2023-11-05 22:00:00,0,24.59,20.59
2023-11-05 23:00:00,0,23.21,18.77083333
2023-11-06 00:00:00,0,24.35,21.70166667
2023-11-06 01:00:00,0,23.1,20.58083333
2023-11-06 02:00:00,0,22.42,20.39833333
2023-11-06 03:00:00,0,22.51,21.64083333
2023-11-06 04:00:00,0,22.64,21.67166667
2023-11-06 05:00:00,0,24.92,25.16166667
2023-11-06 06:00:00,0.009300000000000001,34.09,36.98666667
2023-11-06 07:00:00,0.14880000000000002,37.98,40.00166667
2023-11-06 08:00:00,0.3441,34.68,34.08153846
2023-11-06 09:00:00,0.49290000000000006,29.34,34.68666667
2023-11-06 10:00:00,0.5859000000000001,26.92,32.35833333
2023-11-06 11:00:00,0.6324000000000001,25.49,27.35692308
2023-11-06 12:00:00,0.5859000000000001,25.73,33.30785714
2023-11-06 13:00:00,0.47430000000000005,25.71,38.47583333
2023-11-06 14:00:00,0.37200000000000005,26.13,31.64583333
2023-11-06 15:00:00,0.2325,29.76,31.42083333
2023-11-06 16:00:00,0.07440000000000001,39.31,28.22166667
2023-11-06 17:00:00,0,58.6,39.2075
2023-11-06 18:00:00,0,45.91,30.68833333
2023-11-06 19:00:00,0,37.14,32.845
2023-11-06 20:00:00,0,35.11,31.83916667
2023-11-06 21:00:00,0,29.68,27.0825
2023-11-06 22:00:00,0,25.77,22.935
2023-11-06 23:00:00,0,22.56,20.20916667
2023-11-07 00:00:00,0,20.92,18.98416667
2023-11-07 01:00:00,0,20.2,17.3575
2023-11-07 02:00:00,0,20.23,16.44333333
2023-11-07 03:00:00,0,19.27,16.58666667
2023-11-07 04:00:00,0,19.73,18.93
2023-11-07 05:00:00,0,20.86,20.32583333
2023-11-07 06:00:00,0.009300000000000001,28.13,25.32666667
2023-11-07 07:00:00,0.14880000000000002,34.62,28.80285714
2023-11-07 08:00:00,0.3348,34.77,42.29833333
2023-11-07 09:00:00,0.4371,29.27,37.99384615
2023-11-07 10:00:00,0.49290000000000006,27.27,36.95846154
2023-11-07 11:00:00,0.5394,26.26,30.40769231
2023-11-07 12:00:00,0.5022000000000001,25.68,26.17833333
2023-11-07 13:00:00,0.4278,26.85,21.57357143
2023-11-07 14:00:00,0.3069,27.27,24.35833333
2023-11-07 15:00:00,0.18600000000000003,28.6,24.76583333
2023-11-07 16:00:00,0.04650000000000001,34.04,29.50416667
2023-11-07 17:00:00,0,45.63,30.33
2023-11-07 18:00:00,0,35.18,30.8625
2023-11-07 19:00:00,0,31.87,25.27833333
2023-11-07 20:00:00,0,27.73,25.48
2023-11-07 21:00:00,0,26.66,24.03333333
2023-11-07 22:00:00,0,23.84,22.14833333
2023-11-07 23:00:00,0,22.66,22.10416667
2023-11-08 00:00:00,0,22.89,22.6975
2023-11-08 01:00:00,0,21.57,21.9825
2023-11-08 02:00:00,0,21.29,22.2075
2023-11-08 03:00:00,0,21.19,22.32
2023-11-08 04:00:00,0,21.85,21.88166667
2023-11-08 05:00:00,0,23.47,21.88166667
2023-11-08 06:00:00,0,34.29,35.03166667
2023-11-08 07:00:00,0.1302,39.13,28.1175
2023-11-08 08:00:00,0.3255,31.69,24.42666667
2023-11-08 09:00:00,0.5022000000000001,27.63,25.65916667
2023-11-08 10:00:00,0.6324000000000001,25.98,25.11416667
2023-11-08 11:00:00,0.6882,25.32,25.02
2023-11-08 12:00:00,0.6789000000000001,25.71,25.70666667
2023-11-08 13:00:00,0.6231000000000001,26.26,26.1975
2023-11-08 14:00:00,0.5022000000000001,26.85,29.005
2023-11-08 15:00:00,0.31620000000000004,29.49,29.30916667
2023-11-08 16:00:00,0.09300000000000001,35.74,28.27083333
2023-11-08 17:00:00,0,54.22,28.1925
2023-11-08 18:00:00,0,38.71,30.365
2023-11-08 19:00:00,0,34.03,29.30916667
2023-11-08 20:00:00,0,29.92,27.33666667
2023-11-08 21:00:00,0,27.93,26.32583333
2023-11-08 22:00:00,0,25.78,23.58916667
2023-11-08 23:00:00,0,24.2,22.88333333
2023-11-09 00:00:00,0,24.5,24.955
2023-11-09 01:00:00,0,21.87,25.0925
2023-11-09 02:00:00,0,21.04,24.31166667
2023-11-09 03:00:00,0,20.81,25.2675
2023-11-09 04:00:00,0,21.68,23.04666667
2023-11-09 05:00:00,0,25.11,26.0125
2023-11-09 06:00:00,0.009300000000000001,33.56,26.92583333
2023-11-09 07:00:00,0.18600000000000003,36.32,27.74583333
2023-11-09 08:00:00,0.41850000000000004,33.98,26.61333333
2023-11-09 09:00:00,0.5952000000000001,33.91,26.75333333
2023-11-09 10:00:00,0.6975,34.49,29.365
2023-11-09 11:00:00,0.7440000000000001,33.76,29.58583333
2023-11-09 12:00:00,0.7254,31.83,40.75166667
2023-11-09 13:00:00,0.651,31.59,31.41416667
2023-11-09 14:00:00,0.5115000000000001,32.05,27.56833333
2023-11-09 15:00:00,0.31620000000000004,33.05,29.72833333
2023-11-09 16:00:00,0.09300000000000001,39.07,32.78
2023-11-09 17:00:00,0,50.74,33.54333333
2023-11-09 18:00:00,0,38.48,34.7225
2023-11-09 19:00:00,0,34.28,26.73833333
2023-11-09 20:00:00,0,30.87,30.05416667
2023-11-09 21:00:00,0,27.47,28.53285714
2023-11-09 22:00:00,0,25.28,33.21583333
2023-11-09 23:00:00,0,23.86,25.41666667
2023-11-10 00:00:00,0,22.52,27.67583333
2023-11-10 01:00:00,0,20.7,26.42583333
2023-11-10 02:00:00,0,20.52,32.1375
2023-11-10 03:00:00,0,19.97,27.27416667
2023-11-10 04:00:00,0,20.48,28.04583333
2023-11-10 05:00:00,0,23.76,31.56
2023-11-10 06:00:00,0.009300000000000001,28.67,77.08583333
2023-11-10 07:00:00,0.1674,31.99,40.38285714
2023-11-10 08:00:00,0.39990000000000003,31.07,75.27416667
2023-11-10 09:00:00,0.5673,30.32,35.77833333
2023-11-10 10:00:00,0.651,28.88,87.10642857
2023-11-10 11:00:00,0.6696,28.51,51.94333333
2023-11-10 12:00:00,0.6138,28.52,49.865
2023-11-10 13:00:00,0.558,27.9,48.29416667
2023-11-10 14:00:00,0.4557,27.41,38.07333333
2023-11-10 15:00:00,0.2883,29.29,30.94166667
2023-11-10 16:00:00,0.0837,35.6,34.08538462
2023-11-10 17:00:00,0,43.59,98.33
2023-11-10 18:00:00,0,35.61,40.16416667
2023-11-10 19:00:00,0,31.3,37.9
2023-11-10 20:00:00,0,29.36,29.375
2023-11-10 21:00:00,0,28.04,29.60333333
2023-11-10 22:00:00,0,27.35,32.0825
2023-11-10 23:00:00,0,25.61,32.3875
2023-11-11 00:00:00,0,29.44,31.46666667
2023-11-11 01:00:00,0,28.19,35.80416667
2023-11-11 02:00:00,0,26.66,28.12916667
2023-11-11 03:00:00,0,25.19,30.4625
2023-11-11 04:00:00,0,27.01,31.33916667
2023-11-11 05:00:00,0,27.89,33.83833333
2023-11-11 06:00:00,0.009300000000000001,30.48,32.01416667
2023-11-11 07:00:00,0.18600000000000003,30.16,36.70083333
2023-11-11 08:00:00,0.41850000000000004,30.46,31.625
2023-11-11 09:00:00,0.6045,30.4,29.38583333
2023-11-11 10:00:00,0.7254,29.01,30.06833333
2023-11-11 11:00:00,0.7719,28.02,31.10833333
2023-11-11 12:00:00,0.7440000000000001,26.69,31.035
2023-11-11 13:00:00,0.6696,27.11,28.28833333
2023-11-11 14:00:00,0.5394,27.54,30.195
2023-11-11 15:00:00,0.3441,29.29,31.835
2023-11-11 16:00:00,0.09300000000000001,33.94,34.9025
2023-11-11 17:00:00,0,45.47,38.77916667
2023-11-11 18:00:00,0,42.65,36.3425
2023-11-11 19:00:00,0,39.16,28.55
2023-11-11 20:00:00,0,35.65,28.7875
2023-11-11 21:00:00,0,32.81,29.87916667
2023-11-11 22:00:00,0,30.45,31.99166667
2023-11-11 23:00:00,0,29.7,29.69416667
2023-11-12 00:00:00,0,30.22,32.57333333
2023-11-12 01:00:00,0,30,32.155
2023-11-12 02:00:00,0,29.5,31.97166667
2023-11-12 03:00:00,0,29.27,32.3125
2023-11-12 04:00:00,0,28.95,36.63333333
2023-11-12 05:00:00,0,29.64,37.9775
2023-11-12 06:00:00,0.009300000000000001,30.51,36.8825
2023-11-12 07:00:00,0.18600000000000003,30.17,33.23583333
2023-11-12 08:00:00,0.41850000000000004,30.49,31.4975
2023-11-12 09:00:00,0.5952000000000001,28.93,30.06333333
2023-11-12 10:00:00,0.7068000000000001,26.65,34.67
2023-11-12 11:00:00,0.7533000000000001,26.73,33.95916667
2023-11-12 12:00:00,0.7347,26.84,29.78666667
2023-11-12 13:00:00,0.6603,27.22,27.01333333
2023-11-12 14:00:00,0.5208,27.75,28.46166667
2023-11-12 15:00:00,0.3255,30.53,33.00916667
2023-11-12 16:00:00,0.09300000000000001,40.6,37.7125
2023-11-12 17:00:00,0,53.97,39.34416667
2023-11-12 18:00:00,0,47.33,39.9075
2023-11-12 19:00:00,0,41.6,244.9064706
2023-11-12 20:00:00,0,36.87,202.465625
2023-11-12 21:00:00,0,34.43,45.31416667
2023-11-12 22:00:00,0,31.36,36.5725
2023-11-12 23:00:00,0,30.49,37.05416667
2023-11-13 00:00:00,0,32.2,41.71416667
2023-11-13 01:00:00,0,30.77,31.81583333
2023-11-13 02:00:00,0,30.08,27.3725
2023-11-13 03:00:00,0,30.37,27.35714286
2023-11-13 04:00:00,0,31.16,30.05083333
2023-11-13 05:00:00,0,33.65,27.38
2023-11-13 06:00:00,0,46.12,31.56333333
2023-11-13 07:00:00,0.1674,51.75,33.69
2023-11-13 08:00:00,0.4092,45.25,28.68666667
2023-11-13 09:00:00,0.5859000000000001,36.38,30.4825
2023-11-13 10:00:00,0.6975,32.65,36.87833333
2023-11-13 11:00:00,0.7347,30.77,38.32583333
2023-11-13 12:00:00,0.7161000000000001,31.02,35.47083333
2023-11-13 13:00:00,0.6416999999999999,33.76,29.12
2023-11-13 14:00:00,0.5022000000000001,35.31,28.76
2023-11-13 15:00:00,0.29760000000000003,37.97,29.35416667
2023-11-13 16:00:00,0.0837,45.82,36.68066667
2023-11-13 17:00:00,0,62.22,45.775
2023-11-13 18:00:00,0,52.35,38.76333333
2023-11-13 19:00:00,0,45.78,35.00083333
2023-11-13 20:00:00,0,38.78,124.3221429
2023-11-13 21:00:00,0,36.03,34.4
2023-11-13 22:00:00,0,31,36.10583333
2023-11-13 23:00:00,0,29.48,40.12166667
2023-11-14 00:00:00,0,33.25,29.11166667
2023-11-14 01:00:00,0,31.36,26.62916667
2023-11-14 02:00:00,0,30.59,28.36416667
2023-11-14 03:00:00,0,30.39,27.21166667
2023-11-14 04:00:00,0,30.34,28.23583333
2023-11-14 05:00:00,0,34.58,29.42416667
2023-11-14 06:00:00,0,47.82,29.5975
2023-11-14 07:00:00,0.15810000000000002,56.77,30.6625
2023-11-14 08:00:00,0.37200000000000005,45.15,28.24
2023-11-14 09:00:00,0.5487,37.57,30.15066667
2023-11-14 10:00:00,0.6603,34.02,34.4425
2023-11-14 11:00:00,0.7068000000000001,33.07,31.1625
2023-11-14 12:00:00,0.6975,32.88,32.42333333
2023-11-14 13:00:00,0.6231000000000001,32.28,30.66266667
2023-11-14 14:00:00,0.49290000000000006,32.89,29.075
2023-11-14 15:00:00,0.29760000000000003,35.57,32.97933333
2023-11-14 16:00:00,0.07440000000000001,43.97,61.15857143
2023-11-14 17:00:00,0,68.01,50.3575
2023-11-14 18:00:00,0,51.42,52.92333333
2023-11-14 19:00:00,0,46.05,40.64
2023-11-14 20:00:00,0,38,35.08833333
2023-11-14 21:00:00,0,34.73,30.4225
2023-11-14 22:00:00,0,32.23,28.02333333
2023-11-14 23:00:00,0,30.55,23.63666667
2023-11-15 00:00:00,0,30.34,23.29583333
2023-11-15 01:00:00,0,29.19,22.94714286
2023-11-15 02:00:00,0,28.63,23.64333333
2023-11-15 03:00:00,0,28.17,26.26285714
2023-11-15 04:00:00,0,29,24.65857143
2023-11-15 05:00:00,0,33.04,28.08666667
2023-11-15 06:00:00,0,43.34,27.54
2023-11-15 07:00:00,0.15810000000000002,48.34,36.6375
2023-11-15 08:00:00,0.3813,43.74,26.39333333
2023-11-15 09:00:00,0.558,35.08,23.67166667
2023-11-15 10:00:00,0.6603,30.42,27.78066667
2023-11-15 11:00:00,0.7068000000000001,28.91,27.04
2023-11-15 12:00:00,0.6975,28.64,26.15083333
2023-11-15 13:00:00,0.6231000000000001,29.51,26.365
2023-11-15 14:00:00,0.49290000000000006,29.56,27.12083333
2023-11-15 15:00:00,0.3069,32.84,33.00583333
2023-11-15 16:00:00,0.0837,40.34,35.21916667
2023-11-15 17:00:00,0,51.24,37.664375
2023-11-15 18:00:00,0,44.19,30.08833333
2023-11-15 19:00:00,0,39.56,28.4075
2023-11-15 20:00:00,0,35.12,25.34833333
2023-11-15 21:00:00,0,31.55,26.90333333
2023-11-15 22:00:00,0,29.59,27.76928571
2023-11-15 23:00:00,0,28.38,24.98083333
2023-11-16 00:00:00,0,27.6,30.72
2023-11-16 01:00:00,0,25.38,30.70083333
2023-11-16 02:00:00,0,25.21,29.05416667
2023-11-16 03:00:00,0,24.43,31.16
2023-11-16 04:00:00,0,25.54,30.54
2023-11-16 05:00:00,0,28.22,30.54
2023-11-16 06:00:00,0,40.5,31.67142857
2023-11-16 07:00:00,0.14880000000000002,44.7,91.345
2023-11-16 08:00:00,0.37200000000000005,36.57,69.2075
2023-11-16 09:00:00,0.5394,30.45,31.27416667
2023-11-16 10:00:00,0.6603,27.69,27.7625
2023-11-16 11:00:00,0.7068000000000001,26.31,29.29916667
2023-11-16 12:00:00,0.6975,25.22,26.9875
2023-11-16 13:00:00,0.6324000000000001,25.68,30.1675
2023-11-16 14:00:00,0.5022000000000001,26.93,33.915
2023-11-16 15:00:00,0.31620000000000004,29.57,45.38666667
2023-11-16 16:00:00,0.0837,35.64,38.4425
2023-11-16 17:00:00,0,44.92,41.89916667
2023-11-16 18:00:00,0,41.15,64.27166667
2023-11-16 19:00:00,0,34.87,36.97666667
2023-11-16 20:00:00,0,32.58,62.12416667
2023-11-16 21:00:00,0,28.98,34.40166667
2023-11-16 22:00:00,0,26.12,31.59833333
2023-11-16 23:00:00,0,24.95,27.2725
2023-11-17 00:00:00,0,26.19,23.30666667
2023-11-17 01:00:00,0,24.31,24.335
2023-11-17 02:00:00,0,24.46,23.905
2023-11-17 03:00:00,0,24.24,23.23333333
2023-11-17 04:00:00,0,25.13,21.21416667
2023-11-17 05:00:00,0,27.45,29.265
2023-11-17 06:00:00,0,39.07,39.97583333
2023-11-17 07:00:00,0.14880000000000002,39.87,33.39333333
2023-11-17 08:00:00,0.37200000000000005,32.71,26.39266667
2023-11-17 09:00:00,0.558,29.69,21.2325
2023-11-17 10:00:00,0.6696,27.82,21.90416667
2023-11-17 11:00:00,0.7068000000000001,27.15,24.50166667
2023-11-17 12:00:00,0.6975,27.09,24.6475
2023-11-17 13:00:00,0.6231000000000001,27.82,26.19857143
2023-11-17 14:00:00,0.5022000000000001,27.42,29.315
2023-11-17 15:00:00,0.3069,29.07,31.1475
2023-11-17 16:00:00,0.07440000000000001,35.14,38.66916667
2023-11-17 17:00:00,0,43.97,37.0675
2023-11-17 18:00:00,0,37.63,33.3125
2023-11-17 19:00:00,0,31.24,29.52166667
2023-11-17 20:00:00,0,28.65,27.49083333
2023-11-17 21:00:00,0,26.65,24.2075
2023-11-17 22:00:00,0,27.34,26.5825
2023-11-17 23:00:00,0,25.63,28.25333333
2023-11-18 00:00:00,0,26.05,31.6475
2023-11-18 01:00:00,0,24.56,28.35333333
2023-11-18 02:00:00,0,23.43,27.71833333
2023-11-18 03:00:00,0,23.23,26.76916667
2023-11-18 04:00:00,0,23.62,27.36
2023-11-18 05:00:00,0,25.95,27.125
2023-11-18 06:00:00,0,29.4,26.37166667
2023-11-18 07:00:00,0.1395,31.24,29.14416667
2023-11-18 08:00:00,0.35340000000000005,29.15,36.6975
2023-11-18 09:00:00,0.5208,32.29,30.58833333
2023-11-18 10:00:00,0.6324000000000001,31.9,25.68833333
2023-11-18 11:00:00,0.6789000000000001,30.64,21.41166667
2023-11-18 12:00:00,0.6789000000000001,29.75,26.02083333
2023-11-18 13:00:00,0.6045,29.15,30.73428571
2023-11-18 14:00:00,0.47430000000000005,30.09,30.47833333
2023-11-18 15:00:00,0.29760000000000003,31.01,35.7525
2023-11-18 16:00:00,0.07440000000000001,36.32,43.98666667
2023-11-18 17:00:00,0,48.94,45.90083333
2023-11-18 18:00:00,0,41.38,38.06166667
2023-11-18 19:00:00,0,38.58,22.15916667
2023-11-18 20:00:00,0,34.96,32.9
2023-11-18 21:00:00,0,34.09,28.19083333
2023-11-18 22:00:00,0,31.05,29.82428571
2023-11-18 23:00:00,0,30.07,33.9525
2023-11-19 00:00:00,0,30,31.2375
2023-11-19 01:00:00,0,29.17,30.13153846
2023-11-19 02:00:00,0,27.53,24.365
2023-11-19 03:00:00,0,27.52,24.80666667
2023-11-19 04:00:00,0,27.8,28.03166667
2023-11-19 05:00:00,0,29.53,25.82833333
2023-11-19 06:00:00,0,31.27,30.69916667
2023-11-19 07:00:00,0.0651,30.82,29.01
2023-11-19 08:00:00,0.15810000000000002,29.02,22.71333333
2023-11-19 09:00:00,0.2325,27.86,21.06416667
2023-11-19 10:00:00,0.2697,28.22,23.87
2023-11-19 11:00:00,0.279,28.22,22.395
2023-11-19 12:00:00,0.2697,27.6,23.69083333
2023-11-19 13:00:00,0.25110000000000005,27.74,27.89416667
2023-11-19 14:00:00,0.1953,29.11,28.42916667
2023-11-19 15:00:00,0.12090000000000001,31.25,34.09333333
2023-11-19 16:00:00,0.0279,40.71,33.14083333
2023-11-19 17:00:00,0,51.72,43.63916667
2023-11-19 18:00:00,0,46.3,42.82166667
2023-11-19 19:00:00,0,43.64,31.19166667
2023-11-19 20:00:00,0,40.16,29.39166667
2023-11-19 21:00:00,0,37.3,25.04666667
2023-11-19 22:00:00,0,33.07,24.01333333
2023-11-19 23:00:00,0,30.62,22.06583333
2023-11-20 00:00:00,0,30.54,30.12333333
2023-11-20 01:00:00,0,29.06,28.90416667
2023-11-20 02:00:00,0,28.7,30.88833333
2023-11-20 03:00:00,0,28.93,29.31083333
2023-11-20 04:00:00,0,30.35,27.88916667
2023-11-20 05:00:00,0,34.69,28.43142857
2023-11-20 06:00:00,0,48.23,30.52333333
2023-11-20 07:00:00,0.0651,54.57,29.80666667
2023-11-20 08:00:00,0.17670000000000002,43.32,22.545
2023-11-20 09:00:00,0.2604,36.13,22.05666667
2023-11-20 10:00:00,0.279,34.45,22.88
2023-11-20 11:00:00,0.2883,32.39,24.14666667
2023-11-20 12:00:00,0.29760000000000003,32.23,22.5725
2023-11-20 13:00:00,0.25110000000000005,32.32,26.40166667
2023-11-20 14:00:00,0.2139,34.95,29.8925
2023-11-20 15:00:00,0.1395,38.92,33.17285714
2023-11-20 16:00:00,0.037200000000000004,50.56,34.92714286
2023-11-20 17:00:00,0,71.85,34.02333333
2023-11-20 18:00:00,0,61.09,28.42666667
2023-11-20 19:00:00,0,51.66,28.19666667
2023-11-20 20:00:00,0,45.25,34.035
2023-11-20 21:00:00,0,41.54,31.92666667
2023-11-20 22:00:00,0,36.99,30.625
2023-11-20 23:00:00,0,35.31,27.075
2023-11-21 00:00:00,0,31.94,24.63083333
2023-11-21 01:00:00,0,30.88,26.96833333
2023-11-21 02:00:00,0,29.78,27.4475
2023-11-21 03:00:00,0,29.16,28.54416667
2023-11-21 04:00:00,0,30.73,30.09416667
2023-11-21 05:00:00,0,36.02,24.80666667
2023-11-21 06:00:00,0,47.72,35.24428571
2023-11-21 07:00:00,0.09300000000000001,54.73,28.8625
2023-11-21 08:00:00,0.2604,45.57,27.33583333
2023-11-21 09:00:00,0.4092,38.67,31.95583333
2023-11-21 10:00:00,0.465,34.76,31.64833333
2023-11-21 11:00:00,0.5208,34.54,32.4475
2023-11-21 12:00:00,0.5115000000000001,34.84,34.68916667
2023-11-21 13:00:00,0.465,35.22,39.47333333
2023-11-21 14:00:00,0.37200000000000005,36.05,39.89666667
2023-11-21 15:00:00,0.2325,39.46,47.4625
2023-11-21 16:00:00,0.0558,45.86,36.9075
2023-11-21 17:00:00,0,60.28,43.59083333
2023-11-21 18:00:00,0,51.93,77.38666667
2023-11-21 19:00:00,0,43.49,41.79833333
2023-11-21 20:00:00,0,39.91,41.48416667
2023-11-21 21:00:00,0,35.99,40.6725
2023-11-21 22:00:00,0,32.32,39.5975
2023-11-21 23:00:00,0,30.58,34.72833333
2023-11-22 00:00:00,0,29.15,31.07166667
2023-11-22 01:00:00,0,27.27,29.31
2023-11-22 02:00:00,0,26.55,29.85916667
2023-11-22 03:00:00,0,26.1,29.90083333
2023-11-22 04:00:00,0,26.29,28.7
2023-11-22 05:00:00,0,28.32,29.13
2023-11-22 06:00:00,0,32.64,26.45166667
2023-11-22 07:00:00,0.1302,39.69,27.21833333
2023-11-22 08:00:00,0.35340000000000005,38.91,28.61333333
2023-11-22 09:00:00,0.5301,38.27,35.68833333
2023-11-22 10:00:00,0.6324000000000001,36.88,36.89666667
2023-11-22 11:00:00,0.6882,36.39,33.56714286
2023-11-22 12:00:00,0.6603,35.07,30.095
2023-11-22 13:00:00,0.5859000000000001,34.45,31.22866667
2023-11-22 14:00:00,0.47430000000000005,34.42,32.4025
2023-11-22 15:00:00,0.2883,35.32,28.465
2023-11-22 16:00:00,0.0651,39.5,27.33666667
2023-11-22 17:00:00,0,44.63,27.49083333
2023-11-22 18:00:00,0,38.72,27.07833333
2023-11-22 19:00:00,0,34.05,26.3775
2023-11-22 20:00:00,0,32.2,26.59333333
2023-11-22 21:00:00,0,29.71,25.68833333
2023-11-22 22:00:00,0,27.34,25.76333333
2023-11-22 23:00:00,0,26.36,26.78
2023-11-23 00:00:00,0,28.02,27.74833333
2023-11-23 01:00:00,0,25.42,23.5
2023-11-23 02:00:00,0,24.89,23.6425
2023-11-23 03:00:00,0,24.72,24.7475
2023-11-23 04:00:00,0,24.76,26.44166667
2023-11-23 05:00:00,0,24.97,28.82333333
2023-11-23 06:00:00,0,28.8,31.8875
2023-11-23 07:00:00,0.1116,30.13,29.88666667
2023-11-23 08:00:00,0.3069,30.1,27.16333333
2023-11-23 09:00:00,0.4557,30.13,29.375
2023-11-23 10:00:00,0.5208,32.32,27.725
2023-11-23 11:00:00,0.5487,33.47,27.96916667
2023-11-23 12:00:00,0.5115000000000001,32.61,26.26
2023-11-23 13:00:00,0.4278,32.32,30.1125
2023-11-23 14:00:00,0.31620000000000004,32.26,29.81833333
2023-11-23 15:00:00,0.1953,34.68,27.89083333
2023-11-23 16:00:00,0.04650000000000001,38.49,27.24333333
2023-11-23 17:00:00,0,44.51,27.2725
2023-11-23 18:00:00,0,41.33,22.39666667
2023-11-23 19:00:00,0,37.58,22.31083333
2023-11-23 20:00:00,0,34.63,18.82666667
2023-11-23 21:00:00,0,32.32,24.84833333
2023-11-23 22:00:00,0,28.64,25.4325
2023-11-23 23:00:00,0,26.96,27.17666667
2023-11-24 00:00:00,0,30.52,26.1075
2023-11-24 01:00:00,0,28.99,26.905
2023-11-24 02:00:00,0,27.85,28.65214286
2023-11-24 03:00:00,0,27.01,25.73
2023-11-24 04:00:00,0,27.02,25.05333333
2023-11-24 05:00:00,0,27.01,27.18
2023-11-24 06:00:00,0,31.21,27.3375
2023-11-24 07:00:00,0.1116,35.15,26.58
2023-11-24 08:00:00,0.31620000000000004,35.61,23.6
2023-11-24 09:00:00,0.48360000000000003,31.32,22.74
2023-11-24 10:00:00,0.5673,29.97,22.95583333
2023-11-24 11:00:00,0.6138,30,21.76916667
2023-11-24 12:00:00,0.6045,30,26.11333333
2023-11-24 13:00:00,0.5487,30.78,23.9125
2023-11-24 14:00:00,0.4371,32.79,31.00916667
2023-11-24 15:00:00,0.2697,37.66,32.24083333
2023-11-24 16:00:00,0.0651,43.74,42.56416667
2023-11-24 17:00:00,0,53.03,100.1825
2023-11-24 18:00:00,0,48.8,50.0525
2023-11-24 19:00:00,0,45.22,40.0125
2023-11-24 20:00:00,0,41.98,33.22333333
2023-11-24 21:00:00,0,39.09,33.74
2023-11-24 22:00:00,0,37.27,33.005
2023-11-24 23:00:00,0,35.73,39.28416667
2023-11-25 00:00:00,0,37.94,31.92166667
2023-11-25 01:00:00,0,34.98,30.5625
2023-11-25 02:00:00,0,34.06,29.48
2023-11-25 03:00:00,0,33,31.99166667
2023-11-25 04:00:00,0,33.71,31.7875
2023-11-25 05:00:00,0,37.64,32.75666667
2023-11-25 06:00:00,0,41.4,39.5225
2023-11-25 07:00:00,0.1395,41.76,40.33
2023-11-25 08:00:00,0.3906,42.23,27.875
2023-11-25 09:00:00,0.5859000000000001,37.46,30.90833333
2023-11-25 10:00:00,0.7161000000000001,37.1,33.68166667
2023-11-25 11:00:00,0.7719,35.41,31.635
2023-11-25 12:00:00,0.7533000000000001,33.97,32.42083333
2023-11-25 13:00:00,0.6789000000000001,33.63,32.19833333
2023-11-25 14:00:00,0.5394,36.25,32.625
2023-11-25 15:00:00,0.3348,39.58,42.4975
2023-11-25 16:00:00,0.07440000000000001,48.78,41.00583333
2023-11-25 17:00:00,0,59.2,63.57666667
2023-11-25 18:00:00,0,53.56,53.44666667
2023-11-25 19:00:00,0,50.39,48.41416667
2023-11-25 20:00:00,0,47.84,42.13428571
2023-11-25 21:00:00,0,45.5,37.1925
2023-11-25 22:00:00,0,41.77,36.28
2023-11-25 23:00:00,0,39.37,40.77583333
2023-11-26 00:00:00,0,43.95,39.70416667
2023-11-26 01:00:00,0,43.42,36.8525
2023-11-26 02:00:00,0,38.81,35.81333333
2023-11-26 03:00:00,0,37.29,33.3725
2023-11-26 04:00:00,0,35.31,32.03916667
2023-11-26 05:00:00,0,39.23,39.1675
2023-11-26 06:00:00,0,39.57,34.505
2023-11-26 07:00:00,0.1395,37.98,32.19
2023-11-26 08:00:00,0.37200000000000005,37.06,29.82083333
2023-11-26 09:00:00,0.558,36.67,28.05583333
2023-11-26 10:00:00,0.6789000000000001,35.77,30.5875
2023-11-26 11:00:00,0.7347,35.36,33.44666667
2023-11-26 12:00:00,0.7161000000000001,36.36,35.63583333
2023-11-26 13:00:00,0.651,37.01,37.6575
2023-11-26 14:00:00,0.5115000000000001,40.22,40.31583333
2023-11-26 15:00:00,0.31620000000000004,46.73,44.7425
2023-11-26 16:00:00,0.07440000000000001,49.29,41.89583333
2023-11-26 17:00:00,0,60.53,51.33
2023-11-26 18:00:00,0,54.3,47.83333333
2023-11-26 19:00:00,0,49.33,57.20666667
2023-11-26 20:00:00,0,48.14,46.20916667
2023-11-26 21:00:00,0,44.64,43.235
2023-11-26 22:00:00,0,39.28,33.57
2023-11-26 23:00:00,0,36.23,33.045
2023-11-27 00:00:00,0,31.37,35.21
2023-11-27 01:00:00,0,31.17,30.12833333
2023-11-27 02:00:00,0,30.5,31.48166667
2023-11-27 03:00:00,0,29.85,30.07833333
2023-11-27 04:00:00,0,30.39,32.595
2023-11-27 05:00:00,0,33.73,28.8375
2023-11-27 06:00:00,0,41.85,27.62666667
2023-11-27 07:00:00,0.12090000000000001,51.08,37.94083333
2023-11-27 08:00:00,0.31620000000000004,46.07,32.10071429
2023-11-27 09:00:00,0.47430000000000005,40.66,28.18
2023-11-27 10:00:00,0.5394,38.39,34.59333333
2023-11-27 11:00:00,0.5394,36.93,29.66666667
2023-11-27 12:00:00,0.5301,37.08,28.58666667
2023-11-27 13:00:00,0.5115000000000001,37.64,37.22571429
2023-11-27 14:00:00,0.4092,38.59,36.80916667
2023-11-27 15:00:00,0.24180000000000001,42.46,39.55333333
2023-11-27 16:00:00,0.0558,53.72,38.2525
2023-11-27 17:00:00,0,67.59,88.98866667
2023-11-27 18:00:00,0,63.31,65.94866667
2023-11-27 19:00:00,0,55.19,43.54571429
2023-11-27 20:00:00,0,49.64,49.53916667
2023-11-27 21:00:00,0,43.99,41.97833333
2023-11-27 22:00:00,0,40.29,36.27833333
2023-11-27 23:00:00,0,38.85,28.90083333
2023-11-28 00:00:00,0,35.03,26.66833333
2023-11-28 01:00:00,0,33.59,27.69083333
2023-11-28 02:00:00,0,32.32,27.94416667
2023-11-28 03:00:00,0,32.4,30.10666667
2023-11-28 04:00:00,0,33.06,29.62916667
2023-11-28 05:00:00,0,37.02,27.50583333
2023-11-28 06:00:00,0,46.33,34.9325
2023-11-28 07:00:00,0.12090000000000001,58.01,31.81666667
2023-11-28 08:00:00,0.35340000000000005,48.12,27.06
2023-11-28 09:00:00,0.5394,42.81,24.60357143
2023-11-28 10:00:00,0.651,43.76,35.59875
2023-11-28 11:00:00,0.7161000000000001,43.25,40.20916667
2023-11-28 12:00:00,0.6975,43.18,37.18357143
2023-11-28 13:00:00,0.6324000000000001,43.71,50.434
2023-11-28 14:00:00,0.49290000000000006,46.94,52.6925
2023-11-28 15:00:00,0.31620000000000004,49.94,36.67583333
2023-11-28 16:00:00,0.0651,68.32,40.3975
2023-11-28 17:00:00,0,90.4,43.5675
2023-11-28 18:00:00,0,77.8,42.11083333
2023-11-28 19:00:00,0,65.25,40.8425
2023-11-28 20:00:00,0,55.39,44.100625
2023-11-28 21:00:00,0,49.16,41.01416667
2023-11-28 22:00:00,0,45.54,38
2023-11-28 23:00:00,0,43.35,29.23666667
2023-11-29 00:00:00,0,46.75,25.32333333
2023-11-29 01:00:00,0,42.42,28.14083333
2023-11-29 02:00:00,0,38.98,29.43833333
2023-11-29 03:00:00,0,38.78,26.69
2023-11-29 04:00:00,0,38.79,31.40916667
2023-11-29 05:00:00,0,43.71,30.47166667
2023-11-29 06:00:00,0,65.3,30.26083333
2023-11-29 07:00:00,0.1302,75.27,44.785
2023-11-29 08:00:00,0.3813,65.84,35.305
2023-11-29 09:00:00,0.5766,59.7,30.025
2023-11-29 10:00:00,0.7068000000000001,55.04,56.38166667
2023-11-29 11:00:00,0.7626,53.65,37.48333333
2023-11-29 12:00:00,0.7533000000000001,52.89,41.99916667
2023-11-29 13:00:00,0.6696,54.15,34.7575
2023-11-29 14:00:00,0.5301,57.79,33.72666667
2023-11-29 15:00:00,0.3348,59.15,63.17083333
2023-11-29 16:00:00,0.07440000000000001,70.63,46.89083333
2023-11-29 17:00:00,0,101.41,55.77583333
2023-11-29 18:00:00,0,95.83,44.15416667
2023-11-29 19:00:00,0,71.64,46.43333333
2023-11-29 20:00:00,0,58.64,47.8575
2023-11-29 21:00:00,0,57.97,48.02083333
2023-11-29 22:00:00,0,54.99,47.34571429
2023-11-29 23:00:00,0,51.92,33.55833333
2023-11-30 00:00:00,0,45.9,37.39833333
2023-11-30 01:00:00,0,40.7,38.65
2023-11-30 02:00:00,0,38.99,49.59333333
2023-11-30 03:00:00,0,38.49,31.4
2023-11-30 04:00:00,0,38.82,46.04083333
2023-11-30 05:00:00,0,41.97,55.065
2023-11-30 06:00:00,0,62.42,51.1575
2023-11-30 07:00:00,0.12090000000000001,71.76,46.5275
2023-11-30 08:00:00,0.35340000000000005,59.53,39.0625
2023-11-30 09:00:00,0.5208,54.09,45.43166667
2023-11-30 10:00:00,0.6324000000000001,40.4,33.58916667
2023-11-30 11:00:00,0.6789000000000001,37.13,31.64642857
2023-11-30 12:00:00,0.6603,36.39,28.195
2023-11-30 13:00:00,0.5859000000000001,36.12,31.75166667
2023-11-30 14:00:00,0.4557,37.53,31.5825
2023-11-30 15:00:00,0.2883,41.77,35.8075
2023-11-30 16:00:00,0.0651,48.43,32.77357143
2023-11-30 17:00:00,0,63.22,34.5975
2023-11-30 18:00:00,0,55.95,32.39833333
2023-11-30 19:00:00,0,51.8,31.95916667
2023-11-30 20:00:00,0,49.03,31.96416667
2023-11-30 21:00:00,0,45.06,31.21166667
2023-11-30 22:00:00,0,41.33,31.345
2023-11-30 23:00:00,0,39.34,29.59166667
2023-12-01 00:00:00,0,32.59,20.975
2023-12-01 01:00:00,0,29.33,27.09
2023-12-01 02:00:00,0,28.13,26.64166667
2023-12-01 03:00:00,0,27.65,26.49083333
2023-12-01 04:00:00,0,28.78,27.36
2023-12-01 05:00:00,0,31.3,30.965
2023-12-01 06:00:00,0,38.35,46.04666667
2023-12-01 07:00:00,0.1116,42.36,40.965
2023-12-01 08:00:00,0.35340000000000005,37.18,30.50916667
2023-12-01 09:00:00,0.5487,36.42,30.06333333
2023-12-01 10:00:00,0.6603,34.99,27.91384615
2023-12-01 11:00:00,0.7161000000000001,34.82,37.08692308
2023-12-01 12:00:00,0.7068000000000001,35.1,39.44833333
2023-12-01 13:00:00,0.6324000000000001,35.15,42.86857143
2023-12-01 14:00:00,0.48360000000000003,35.35,41.41
2023-12-01 15:00:00,0.2883,35.81,41.26666667
2023-12-01 16:00:00,0.0651,38.54,36.4
2023-12-01 17:00:00,0,42.75,41.2825
2023-12-01 18:00:00,0,37.64,49.57416667
2023-12-01 19:00:00,0,35.21,41.26583333
2023-12-01 20:00:00,0,33.47,36.07833333
2023-12-01 21:00:00,0,31.63,32.915
2023-12-01 22:00:00,0,30.49,31.96416667
2023-12-01 23:00:00,0,30.57,34.08333333
2023-12-02 00:00:00,0,29.21,32.33666667
2023-12-02 01:00:00,0,26.55,29.03166667
2023-12-02 02:00:00,0,26.12,27.74666667
2023-12-02 03:00:00,0,25.73,26.71166667
2023-12-02 04:00:00,0,25.73,28.61416667
2023-12-02 05:00:00,0,26.18,27.9575
2023-12-02 06:00:00,0,30.51,25.17833333
2023-12-02 07:00:00,0.1023,32.24,27.12583333
2023-12-02 08:00:00,0.3069,33.44,27.84333333
2023-12-02 09:00:00,0.48360000000000003,33.89,40.2175
2023-12-02 10:00:00,0.5766,33.21,40.09916667
2023-12-02 11:00:00,0.6231000000000001,33.14,34.62
2023-12-02 12:00:00,0.6045,32.68,29.42583333
2023-12-02 13:00:00,0.5301,31.67,31.1675
2023-12-02 14:00:00,0.4092,31.91,31.44333333
2023-12-02 15:00:00,0.24180000000000001,32.37,32.915
2023-12-02 16:00:00,0.04650000000000001,36.29,34.04916667
2023-12-02 17:00:00,0,40.87,30.4675
2023-12-02 18:00:00,0,37.73,32.69333333
2023-12-02 19:00:00,0,36.03,35.1675
2023-12-02 20:00:00,0,32.3,37.68916667
2023-12-02 21:00:00,0,31.31,35.415
2023-12-02 22:00:00,0,30.47,30.23083333
2023-12-02 23:00:00,0,28.09,30.165
2023-12-03 00:00:00,0,28.29,28.56428571
2023-12-03 01:00:00,0,27.32,29.895
2023-12-03 02:00:00,0,26.98,28.67166667
2023-12-03 03:00:00,0,25.53,28.91666667
2023-12-03 04:00:00,0,25.41,26.4125
2023-12-03 05:00:00,0,25.14,25.64
2023-12-03 06:00:00,0,25.88,29.60333333
2023-12-03 07:00:00,0.07440000000000001,27.08,26.855
2023-12-03 08:00:00,0.24180000000000001,28.07,28.50333333
2023-12-03 09:00:00,0.39990000000000003,29.17,32.1475
2023-12-03 10:00:00,0.5115000000000001,32.18,32.5475
2023-12-03 11:00:00,0.5673,33.99,31.645
2023-12-03 12:00:00,0.5022000000000001,33.87,33.7875
2023-12-03 13:00:00,0.4278,33.79,35.385
2023-12-03 14:00:00,0.31620000000000004,32.71,44.74583333
2023-12-03 15:00:00,0.2046,32.49,42.30083333
2023-12-03 16:00:00,0.04650000000000001,36.29,39.07785714
2023-12-03 17:00:00,0,39.93,40.9575
2023-12-03 18:00:00,0,36.18,41.54916667
2023-12-03 19:00:00,0,33.21,33.74666667
2023-12-03 20:00:00,0,32.32,28.285
2023-12-03 21:00:00,0,30.84,27.16666667
2023-12-03 22:00:00,0,28.9,29.82
2023-12-03 23:00:00,0,27.6,26.75916667
2023-12-04 00:00:00,0,26.28,24.78
2023-12-04 01:00:00,0,25.32,25.00916667
2023-12-04 02:00:00,0,24.97,25.18
2023-12-04 03:00:00,0,24.52,26.30083333
2023-12-04 04:00:00,0,25.93,25.70416667
2023-12-04 05:00:00,0,28.42,30.40083333
2023-12-04 06:00:00,0,36.72,39.30333333
2023-12-04 07:00:00,0.037200000000000004,38.47,43.445
2023-12-04 08:00:00,0.1302,36.64,42.08666667
2023-12-04 09:00:00,0.2139,36.63,39.56583333
2023-12-04 10:00:00,0.24180000000000001,36.94,40.57833333
2023-12-04 11:00:00,0.24180000000000001,36.84,33.67083333
2023-12-04 12:00:00,0.2883,36.95,44.84333333
2023-12-04 13:00:00,0.2604,37.1,35.07083333
2023-12-04 14:00:00,0.2883,37.35,39.76833333
2023-12-04 15:00:00,0.17670000000000002,37.84,40.20833333
2023-12-04 16:00:00,0.037200000000000004,45.55,35.09583333
2023-12-04 17:00:00,0,55.59,49.295
2023-12-04 18:00:00,0,48.21,40.02166667
2023-12-04 19:00:00,0,43.9,31.14166667
2023-12-04 20:00:00,0,39.44,34.635
2023-12-04 21:00:00,0,36.94,32.18583333
2023-12-04 22:00:00,0,32.92,34.73833333
2023-12-04 23:00:00,0,31.34,34.21583333
2023-12-05 00:00:00,0,32.41,38.47666667
2023-12-05 01:00:00,0,30.85,33.53166667
2023-12-05 02:00:00,0,29.64,32.36083333
2023-12-05 03:00:00,0,29.29,31.27833333
2023-12-05 04:00:00,0,30.03,34.18333333
2023-12-05 05:00:00,0,31.63,37.36
2023-12-05 06:00:00,0,40.34,51.5975
2023-12-05 07:00:00,0.0558,44.3,64.74333333
2023-12-05 08:00:00,0.18600000000000003,41.95,47.00916667
2023-12-05 09:00:00,0.3255,40.68,31.79666667
2023-12-05 10:00:00,0.4371,45.58,37.27083333
2023-12-05 11:00:00,0.4557,41.93,39.49583333
2023-12-05 12:00:00,0.3627,40.87,41.98083333
2023-12-05 13:00:00,0.2697,40.9,43.28916667
2023-12-05 14:00:00,0.18600000000000003,42.71,42.18583333
2023-12-05 15:00:00,0.1116,46.06,40.64
2023-12-05 16:00:00,0.018600000000000002,52.17,36.8925
2023-12-05 17:00:00,0,68.82,39.64583333
2023-12-05 18:00:00,0,62.81,38.09333333
2023-12-05 19:00:00,0,51.33,40.02
2023-12-05 20:00:00,0,46.8,42.55916667
2023-12-05 21:00:00,0,42.56,40.005
2023-12-05 22:00:00,0,38.38,35.18833333
2023-12-05 23:00:00,0,37.29,31.57
2023-12-06 00:00:00,0,33.65,32.02833333
2023-12-06 01:00:00,0,32.5,28.67083333
2023-12-06 02:00:00,0,31.99,27.11666667
2023-12-06 03:00:00,0,31.63,25.6625
2023-12-06 04:00:00,0,32.05,26.66
2023-12-06 05:00:00,0,35.34,27.11333333
2023-12-06 06:00:00,0,45.91,31.33666667
2023-12-06 07:00:00,0.0651,54.39,42.22166667
2023-12-06 08:00:00,0.24180000000000001,50.73,40.9125
2023-12-06 09:00:00,0.4092,49.89,30.46666667
2023-12-06 10:00:00,0.5487,54.81,47.09333333
2023-12-06 11:00:00,0.6045,51.21,46.2175
2023-12-06 12:00:00,0.6138,51.21,48.24230769
2023-12-06 13:00:00,0.558,50.31,96.75538462
2023-12-06 14:00:00,0.4557,50.52,79.42166667
2023-12-06 15:00:00,0.279,51.21,46.75833333
2023-12-06 16:00:00,0.0558,63.93,46.33666667
2023-12-06 17:00:00,0,109.14,47.78416667
2023-12-06 18:00:00,0,85.66,47.49583333
2023-12-06 19:00:00,0,64.54,41.54833333
2023-12-06 20:00:00,0,57.08,44.62
2023-12-06 21:00:00,0,51.21,48.91166667
2023-12-06 22:00:00,0,47.13,48.92583333
2023-12-06 23:00:00,0,43.29,38.325
2023-12-07 00:00:00,0,44.52,33.77916667
2023-12-07 01:00:00,0,40.51,31.81333333
2023-12-07 02:00:00,0,38.72,29.86333333
2023-12-07 03:00:00,0,38.55,31.0575
2023-12-07 04:00:00,0,39.2,30.805
2023-12-07 05:00:00,0,46,42.5075
2023-12-07 06:00:00,0,75,40.08166667
2023-12-07 07:00:00,0.0837,97.35,47.29916667
2023-12-07 08:00:00,0.31620000000000004,92.05,45.64583333
2023-12-07 09:00:00,0.5022000000000001,82.61,44.37
2023-12-07 10:00:00,0.6231000000000001,64.92,44.07333333
2023-12-07 11:00:00,0.6789000000000001,61.61,46.08818182
2023-12-07 12:00:00,0.6789000000000001,61.61,43.51083333
2023-12-07 13:00:00,0.6138,61.45,43.73083333
2023-12-07 14:00:00,0.48360000000000003,60.63,43.075
2023-12-07 15:00:00,0.29760000000000003,61.61,44.49166667
2023-12-07 16:00:00,0.0651,68.72,42.26416667
2023-12-07 17:00:00,0,97.09,41.20466667
2023-12-07 18:00:00,0,76.09,42.595
2023-12-07 19:00:00,0,69.69,40.36166667
2023-12-07 20:00:00,0,61.61,40.73916667
2023-12-07 21:00:00,0,58.19,36.84083333
2023-12-07 22:00:00,0,52.06,34.80416667
2023-12-07 23:00:00,0,45.3,30.49166667
2023-12-08 00:00:00,0,37.23,28.83583333
2023-12-08 01:00:00,0,35.45,29.77166667
2023-12-08 02:00:00,0,34.51,32.65
2023-12-08 03:00:00,0,34.24,30.4025
2023-12-08 04:00:00,0,34.54,28.55333333
2023-12-08 05:00:00,0,35.25,32.61
2023-12-08 06:00:00,0,43.61,35.8925
2023-12-08 07:00:00,0.07440000000000001,50.03,33.34083333
2023-12-08 08:00:00,0.279,46.07,30.24583333
2023-12-08 09:00:00,0.4371,43.21,27.39583333
2023-12-08 10:00:00,0.5394,37.58,26.852
2023-12-08 11:00:00,0.5952000000000001,37.04,27.23166667
2023-12-08 12:00:00,0.5859000000000001,35.96,24.9575
2023-12-08 13:00:00,0.5208,35.73,23.37083333
2023-12-08 14:00:00,0.4092,35.77,24.74916667
2023-12-08 15:00:00,0.2604,37.4,29.1125
2023-12-08 16:00:00,0.0558,42.18,31.9325
2023-12-08 17:00:00,0,49.36,39.44444444
2023-12-08 18:00:00,0,42.9,33.16333333
2023-12-08 19:00:00,0,40.32,25.60666667
2023-12-08 20:00:00,0,36.96,24.8275
2023-12-08 21:00:00,0,36.54,27.73333333
2023-12-08 22:00:00,0,34.03,29.28
2023-12-08 23:00:00,0,34.43,27.01333333
2023-12-09 00:00:00,0,28.74,25.84583333
2023-12-09 01:00:00,0,26.59,28.18333333
2023-12-09 02:00:00,0,25.31,24.59083333
2023-12-09 03:00:00,0,24.59,24.90833333
2023-12-09 04:00:00,0,23.98,27.94333333
2023-12-09 05:00:00,0,25.63,30.08333333
2023-12-09 06:00:00,0,27.69,25.8125
2023-12-09 07:00:00,0.0651,30.84,23.49583333
2023-12-09 08:00:00,0.2604,30.93,26.6325
2023-12-09 09:00:00,0.4092,30.67,27.91083333
2023-12-09 10:00:00,0.5115000000000001,28.36,32.86916667
2023-12-09 11:00:00,0.5394,27.42,29.4425
2023-12-09 12:00:00,0.558,28.07,32.4875
2023-12-09 13:00:00,0.5115000000000001,27.07,25.58666667
2023-12-09 14:00:00,0.41850000000000004,26.9,29.3375
2023-12-09 15:00:00,0.25110000000000005,28.35,28.16416667
2023-12-09 16:00:00,0.0558,33.49,30.586875
2023-12-09 17:00:00,0,37.16,27.33166667
2023-12-09 18:00:00,0,34.74,26.26166667
2023-12-09 19:00:00,0,32.96,23.955
2023-12-09 20:00:00,0,29.85,24.3175
2023-12-09 21:00:00,0,28.72,24.17666667
2023-12-09 22:00:00,0,27.1,23.61916667
2023-12-09 23:00:00,0,27.03,19.98833333
2023-12-10 00:00:00,0,24.98,19.9875
2023-12-10 01:00:00,0,24.05,19.59916667
2023-12-10 02:00:00,0,22.7,18.6175
2023-12-10 03:00:00,0,21.57,18.5325
2023-12-10 04:00:00,0,21.31,19.73833333
2023-12-10 05:00:00,0,21.8,20.03166667
2023-12-10 06:00:00,0,22.93,21.635
2023-12-10 07:00:00,0.0651,23.03,20.15333333
2023-12-10 08:00:00,0.25110000000000005,24.88,21.24642857
2023-12-10 09:00:00,0.3906,26.87,22.03583333
2023-12-10 10:00:00,0.48360000000000003,26.82,26.5375
2023-12-10 11:00:00,0.5301,29.62,30.9175
2023-12-10 12:00:00,0.5208,28.71,25.21833333
2023-12-10 13:00:00,0.4278,27.96,30.37583333
2023-12-10 14:00:00,0.3069,28.23,31.83083333
2023-12-10 15:00:00,0.18600000000000003,28.87,39.66333333
2023-12-10 16:00:00,0.037200000000000004,33.59,40.69833333
2023-12-10 17:00:00,0,37.41,38.25
2023-12-10 18:00:00,0,33.69,40.41666667
2023-12-10 19:00:00,0,32.14,34.22916667
2023-12-10 20:00:00,0,30,36.21916667
2023-12-10 21:00:00,0,27.65,35.38416667
2023-12-10 22:00:00,0,26.15,26.18833333
2023-12-10 23:00:00,0,25.77,22.17166667
2023-12-11 00:00:00,0,25.6,22.93166667
2023-12-11 01:00:00,0,24.07,20.75416667
2023-12-11 02:00:00,0,22.77,20.7225
2023-12-11 03:00:00,0,22.87,18.48285714
2023-12-11 04:00:00,0,23.28,19.78666667
2023-12-11 05:00:00,0,26.35,22.79416667
2023-12-11 06:00:00,0,30.84,23.84333333
2023-12-11 07:00:00,0.0651,35.09,25.43916667
2023-12-11 08:00:00,0.2697,34.33,39.96416667
2023-12-11 09:00:00,0.4464,34.18,27.68
2023-12-11 10:00:00,0.5487,32.83,39.80333333
2023-12-11 11:00:00,0.5859000000000001,32.05,34.88666667
2023-12-11 12:00:00,0.558,31.34,39.49166667
2023-12-11 13:00:00,0.48360000000000003,30.87,32.41214286
2023-12-11 14:00:00,0.3813,30.78,31.58083333
2023-12-11 15:00:00,0.2232,32.83,31.8675
2023-12-11 16:00:00,0.04650000000000001,40.41,32.08416667
2023-12-11 17:00:00,0,49.75,38.46416667
2023-12-11 18:00:00,0,44.67,36.66666667
2023-12-11 19:00:00,0,41.87,27.875
2023-12-11 20:00:00,0,34.82,33.42916667
2023-12-11 21:00:00,0,33.16,30.91583333
2023-12-11 22:00:00,0,30.79,24.97083333
2023-12-11 23:00:00,0,29.67,24.3675
2023-12-12 00:00:00,0,29.28,23.07333333
2023-12-12 01:00:00,0,27,21.8325
2023-12-12 02:00:00,0,25.33,19.78916667
2023-12-12 03:00:00,0,24.99,19.31833333
2023-12-12 04:00:00,0,25.09,22.3675
2023-12-12 05:00:00,0,28.14,24.04
2023-12-12 06:00:00,0,36.04,28.2025
2023-12-12 07:00:00,0.07440000000000001,43.91,29.55
2023-12-12 08:00:00,0.279,36.45,28.20916667
2023-12-12 09:00:00,0.4464,32.12,24.23416667
2023-12-12 10:00:00,0.558,31.44,23.815
2023-12-12 11:00:00,0.6231000000000001,30.3,20.27416667
2023-12-12 12:00:00,0.6231000000000001,30.06,21.60333333
2023-12-12 13:00:00,0.5673,29.83,20.03
2023-12-12 14:00:00,0.4464,30.3,22.13583333
2023-12-12 15:00:00,0.279,32.41,24.92166667
2023-12-12 16:00:00,0.0651,39.51,24.16666667
2023-12-12 17:00:00,0,50.62,26.95916667
2023-12-12 18:00:00,0,44.74,25.33083333
2023-12-12 19:00:00,0,38.96,26.6425
2023-12-12 20:00:00,0,36.73,31.49083333
2023-12-12 21:00:00,0,34.11,31.6075
2023-12-12 22:00:00,0,32.01,29.68
2023-12-12 23:00:00,0,31.05,23.84916667
2023-12-13 00:00:00,0,26.56,23.36833333
2023-12-13 01:00:00,0,25.23,23.98333333
2023-12-13 02:00:00,0,24.56,22.77083333
2023-12-13 03:00:00,0,24.47,22.74666667
2023-12-13 04:00:00,0,25.07,23.7925
2023-12-13 05:00:00,0,28.61,28.89666667
2023-12-13 06:00:00,0,36.46,32.35833333
2023-12-13 07:00:00,0.0651,43.62,40.1675
2023-12-13 08:00:00,0.279,37.05,27.13583333
2023-12-13 09:00:00,0.4371,32.17,24.78833333
2023-12-13 10:00:00,0.5394,32.24,29.3225
2023-12-13 11:00:00,0.5859000000000001,31.59,22.65384615
2023-12-13 12:00:00,0.5859000000000001,30.76,25.43083333
2023-12-13 13:00:00,0.5301,31.02,26.325
2023-12-13 14:00:00,0.41850000000000004,33.33,30.28083333
2023-12-13 15:00:00,0.2604,36.13,33.15833333
2023-12-13 16:00:00,0.0558,43.55,31.5025
2023-12-13 17:00:00,0,55.51,36.49916667
2023-12-13 18:00:00,0,50.43,47.28416667
2023-12-13 19:00:00,0,43.08,46.23666667
2023-12-13 20:00:00,0,39.13,41.20833333
2023-12-13 21:00:00,0,36.74,35.72083333
2023-12-13 22:00:00,0,35.05,27.09166667
2023-12-13 23:00:00,0,33.15,25.8175
2023-12-14 00:00:00,0,29.84,26.085
2023-12-14 01:00:00,0,28.97,24.81916667
2023-12-14 02:00:00,0,28.08,23.315
2023-12-14 03:00:00,0,28.08,24.66833333
2023-12-14 04:00:00,0,28.46,26.3875
2023-12-14 05:00:00,0,30.32,32.45642857
2023-12-14 06:00:00,0,39.54,48.41
2023-12-14 07:00:00,0.0651,47.05,52.76666667
2023-12-14 08:00:00,0.24180000000000001,39.95,43.78083333
2023-12-14 09:00:00,0.3906,34.84,32.99166667
2023-12-14 10:00:00,0.48360000000000003,34.32,34.96583333
2023-12-14 11:00:00,0.5394,32.11,31.7475
2023-12-14 12:00:00,0.5394,30.74,29.295
2023-12-14 13:00:00,0.49290000000000006,30.72,30.9625
2023-12-14 14:00:00,0.3906,32.51,33.10916667
2023-12-14 15:00:00,0.24180000000000001,35.89,40.78083333
2023-12-14 16:00:00,0.0558,43.39,34.70416667
2023-12-14 17:00:00,0,60.27,32.90833333
2023-12-14 18:00:00,0,48.25,30.65916667
2023-12-14 19:00:00,0,41.86,37.84916667
2023-12-14 20:00:00,0,39.33,28.9275
2023-12-14 21:00:00,0,36.95,33.86416667
2023-12-14 22:00:00,0,34.13,29.30416667
2023-12-14 23:00:00,0,31.65,24.53076923
2023-12-15 00:00:00,0,26.24,38.02421053
2023-12-15 01:00:00,0,24.71,59.54357143
2023-12-15 02:00:00,0,24.35,26.35583333
2023-12-15 03:00:00,0,24.24,20.68333333
2023-12-15 04:00:00,0,24.24,20.48833333
2023-12-15 05:00:00,0,25.5,22.26222222
2023-12-15 06:00:00,0,32.66,26.36
2023-12-15 07:00:00,0.018600000000000002,38.91,30.675
2023-12-15 08:00:00,0.12090000000000001,33.66,30.86733333
2023-12-15 09:00:00,0.2325,30.11,49.45583333
2023-12-15 10:00:00,0.2604,26.35,25.19916667
2023-12-15 11:00:00,0.2697,25.38,23.51083333
2023-12-15 12:00:00,0.2697,24.82,21.31
2023-12-15 13:00:00,0.24180000000000001,24.6,19.345
2023-12-15 14:00:00,0.2139,25.25,23.97285714
2023-12-15 15:00:00,0.1395,27.3,27.22666667
2023-12-15 16:00:00,0.0279,32.72,29.53428571
2023-12-15 17:00:00,0,40.85,34.97785714
2023-12-15 18:00:00,0,35.72,36.2125
2023-12-15 19:00:00,0,33.25,27.76333333
2023-12-15 20:00:00,0,30.4,30.2975
2023-12-15 21:00:00,0,29.02,28.24416667
2023-12-15 22:00:00,0,27,27.98166667
2023-12-15 23:00:00,0,26.52,27.69333333
2023-12-16 00:00:00,0,25.37,23.0925
2023-12-16 01:00:00,0,24.04,21.6825
2023-12-16 02:00:00,0,22.92,22.31
2023-12-16 03:00:00,0,22.62,21.06416667
2023-12-16 04:00:00,0,23.14,21.48833333
2023-12-16 05:00:00,0,24.63,23.1375
2023-12-16 06:00:00,0,27.9,28.73916667
2023-12-16 07:00:00,0.0279,30.32,33.83333333
2023-12-16 08:00:00,0.1395,29.91,30.01416667
2023-12-16 09:00:00,0.2883,26.72,22.025
2023-12-16 10:00:00,0.39990000000000003,24.79,20.64
2023-12-16 11:00:00,0.47430000000000005,24.46,20.33083333
2023-12-16 12:00:00,0.5301,23.69,19.46
2023-12-16 13:00:00,0.5022000000000001,23.68,20.00083333
2023-12-16 14:00:00,0.39990000000000003,23.7,21.02
2023-12-16 15:00:00,0.25110000000000005,25.29,21.82833333
2023-12-16 16:00:00,0.0558,31.48,25.2025
2023-12-16 17:00:00,0,37.19,32.03416667
2023-12-16 18:00:00,0,33.6,24.67666667
2023-12-16 19:00:00,0,29.67,23.05416667
2023-12-16 20:00:00,0,26.11,22.49833333
2023-12-16 21:00:00,0,25.37,21.44666667
2023-12-16 22:00:00,0,24.88,22.2525
2023-12-16 23:00:00,0,24.14,19.9375
2023-12-17 00:00:00,0,24.53,19.84
2023-12-17 01:00:00,0,22.2,19.03333333
2023-12-17 02:00:00,0,21.4,16.54416667
2023-12-17 03:00:00,0,21.21,12.79083333
2023-12-17 04:00:00,0,21.06,10.81583333
2023-12-17 05:00:00,0,21.21,12.58833333
2023-12-17 06:00:00,0,21.51,16.19166667
2023-12-17 07:00:00,0.018600000000000002,22.19,19.73916667
2023-12-17 08:00:00,0.1023,25.09,20.87
2023-12-17 09:00:00,0.14880000000000002,25.81,21.415
2023-12-17 10:00:00,0.17670000000000002,26.34,25.11916667
2023-12-17 11:00:00,0.18600000000000003,27.22,29.775
2023-12-17 12:00:00,0.17670000000000002,26.82,30.32
2023-12-17 13:00:00,0.1674,27.65,25.70833333
2023-12-17 14:00:00,0.1302,27.41,24.74833333
2023-12-17 15:00:00,0.0837,28.24,25.08166667
2023-12-17 16:00:00,0.018600000000000002,32.7,25.36571429
2023-12-17 17:00:00,0,38.72,26.225
2023-12-17 18:00:00,0,35.86,27.545
2023-12-17 19:00:00,0,32.94,26.72083333
2023-12-17 20:00:00,0,28.64,25.66916667
2023-12-17 21:00:00,0,25.77,28.88666667
2023-12-17 22:00:00,0,24.8,23.18166667
2023-12-17 23:00:00,0,24.87,19.68833333
2023-12-18 00:00:00,0,23.21,18.695
2023-12-18 01:00:00,0,21.21,19.055
2023-12-18 02:00:00,0,20.7,19.58416667
2023-12-18 03:00:00,0,20.61,15.28833333
2023-12-18 04:00:00,0,21.21,14.84666667
2023-12-18 05:00:00,0,23.42,15.71833333
2023-12-18 06:00:00,0,28.1,20.715
2023-12-18 07:00:00,0.018600000000000002,29.53,23.23
2023-12-18 08:00:00,0.07440000000000001,30.84,24.55166667
2023-12-18 09:00:00,0.12090000000000001,31,29.75833333
2023-12-18 10:00:00,0.1395,31.18,31.27666667
2023-12-18 11:00:00,0.1674,31.62,26.77916667
2023-12-18 12:00:00,0.17670000000000002,31.1,23.09333333
2023-12-18 13:00:00,0.1395,30.34,24.88083333
2023-12-18 14:00:00,0.1116,29.42,22.31916667
2023-12-18 15:00:00,0.07440000000000001,30.17,23.8425
2023-12-18 16:00:00,0.009300000000000001,36.14,26.72214286
2023-12-18 17:00:00,0,41.02,26.85083333
2023-12-18 18:00:00,0,36.81,25.03916667
2023-12-18 19:00:00,0,33.46,22.18
2023-12-18 20:00:00,0,30,22.73916667
2023-12-18 21:00:00,0,28.1,22.69916667
2023-12-18 22:00:00,0,26.62,22.17416667
2023-12-18 23:00:00,0,25.59,19.16666667
2023-12-19 00:00:00,0,23.21,19.67666667
2023-12-19 01:00:00,0,21.49,18.30833333
2023-12-19 02:00:00,0,20.66,18.14583333
2023-12-19 03:00:00,0,20.44,17.60833333
2023-12-19 04:00:00,0,21.37,19.46833333
2023-12-19 05:00:00,0,22.94,21.70166667
2023-12-19 06:00:00,0,30.87,24.68083333
2023-12-19 07:00:00,0.018600000000000002,35.19,33.725
2023-12-19 08:00:00,0.07440000000000001,33.88,24.37928571
2023-12-19 09:00:00,0.1116,32.06,20.52666667
2023-12-19 10:00:00,0.1302,32.72,24.8625
2023-12-19 11:00:00,0.14880000000000002,32.72,23.98333333
2023-12-19 12:00:00,0.1395,31.88,24.14
2023-12-19 13:00:00,0.12090000000000001,31.49,26.15333333
2023-12-19 14:00:00,0.1023,32.01,27.26666667
2023-12-19 15:00:00,0.07440000000000001,33.14,26.81416667
2023-12-19 16:00:00,0.009300000000000001,42.24,30.60583333
2023-12-19 17:00:00,0,50.54,36.84083333
2023-12-19 18:00:00,0,45.36,39.505
2023-12-19 19:00:00,0,41.53,34.34416667
2023-12-19 20:00:00,0,33.85,41.64
2023-12-19 21:00:00,0,32.72,45.88666667
2023-12-19 22:00:00,0,32.65,30.00416667
2023-12-19 23:00:00,0,29.35,27.41916667
2023-12-20 00:00:00,0,28.32,27.00583333
2023-12-20 01:00:00,0,26.03,26.5875
2023-12-20 02:00:00,0,25.06,23.45916667
2023-12-20 03:00:00,0,24.89,24.8
2023-12-20 04:00:00,0,25.25,25.47666667
2023-12-20 05:00:00,0,28.39,30.50083333
2023-12-20 06:00:00,0,35.53,37.04083333
2023-12-20 07:00:00,0,42.96,43.72583333
2023-12-20 08:00:00,0.0279,36.28,103.6691667
2023-12-20 09:00:00,0.07440000000000001,31.84,62.18166667
2023-12-20 10:00:00,0.09300000000000001,31.83,66.57416667
2023-12-20 11:00:00,0.1116,29.99,35.13
2023-12-20 12:00:00,0.1116,29.19,32.18916667
2023-12-20 13:00:00,0.09300000000000001,29.19,34.26166667
2023-12-20 14:00:00,0.0837,30.26,37.6225
2023-12-20 15:00:00,0.0558,32.46,35.75083333
2023-12-20 16:00:00,0.009300000000000001,42.47,41.78833333
2023-12-20 17:00:00,0,49.15,44.8225
2023-12-20 18:00:00,0,44.96,43.77
2023-12-20 19:00:00,0,40.3,68.68166667
2023-12-20 20:00:00,0,36.21,35.78583333
2023-12-20 21:00:00,0,35.56,39.41166667
2023-12-20 22:00:00,0,32.2,33.78833333
2023-12-20 23:00:00,0,31.34,33.4725
2023-12-21 00:00:00,0,28.26,33.06166667
2023-12-21 01:00:00,0,26.3,27.81916667
2023-12-21 02:00:00,0,25.93,26.7
2023-12-21 03:00:00,0,25.58,25.2375
2023-12-21 04:00:00,0,26.47,27.96333333
2023-12-21 05:00:00,0,27.85,35.16
2023-12-21 06:00:00,0,35.23,45.42083333
2023-12-21 07:00:00,0.009300000000000001,41.78,39.08916667
2023-12-21 08:00:00,0.04650000000000001,37.46,31.26
2023-12-21 09:00:00,0.07440000000000001,32.34,27.98416667
2023-12-21 10:00:00,0.1023,33.22,31.48857143
2023-12-21 11:00:00,0.1302,32.32,31.95083333
2023-12-21 12:00:00,0.17670000000000002,31.7,29.42833333
2023-12-21 13:00:00,0.1674,32.32,31.22583333
2023-12-21 14:00:00,0.1302,32.68,32.36833333
2023-12-21 15:00:00,0.0837,38.53,39.20166667
2023-12-21 16:00:00,0.018600000000000002,43.43,50.79571429
2023-12-21 17:00:00,0,51.6,44.72833333
2023-12-21 18:00:00,0,45.67,42.38333333
2023-12-21 19:00:00,0,44.29,38.4425
2023-12-21 20:00:00,0,42.26,40.235
2023-12-21 21:00:00,0,40.07,40.76166667
2023-12-21 22:00:00,0,35.45,40.22833333
2023-12-21 23:00:00,0,32.65,41.31583333
2023-12-22 00:00:00,0,40.85,29.175
2023-12-22 01:00:00,0,38.25,28.65583333
2023-12-22 02:00:00,0,36.7,28.74333333
2023-12-22 03:00:00,0,36.53,29.63083333
2023-12-22 04:00:00,0,37.39,29.685
2023-12-22 05:00:00,0,42.2,34.47833333
2023-12-22 06:00:00,0,52.23,33.81666667
2023-12-22 07:00:00,0,60.15,28.8175
2023-12-22 08:00:00,0.037200000000000004,51.08,32.75916667
2023-12-22 09:00:00,0.07440000000000001,46.87,28.67666667
2023-12-22 10:00:00,0.1116,44.99,28.62666667
2023-12-22 11:00:00,0.14880000000000002,39.72,30.84833333
2023-12-22 12:00:00,0.14880000000000002,39.39,28.7075
2023-12-22 13:00:00,0.14880000000000002,39.39,29.70583333
2023-12-22 14:00:00,0.1302,40.01,33.4825
2023-12-22 15:00:00,0.1116,44.73,30.5325
2023-12-22 16:00:00,0.0279,50.06,35.75083333
2023-12-22 17:00:00,0,60.14,40.71583333
2023-12-22 18:00:00,0,55.51,35.08666667
2023-12-22 19:00:00,0,46.87,35.74416667
2023-12-22 20:00:00,0,44.92,28.9975
2023-12-22 21:00:00,0,42.24,27.45583333
2023-12-22 22:00:00,0,39.39,29.125
2023-12-22 23:00:00,0,37.59,30.2575
2023-12-23 00:00:00,0,34.2,32.92583333
2023-12-23 01:00:00,0,32.32,28.68916667
2023-12-23 02:00:00,0,29.42,27.15833333
2023-12-23 03:00:00,0,29.01,27.29416667
2023-12-23 04:00:00,0,28.42,27.51416667
2023-12-23 05:00:00,0,29.54,28.16166667
2023-12-23 06:00:00,0,33.32,32.52375
2023-12-23 07:00:00,0.04650000000000001,36.25,31.46083333
2023-12-23 08:00:00,0.24180000000000001,35.41,38.18583333
2023-12-23 09:00:00,0.4092,34.5,34.90916667
2023-12-23 10:00:00,0.5022000000000001,28.28,31.21583333
2023-12-23 11:00:00,0.5301,28.28,31.92416667
2023-12-23 12:00:00,0.5022000000000001,27.86,29.8375
2023-12-23 13:00:00,0.4278,27.85,31.5675
2023-12-23 14:00:00,0.3441,28,34.91857143
2023-12-23 15:00:00,0.2232,28.39,31.21666667
2023-12-23 16:00:00,0.0558,36.88,33.12416667
2023-12-23 17:00:00,0,39.58,38.77666667
2023-12-23 18:00:00,0,40.49,46.06916667
2023-12-23 19:00:00,0,32.05,37.08666667
2023-12-23 20:00:00,0,29.94,27.30166667
2023-12-23 21:00:00,0,28.28,25.3325
2023-12-23 22:00:00,0,27.64,25.16833333
2023-12-23 23:00:00,0,27.02,25.06666667
2023-12-24 00:00:00,0,25.67,25.91583333
2023-12-24 01:00:00,0,24.81,23.82083333
2023-12-24 02:00:00,0,23.66,21.37416667
2023-12-24 03:00:00,0,22.75,21.81166667
2023-12-24 04:00:00,0,22.67,21.4875
2023-12-24 05:00:00,0,23.41,24.39666667
2023-12-24 06:00:00,0,25.44,24.22833333
2023-12-24 07:00:00,0.0558,25.27,23.8
2023-12-24 08:00:00,0.2604,25.97,27.3725
2023-12-24 09:00:00,0.4371,27.63,33.54083333
2023-12-24 10:00:00,0.5673,27.09,33.22833333
2023-12-24 11:00:00,0.6231000000000001,26.61,28.28083333
2023-12-24 12:00:00,0.6231000000000001,26.17,26.79166667
2023-12-24 13:00:00,0.558,25.88,28.37333333
2023-12-24 14:00:00,0.4464,25.96,32.7675
2023-12-24 15:00:00,0.279,28.41,34.74583333
2023-12-24 16:00:00,0.07440000000000001,32.03,32.82583333
2023-12-24 17:00:00,0,38.67,27.69
2023-12-24 18:00:00,0,38,32.88583333
2023-12-24 19:00:00,0,30.3,25.285
2023-12-24 20:00:00,0,28,34.93166667
2023-12-24 21:00:00,0,26.01,23.15666667
2023-12-24 22:00:00,0,25.25,20.85916667
2023-12-24 23:00:00,0,24.51,20.5225
2023-12-25 00:00:00,0,24.31,21.61166667
2023-12-25 01:00:00,0,22.25,21.56916667
2023-12-25 02:00:00,0,21.21,19.57833333
2023-12-25 03:00:00,0,20.68,19.715
2023-12-25 04:00:00,0,20.46,20.12583333
2023-12-25 05:00:00,0,21.28,19.675
2023-12-25 06:00:00,0,23.16,17.58666667
2023-12-25 07:00:00,0.037200000000000004,23.02,19.30416667
2023-12-25 08:00:00,0.18600000000000003,25.23,18.93916667
2023-12-25 09:00:00,0.3255,24.83,19.88583333
2023-12-25 10:00:00,0.4371,24.71,21.25583333
2023-12-25 11:00:00,0.49290000000000006,24.43,22.975
2023-12-25 12:00:00,0.5115000000000001,23.83,20.31083333
2023-12-25 13:00:00,0.4557,23.73,18.66333333
2023-12-25 14:00:00,0.3441,23.87,18.89916667
2023-12-25 15:00:00,0.1953,25.76,19.27083333
2023-12-25 16:00:00,0.04650000000000001,28.69,19.12333333
2023-12-25 17:00:00,0,32.8,31.96
2023-12-25 18:00:00,0,29.46,27.83916667
2023-12-25 19:00:00,0,26.81,18.0025
2023-12-25 20:00:00,0,25.43,16.92
2023-12-25 21:00:00,0,25.02,17.80916667
2023-12-25 22:00:00,0,22.67,15.96166667
2023-12-25 23:00:00,0,20.89,16.69916667
2023-12-26 00:00:00,0,22.48,17.51416667
2023-12-26 01:00:00,0,20.93,15.69
2023-12-26 02:00:00,0,20.2,10.8325
2023-12-26 03:00:00,0,20.14,12.15
2023-12-26 04:00:00,0,20.2,12.83833333
2023-12-26 05:00:00,0,21.57,13.30416667
2023-12-26 06:00:00,0,24.44,17.80083333
2023-12-26 07:00:00,0.0279,27.39,19.08833333
2023-12-26 08:00:00,0.17670000000000002,28.23,17.08083333
2023-12-26 09:00:00,0.31620000000000004,28.77,18.08
2023-12-26 10:00:00,0.41850000000000004,29.09,23.52
2023-12-26 11:00:00,0.4371,29.52,24.09833333
2023-12-26 12:00:00,0.4464,27.96,31.6125
2023-12-26 13:00:00,0.4092,28.04,27.5175
2023-12-26 14:00:00,0.31620000000000004,27.68,28.75916667
2023-12-26 15:00:00,0.1953,30.41,33.6675
2023-12-26 16:00:00,0.04650000000000001,33.41,25.90916667
2023-12-26 17:00:00,0,41.02,50.96666667
2023-12-26 18:00:00,0,34.31,31.85333333
2023-12-26 19:00:00,0,30.95,41.06166667
2023-12-26 20:00:00,0,28.1,34.04166667
2023-12-26 21:00:00,0,25.81,43.64583333
2023-12-26 22:00:00,0,24.38,23.04083333
2023-12-26 23:00:00,0,22.69,22.41333333
2023-12-27 00:00:00,0,23.2,20.29833333
2023-12-27 01:00:00,0,21.65,20.04416667
2023-12-27 02:00:00,0,20.42,21.12166667
2023-12-27 03:00:00,0,19.19,20.76083333
2023-12-27 04:00:00,0,20.27,20.285
2023-12-27 05:00:00,0,22.06,20.9025
2023-12-27 06:00:00,0,25.8,24.55083333
2023-12-27 07:00:00,0.04650000000000001,27.54,25.88083333
2023-12-27 08:00:00,0.2604,29.7,23.8325
2023-12-27 09:00:00,0.4557,29.92,23.44666667
2023-12-27 10:00:00,0.5766,32.66,24.25
2023-12-27 11:00:00,0.6416999999999999,31.71,28.88416667
2023-12-27 12:00:00,0.6603,31.91,26.76333333
2023-12-27 13:00:00,0.6045,32.02,31.01
2023-12-27 14:00:00,0.48360000000000003,32.06,30.28416667
2023-12-27 15:00:00,0.3069,32.3,48.11
2023-12-27 16:00:00,0.0837,36.39,73.30083333
2023-12-27 17:00:00,0,43.19,35.07
2023-12-27 18:00:00,0,35.91,50.53333333
2023-12-27 19:00:00,0,31.17,53.76833333
2023-12-27 20:00:00,0,29.29,34.88583333
2023-12-27 21:00:00,0,27.6,33.81666667
2023-12-27 22:00:00,0,25.61,25.44833333
2023-12-27 23:00:00,0,23.89,24.9175
2023-12-28 00:00:00,0,22.49,20.63083333
2023-12-28 01:00:00,0,21.12,19.1425
2023-12-28 02:00:00,0,19.86,18.9175
2023-12-28 03:00:00,0,19.49,18.86083333
2023-12-28 04:00:00,0,19.94,18.32166667
2023-12-28 05:00:00,0,21.1,24.61583333
2023-12-28 06:00:00,0,24.51,27.63833333
2023-12-28 07:00:00,0.04650000000000001,25.83,26.90583333
2023-12-28 08:00:00,0.25110000000000005,27.59,28.94916667
2023-12-28 09:00:00,0.4278,28.59,31.22333333
2023-12-28 10:00:00,0.5394,30.96,31.765
2023-12-28 11:00:00,0.5859000000000001,30.66,33.705
2023-12-28 12:00:00,0.5952000000000001,31.24,32.52083333
2023-12-28 13:00:00,0.5301,31.05,26.83416667
2023-12-28 14:00:00,0.4278,30.94,25.3725
2023-12-28 15:00:00,0.279,31.63,26.435
2023-12-28 16:00:00,0.07440000000000001,34.6,29.6325
2023-12-28 17:00:00,0,53.61,80.375
2023-12-28 18:00:00,0,45.18,32.04583333
2023-12-28 19:00:00,0,40.05,28.025
2023-12-28 20:00:00,0,27.71,33.66
2023-12-28 21:00:00,0,25.51,40.10833333
2023-12-28 22:00:00,0,24.06,22.29416667
2023-12-28 23:00:00,0,22.46,19.705
2023-12-29 00:00:00,0,22.16,17.08666667
2023-12-29 01:00:00,0,21.02,15.83583333
2023-12-29 02:00:00,0,20.27,19.32166667
2023-12-29 03:00:00,0,19.76,17.55833333
2023-12-29 04:00:00,0,20.22,19.11333333
2023-12-29 05:00:00,0,21.38,20.5825
2023-12-29 06:00:00,0,24.39,20.82
2023-12-29 07:00:00,0,26.52,24.03833333
2023-12-29 08:00:00,0.04650000000000001,27.65,23.54583333
2023-12-29 09:00:00,0.12090000000000001,29.1,25.0325
2023-12-29 10:00:00,0.2232,29.41,27.50083333
2023-12-29 11:00:00,0.2883,28.76,28.73833333
2023-12-29 12:00:00,0.3069,27.89,27.57333333
2023-12-29 13:00:00,0.2883,27.8,25.2225
2023-12-29 14:00:00,0.2325,27.93,24.03916667
2023-12-29 15:00:00,0.15810000000000002,28.25,24.4575
2023-12-29 16:00:00,0.04650000000000001,31.99,24.965
2023-12-29 17:00:00,0,39.3,27.1225
2023-12-29 18:00:00,0,32.69,30.74916667
2023-12-29 19:00:00,0,30.25,25.9375
2023-12-29 20:00:00,0,27.43,36.04916667
2023-12-29 21:00:00,0,25.53,40.90333333
2023-12-29 22:00:00,0,25.04,24.46083333
2023-12-29 23:00:00,0,23.59,25.84833333
2023-12-30 00:00:00,0,24.33,25.03916667
2023-12-30 01:00:00,0,22.35,24.1
2023-12-30 02:00:00,0,21.62,23.45
2023-12-30 03:00:00,0,21.28,23.54
2023-12-30 04:00:00,0,21.39,23.80833333
2023-12-30 05:00:00,0,21.75,24.41333333
2023-12-30 06:00:00,0,22.77,24.33416667
2023-12-30 07:00:00,0.04650000000000001,24.06,24.98
2023-12-30 08:00:00,0.279,25.42,22.73666667
2023-12-30 09:00:00,0.5022000000000001,26.09,24.57333333
2023-12-30 10:00:00,0.651,26.36,27.545
2023-12-30 11:00:00,0.7254,26.01,26.365
2023-12-30 12:00:00,0.7254,25.56,26.64583333
2023-12-30 13:00:00,0.6696,25.63,25.78916667
2023-12-30 14:00:00,0.5301,25.47,26.21416667
2023-12-30 15:00:00,0.3255,26.17,32.07916667
2023-12-30 16:00:00,0.09300000000000001,30.35,35.20583333
2023-12-30 17:00:00,0,36.15,61.05
2023-12-30 18:00:00,0,33,67.83833333
2023-12-30 19:00:00,0,29.81,90.92166667
2023-12-30 20:00:00,0,28.45,37.61916667
2023-12-30 21:00:00,0,27.17,31.62083333
2023-12-30 22:00:00,0,25.25,34.81833333
2023-12-30 23:00:00,0,23.89,36.885
2023-12-31 00:00:00,0,25.78,28.34916667
2023-12-31 01:00:00,0,24.02,24.8125
2023-12-31 02:00:00,0,22.46,25.175
2023-12-31 03:00:00,0,22.53,26.13916667
2023-12-31 04:00:00,0,22.77,24.53
2023-12-31 05:00:00,0,23,25.10583333
2023-12-31 06:00:00,0,24.52,23.37916667
2023-12-31 07:00:00,0.04650000000000001,25.63,24.6225
2023-12-31 08:00:00,0.2697,25.84,24.48916667
2023-12-31 09:00:00,0.48360000000000003,25.13,25.46583333
2023-12-31 10:00:00,0.6231000000000001,25.12,35.40916667
2023-12-31 11:00:00,0.6882,25.25,43.16916667
2023-12-31 12:00:00,0.6696,25.13,45.375
2023-12-31 13:00:00,0.5952000000000001,25.25,55.37083333
2023-12-31 14:00:00,0.4371,25.25,36.26833333
2023-12-31 15:00:00,0.279,27.13,32.47583333
2023-12-31 16:00:00,0,33.82,36.7025
2023-12-31 17:00:00,0,43.66,39.78666667
2023-12-31 18:00:00,0,36.89,38.65416667
2023-12-31 19:00:00,0,32.57,30.84666667
2023-12-31 20:00:00,0,29.98,37.1875
2023-12-31 21:00:00,0,28.38,38.11416667
2023-12-31 22:00:00,0,25.81,33.75333333
2023-12-31 23:00:00,0,25.89,32.53461538
